Stone No ,Report No,Shape,Carats,Color,Clarity,Cut,Polish,Sym,Fluor,Measurement,Diameter (MM),Depth %,Table %,Lab,Amount$,Location,GIALINK,videoLink,Key To Symbols,BGM
64073,1529989942,ROUND,1.01,F,IF,EX,EX,EX,NONE,6.38-6.41*3.98,,62.3,61,GIA,6052,INDIA,,,,NO
1694832,1232544377,ROUND,0.61,F,IF,EX,EX,EX,NONE,5.45-5.48*3.35,,61.2,59,GIA,1558,INDIA,,,Minor Details of Polish,NO
64074,1533059501,ROUND,1.01,D,VVS1,EX,EX,EX,NONE,6.39-6.42*3.97,,62.1,62,GIA,7240,INDIA,,,"Pinpoint,Feather",NO
64075,2526995801,ROUND,1.01,E,VVS1,EX,EX,EX,NONE,6.39-6.41*3.93,,61.4,61,GIA,6278,INDIA,,,"Pinpoint,Feather",NO
64080,1528989968,ROUND,1.16,G,VVS1,EX,EX,EX,NONE,6.66-6.70*4.19,,62.7,56,GIA,4999,INDIA,,,Pinpoint,NO
64079,1528828067,ROUND,1.01,E,VVS2,EX,EX,EX,NONE,6.38-6.40*4.02,,62.9,57,GIA,5176,INDIA,,,Pinpoint,NO
64072,2528938447,ROUND,1.01,F,VVS2,EX,EX,EX,NONE,6.36-6.41*4.01,,62.9,59,GIA,9050,INDIA,,,"Cloud,Pinpoint",NO
56459,5234087082,ROUND,1.53,K,VVS2,EX,EX,EX,NONE,7.36-7.38*4.60,,62.4,56,GIA,4282,INDIA,,,Pinpoint,NO
56458,6234087080,ROUND,1.51,M,VVS2,EX,EX,EX,STG,7.30-7.35*4.58,,62.5,56,GIA,2770,INDIA,,,"Needle, Pinpoint",NO
251883892,2518883892.00,ROUND,5.01,F,VS1,EX,EX,EX,STG,10.78-10.88*6.79,,62.7,61,GIA,109082,INDIA,,,"Crystal,Cloud,Needle,Feather,Indented Natural",NO
64078,6525938578,ROUND,1.14,G,VS1,EX,EX,EX,NONE,6.64-6.66*4.17,,62.7,57,GIA,3993,INDIA,,,"Crystal,Pinpoint,Needle",NO
64077,1525938579,ROUND,1.01,G,VS1,EX,EX,EX,NONE,6.49-6.50*3.90,,60.1,61,GIA,3471,INDIA,,,"Crystal,Cloud,Needle",NO
54264,2223722275,ROUND,1.28,K,VS1,EX,EX,EX,NONE,6.91-6.94*4.35,,62.8,55,GIA,2370,INDIA,,,"Cloud, Crystal",NO
56448,6237087100,ROUND,1.04,N,VS1,EX,EX,EX,FAINT,6.47-6.49*4,,61.7,59,GIA,1313,INDIA,,,"Crystal, Cloud, Needle",NO
64076,1529857445,ROUND,1.14,E,VS2,EX,EX,EX,NONE,6.71-6.74*4.11,,61.1,57,GIA,4196,INDIA,,,"Twinning Wisp,Crystal",NO
62930,6233733054,ROUND,2.20,F,VS2,EX,EX,EX,NONE,8.41-8.43*5.11,,60.7,59,GIA,24763,INDIA,,,"Crystal,Needle",NO
64117,2544334905,ROUND,2.01,F,VS2,EX,EX,EX,NONE,7.98-8.05*5.05,,63,57,GIA,19248,INDIA,,,"Crystal,Cloud,Indented Natural,Natural",NO
16611370,7508995910,ROUND,1.55,I,VS2,EX,EX,EX,NONE,7.37-7.43*0,,61.8,60,GIA,5250,INDIA,,,"Cloud, Crystal, Feather, Needle",NO
7483636,6511367814,ROUND,7.07,G,VS2,EX,EX,EX,MED,12.16-12.24*7.58,,62.1,57,GIA,168899,INDIA,,,"Crystal, Pinpoint",NO
7916066,7538691430,ROUND,5.00,J,VVS1,EX,EX,EX,MED,10.83-10.92*6.75,,62,60,GIA,60424,HONG KONG,,,"PINPOINT, FEATHER",NO
7505137,5232537981,ROUND,5.00,I,VVS2,EX,EX,EX,FAINT,10.82-10.88*6.73,,62,59,GIA,85554,HONG KONG,,,PINPOINT,NO
7480310,7486869694,ROUND,5.46,D,VS1,EX,EX,EX,NONE,11.28-11.34*6.85,,60.6,58,GIA,208865,INDIA,,,"Crystal, Pinpoint",NO
1830534,7541067706,ROUND,5.01,G,VS2,EX,EX,EX,NONE,10.78-10.86*6.88,,63.6,56,GIA,122457,INDIA,,,"FEATHER, CRYSTAL, NEEDLE, KNOT, PINPOINT, NATURAL",NO
7288356,6545095873,ROUND,5.39,M,VS2,EX,EX,EX,NONE,11.12-11.21*6.98,,62.5,59,GIA,39118,HONG KONG,,,"CLOUD, CRYSTAL, FEATHER",NO
1179354,1236590886,ROUND,4.14,D,VVS1,EX,EX,EX,VST,10.18-10.27*6.37,,62.3,60,GIA,88227,INDIA,,,,NO
1684264,1236482805,ROUND,4.01,E,VVS2,EX,EX,EX,NONE,10.16-10.23*6.22,,61.1,61,GIA,113178,INDIA,,,"Pinpoint, Feather, Cloud",NO
7262300,1537626883,ROUND,4.01,I,VS2,EX,EX,EX,NONE,10.18-10.27*6.19,,60.5,59,GIA,53288,INDIA,,,"CLOUD, FEATHER, CRYSTAL, NEEDLE",NO
7070531,6531626894,ROUND,4.07,L,VS2,EX,EX,EX,NONE,10.05-10.13*6.33,,62.7,58,GIA,25949,HONG KONG,,,"CRYSTAL, FEATHER, NEEDLE",NO
1758740,2524096649,ROUND,3.52,D,IF,EX,EX,EX,VST,9.63-9.7*5.95,,61.6,59,GIA,69386,INDIA,,,,NO
1301886,6525092635,ROUND,3.01,D,VVS1,EX,EX,EX,VST,9.12-9.2*5.67,,61.9,60,GIA,45747,INDIA,,,"Pinpoint, Feather",NO
1493243,2235840280,ROUND,3.00,I,VVS1,EX,EX,EX,NONE,9.08-9.16*5.73,,62.9,57,GIA,37884,INDIA,,,"PINPOINT, FEATHER, NATURAL",NO
2126535,2235799491,ROUND,3.01,G,VVS2,EX,EX,EX,NONE,9.39-9.44*5.61,,59.6,59,GIA,53332,INDIA,,,"CLOUD, FEATHER, PINPOINT",NO
1877519,1232852687,ROUND,3.05,J,VVS2,EX,EX,EX,NONE,9.16-9.23*5.74,,62.5,58,GIA,28182,INDIA,,,"CLOUD, PINPOINT",NO
1251959,6522470439,ROUND,3.70,D,VS1,EX,EX,EX,VST,9.73-9.81*6.14,,62.8,58,GIA,55115,INDIA,,,"CRYSTAL, NEEDLE",NO
7537728,1543096113,ROUND,3.24,D,VS1,EX,EX,EX,STG,9.4-9.44*5.89,,62.5,58,GIA,40008,HONG KONG,,,"CRYSTAL, CLOUD, FEATHER, NEEDLE, PINPOINT",NO
1920393,5231827775,ROUND,3.03,H,VS1,EX,EX,EX,NONE,9.35-9.4*5.69,,60.7,58,GIA,38959,INDIA,,,"CRYSTAL, NEEDLE, PINPOINT",NO
7715722,2544096100,ROUND,3.25,I,VS1,EX,EX,EX,NONE,9.52-9.6*5.78,,60.4,59,GIA,35354,HONG KONG,,,"CRYSTAL, NEEDLE, FEATHER",NO
7461547,6541025191,ROUND,3.50,K,VS1,EX,EX,EX,NONE,9.68-9.76*6,,61.8,60,GIA,27989,HONG KONG,,,"FEATHER, PINPOINT",NO
6221,2526705388,ROUND,3.22,E,VS2,EX,EX,EX,NONE,9.36-9.4*5.87,,62.6,57,GIA,53519,HONG KONG,,,"CRYSTAL, FEATHER, NEEDLE",NO
1100189,5232768646,ROUND,2.35,D,FL,EX,EX,EX,NONE,8.45-8.52*5.24,,61.7,58,GIA,54719,INDIA,,,,NO
1488893,2235742510,ROUND,2.52,E,FL,EX,EX,EX,NONE,8.65-8.71*5.35,,61.7,58,GIA,49914,INDIA,,,,NO
1586623,5232831860,ROUND,2.02,E,IF,EX,EX,EX,NONE,8.02-8.09*4.98,,61.8,58,GIA,33902,INDIA,,,,NO
7015926,1232543675,ROUND,2.60,F,IF,EX,EX,EX,NONE,8.73-8.79*5.41,,61.7,59,GIA,46552,HONG KONG,,,,NO
1522175,1539549190,ROUND,2.50,M,IF,EX,EX,EX,FAINT,8.58-8.66*5.39,,62.5,59,GIA,9615,INDIA,,,,NO
7590954,6461958470,ROUND,2.00,M,IF,EX,EX,EX,NONE,7.91-7.98*5.07,,63.8,56,GIA,5407,HONG KONG,,,,NO
1898746,5232533292,ROUND,2.50,D,VVS1,EX,EX,EX,VST,8.53-8.6*5.42,,63.3,58,GIA,24640,INDIA,,,"Pinpoint, Cloud",NO
1660770,5232827818,ROUND,2.30,D,VVS1,EX,EX,EX,FAINT,8.42-8.45*5.19,,61.5,59,GIA,36128,INDIA,,,PINPOINT,NO
1704459,5231823670,ROUND,2.01,D,VVS1,EX,EX,EX,NONE,8.02-8.08*4.99,,62,56,GIA,36216,INDIA,,,"NEEDLE, CLOUD, FEATHER",NO
1179444,2235833882,ROUND,2.07,E,VVS1,EX,EX,EX,MED,8.11-8.16*5.02,,61.8,57,GIA,26128,INDIA,,,PINPOINT,NO
7491408,6541277680,ROUND,2.20,F,VVS1,EX,EX,EX,NONE,8.25-8.3*5.12,,61.9,59,GIA,32254,HONG KONG,,,"CLOUD, PINPOINT",NO
1164684,1548164091,ROUND,2.10,F,VVS1,EX,EX,EX,NONE,8.11-8.18*5.04,,61.8,59,GIA,29753,INDIA,,,"CLOUD, FEATHER",NO
7887101,2544268402,ROUND,2.40,L,VVS1,EX,EX,EX,FAINT,8.44-8.51*5.31,,62.7,58,GIA,9447,INDIA,,,"CLOUD, PINPOINT, FEATHER",NO
1163146,2544264422,ROUND,2.17,L,VVS1,EX,EX,EX,FAINT,8.15-8.22*5.15,,63,58,GIA,7506,INDIA,,,"PINPOINT, FEATHER",NO
1580194,5533835269,ROUND,2.61,Q-R,VVS1,EX,EX,EX,STG,8.76-8.81*5.44,,61.9,59,GIA,6138,INDIA,,,PINPOINT,NO
1885320,3535628865,ROUND,2.70,D,VVS2,EX,EX,EX,VST,8.95-9*5.41,,60.3,60,GIA,27182,INDIA,,,PINPOINT,NO
1971194,2231844447,ROUND,2.01,E,VVS2,EX,EX,EX,NONE,7.97-8.04*4.95,,61.9,59,GIA,26947,INDIA,,,"FEATHER, PINPOINT",NO
1464492,2233832249,ROUND,2.00,E,VVS2,EX,EX,EX,NONE,8.01-8.06*4.98,,62,61,GIA,26342,INDIA,,,FEATHER,NO
1284999,5232833883,ROUND,2.41,G,VVS2,EX,EX,EX,NONE,8.56-8.62*5.22,,60.8,59,GIA,28726,INDIA,,,"NEEDLE, PINPOINT, CLOUD",NO
7583848,7532267290,ROUND,2.20,G,VVS2,EX,EX,EX,NONE,8.25-8.31*5.13,,62,57,GIA,23784,HONG KONG,,,"FEATHER, PINPOINT",NO
1555103,5231852601,ROUND,2.00,H,VVS2,EX,EX,EX,NONE,8.01-8.08*4.98,,61.9,59,GIA,16934,INDIA,,,FEATHER,NO
1826400,6535372939,ROUND,2.50,K,VVS2,EX,EX,EX,VST,8.61-8.68*5.39,,62.4,56,GIA,10268,INDIA,,,FEATHER,NO
7677302,2547165237,ROUND,2.14,K,VVS2,EX,EX,EX,FAINT,8.11-8.18*5.12,,62.8,57,GIA,8561,INDIA,,,PINPOINT,NO
7170300,6541024984,ROUND,2.06,L,VVS2,EX,EX,EX,NONE,8.03-8.09*5.04,,62.5,57,GIA,7385,HONG KONG,,,"FEATHER, CLOUD, PINPOINT",NO
1231245,5523117310,ROUND,2.80,D,VS1,EX,EX,EX,VST,8.87-8.95*5.67,,63.6,57,GIA,26680,INDIA,,,"Crystal, Pinpoint",NO
1140680,1232799457,ROUND,2.50,D,VS1,EX,EX,EX,MED,8.53-8.6*5.46,,63.7,56,GIA,28126,INDIA,,,"CRYSTAL, FEATHER, NEEDLE, PINPOINT, INDENTED NATURAL, NATURAL",NO
1803973,1232823428,ROUND,2.06,D,VS1,EX,EX,EX,NONE,8.06-8.12*5.01,,61.9,59,GIA,27196,INDIA,,,"CRYSTAL, CLOUD, NEEDLE",NO
1401728,5231804006,ROUND,2.50,E,VS1,EX,EX,EX,STG,8.53-8.61*5.43,,63.4,55,GIA,23940,INDIA,,,"CRYSTAL, NEEDLE, INDENTED NATURAL",NO
2126538,7531526811,ROUND,2.20,E,VS1,EX,EX,EX,NONE,8.31-8.35*5.11,,61.4,58,GIA,27621,INDIA,,,"CRYSTAL, FEATHER, CLOUD, PINPOINT",NO
7247787,6545277715,ROUND,2.03,E,VS1,EX,EX,EX,FAINT,8.04-8.09*4.99,,61.9,58,GIA,21815,HONG KONG,,,"CRYSTAL, FEATHER, PINPOINT, NEEDLE",NO
7006709,6541236755,ROUND,2.00,F,VS1,EX,EX,EX,NONE,7.93-8*5.06,,63.5,56,GIA,22148,HONG KONG,,,"FEATHER, NEEDLE, PINPOINT, NATURAL",NO
1208140,6233828941,ROUND,2.00,F,VS1,EX,EX,EX,NONE,7.95-8.01*5.02,,62.9,56,GIA,21952,INDIA,,,"CRYSTAL, FEATHER, NEEDLE, PINPOINT",NO
7302737,5231538537,ROUND,2.53,H,VS1,EX,EX,EX,NONE,8.60-8.65*5.42,,62.8,58,GIA,26211,INDIA,,,"Crystal, Feather, Needle",NO
1229946,5231720432,ROUND,2.50,H,VS1,EX,EX,EX,NONE,8.68-8.75*5.39,,61.8,59,GIA,25900,INDIA,,,"CRYSTAL, CLOUD, PINPOINT",NO
1320883,2233832237,ROUND,2.03,H,VS1,EX,EX,EX,NONE,8.03-8.08*4.98,,61.9,58,GIA,15489,INDIA,,,"NEEDLE, PINPOINT",NO
1961378,2235840301,ROUND,2.80,J,VS1,EX,EX,EX,NONE,8.89-8.95*5.58,,62.6,58,GIA,22128,INDIA,,,"FEATHER, NEEDLE, PINPOINT",NO
1876559,5543137874,ROUND,2.02,D,VS2,EX,EX,EX,VST,7.99-8.04*5.02,,62.6,57,GIA,12669,INDIA,,,"FEATHER, CLOUD, PINPOINT",NO
1690972,6542138616,ROUND,2.21,F,VS2,EX,EX,EX,MED,8.24-8.31*5.13,,62,59,GIA,19121,INDIA,,,"CRYSTAL, FEATHER, CLOUD",NO
1691296,1545159838,ROUND,2.15,F,VS2,EX,EX,EX,NONE,8.19-8.24*5.09,,61.9,58,GIA,20227,INDIA,,,"CLOUD, CRYSTAL, FEATHER, NEEDLE",NO
1253231,6237840309,ROUND,2.01,H,VS2,EX,EX,EX,NONE,8.12-8.19*4.88,,59.8,59,GIA,14757,INDIA,,,"CLOUD, CRYSTAL, FEATHER, NEEDLE",NO
1384172,6545431893,ROUND,2.80,I,VS2,EX,EX,EX,NONE,8.96-9.02*5.54,,61.7,59,GIA,24353,INDIA,,,"CLOUD, CRYSTAL, FEATHER, NEEDLE",NO
1422577,1232827888,ROUND,2.70,I,VS2,EX,EX,EX,NONE,8.91-8.96*5.49,,61.4,60,GIA,23061,INDIA,,,"CLOUD, CRYSTAL, NEEDLE",NO
3044297,7533765228,ROUND,2.06,I,VS2,EX,EX,EX,NONE,8.01-8.08*5.05,,62.8,58,GIA,12230,HONG KONG,,,"CRYSTAL, CLOUD, NEEDLE",NO
1267120,6237832417,ROUND,2.00,J,VS2,EX,EX,EX,NONE,7.96-8.02*5.02,,62.9,58,GIA,8938,INDIA,,,"CLOUD, CRYSTAL, FEATHER, NEEDLE",NO
7992089,1513904382,ROUND,2.37,K_FB,VS2,EX,EX,EX,FAINT,8.42-8.48*5.28,,62.5,58,GIA,6438,HONG KONG,,,"Cloud, Crystal, Needle",NO
7859973,6522849376,ROUND,2.10,M,VS2,EX,EX,EX,NONE,8.05-8.13*5.08,,62.8,58,GIA,4798,HONG KONG,,,"CLOUD, CRYSTAL, NEEDLE",NO
1369193,1429460440,ROUND,2.01,Q-R,VS2,EX,EX,EX,NONE,8.00-8.07*5.03,,62.6,60,GIA,3782,INDIA,,,"Crystal, Cloud, Needle, Knot",NO
1882245,1539482548,ROUND,1.70,D,IF,EX,EX,EX,VST,7.52-7.58*4.73,,62.7,58,GIA,13395,INDIA,,,,NO
3943718,7532870548,ROUND,1.70,I,IF,EX,EX,EX,NONE,7.54-7.59*4.78,,63.2,55,GIA,9111,HONG KONG,,,,NO
1475198,5231832244,ROUND,1.70,J,IF,EX,EX,EX,FAINT,7.56-7.62*4.76,,62.7,60,GIA,7186,INDIA,,,,NO
1646582,2544382183,ROUND,1.85,D,VVS1,EX,EX,EX,NONE,7.79-7.85*4.83,,61.7,59,GIA,25573,INDIA,,,"CLOUD, FEATHER",NO
1684861,5231827835,ROUND,1.70,D,VVS1,EX,EX,EX,NONE,7.61-7.68*4.69,,61.4,61,GIA,20295,INDIA,,,PINPOINT,NO
1649976,5232799512,ROUND,1.70,D,VVS1,EX,EX,EX,VST,7.55-7.61*4.69,,61.8,60,GIA,12818,INDIA,,,"PINPOINT, FEATHER",NO
1741449,7533131081,ROUND,1.82,E,VVS1,EX,EX,EX,FAINT,7.73-7.79*4.8,,61.9,59,GIA,17456,INDIA,,,PINPOINT,NO
7938223,6532467117,ROUND,1.70,E,VVS1,EX,EX,EX,NONE,7.54-7.59*4.72,,62.4,59,GIA,18117,HONG KONG,,,FEATHER,NO
1500512,2235818798,ROUND,1.80,F,VVS1,EX,EX,EX,NONE,7.66-7.73*4.9,,63.6,57,GIA,19432,INDIA,,,"CLOUD, PINPOINT, FEATHER",NO
7583496,2527849082,ROUND,1.95,G,VVS1,EX,EX,EX,NONE,7.88-7.95*4.97,,62.8,56,GIA,20281,HONG KONG,,,"PINPOINT, FEATHER",NO
1607299,2544156185,ROUND,1.93,G,VVS1,EX,EX,EX,MED,7.85-7.91*4.94,,62.7,58,GIA,16342,INDIA,,,PINPOINT,NO
1708012,6233818650,ROUND,1.80,J,VVS1,EX,EX,EX,MED,7.66-7.72*4.83,,62.8,58,GIA,7429,INDIA,,,"PINPOINT, FEATHER",NO
3902505,1499095115,ROUND,1.72,J,VVS1,EX,EX,EX,NONE,7.57-7.63*4.77,,62.8,56,GIA,5744,HONG KONG,,,"Cloud, Feather",NO
3679430,2534543987,ROUND,1.90,K,VVS1,EX,EX,EX,NONE,7.81-7.87*4.96,,63.2,55,GIA,8282,HONG KONG,,,"PINPOINT, FEATHER",NO
1828979,2235745892,ROUND,1.90,D,VVS2,EX,EX,EX,MED,7.84-7.9*4.92,,62.6,58,GIA,16222,INDIA,,,"PINPOINT, NEEDLE, FEATHER, ETCH CHANNEL",NO
1178875,2548382272,ROUND,1.80,D,VVS2,EX,EX,EX,NONE,7.66-7.73*4.8,,62.4,58,GIA,20335,INDIA,,,"NEEDLE, PINPOINT, FEATHER",NO
1575358,2235653455,ROUND,1.70,D,VVS2,EX,EX,EX,VST,7.59-7.63*4.71,,61.8,59,GIA,10263,INDIA,,,"PINPOINT, NEEDLE",NO
1108849,2231832097,ROUND,1.70,D,VVS2,EX,EX,EX,NONE,7.5-7.56*4.78,,63.5,57,GIA,15980,INDIA,,,"CLOUD, NEEDLE, PINPOINT",NO
7375093,3545317615,ROUND,1.70,D,VVS2,EX,EX,EX,NONE,7.54-7.59*4.73,,62.5,58,GIA,16860,HONG KONG,,,"PINPOINT, FEATHER, CLOUD",NO
1569400,5231803957,ROUND,1.90,E,VVS2,EX,EX,EX,STG,7.8-7.86*4.97,,63.5,56,GIA,14150,INDIA,,,"FEATHER, INDENTED NATURAL, NATURAL",NO
1245503,6521421278,ROUND,1.70,E,VVS2,EX,EX,EX,VST,7.54-7.6*4.74,,62.7,56,GIA,9053,INDIA,,,PINPOINT,NO
1679268,1236832021,ROUND,1.70,E,VVS2,EX,EX,EX,NONE,7.61-7.67*4.72,,61.9,60,GIA,15383,INDIA,,,"PINPOINT, CLOUD",NO
7407338,1547030647,ROUND,1.71,G,VVS2,EX,EX,EX,NONE,7.57-7.61*4.73,,62.3,58,GIA,12390,HONG KONG,,,"NEEDLE, CLOUD",NO
3019924,2548318079,ROUND,1.74,H,VVS2,EX,EX,EX,NONE,7.61-7.68*4.79,,62.6,57,GIA,10020,HONG KONG,,,"NEEDLE, PINPOINT, FEATHER, CLOUD",NO
1615230,2231818666,ROUND,1.70,H,VVS2,EX,EX,EX,NONE,7.55-7.61*4.69,,61.9,60,GIA,9616,INDIA,,,"CLOUD, PINPOINT",NO
1812088,6237832239,ROUND,1.70,I,VVS2,EX,EX,EX,NONE,7.51-7.58*4.73,,62.7,59,GIA,8131,INDIA,,,"PINPOINT, FEATHER",NO
1744310,6541435368,ROUND,1.80,J,VVS2,EX,EX,EX,MED,7.65-7.72*4.87,,63.4,55,GIA,6825,INDIA,,,"PINPOINT, FEATHER, INDENTED NATURAL, NATURAL",NO
1270855,6505175629,ROUND,1.70,O-P,VVS2,EX,EX,EX,FAINT,7.53-7.59*4.73,,62.6,58,GIA,2822,INDIA,,,"Cloud, Needle",NO
1916902,5232829021,ROUND,1.80,D,VS1,EX,EX,EX,NONE,7.66-7.72*4.83,,62.7,58,GIA,18370,INDIA,,,"CRYSTAL, FEATHER, CLOUD, PINPOINT",NO
1642507,6237833952,ROUND,1.80,D,VS1,EX,EX,EX,FAINT,7.75-7.81*4.79,,61.6,59,GIA,16479,INDIA,,,"FEATHER, NEEDLE, PINPOINT",NO
1521613,5533383451,ROUND,1.74,D,VS1,EX,EX,EX,VST,7.66-7.71*4.74,,61.7,58,GIA,10184,INDIA,,,"CRYSTAL, PINPOINT, NEEDLE",NO
1541622,7548158326,ROUND,1.72,E,VS1,EX,EX,EX,STG,7.58-7.63*4.75,,62.4,59,GIA,9753,INDIA,,,"CRYSTAL, NEEDLE",NO
1110265,5231823694,ROUND,1.71,E,VS1,EX,EX,EX,NONE,7.61-7.66*4.72,,61.9,58,GIA,13669,INDIA,,,"CRYSTAL, NEEDLE",NO
1430893,1232746052,ROUND,1.71,F,VS1,EX,EX,EX,NONE,7.57-7.63*4.71,,61.9,59,GIA,12663,INDIA,,,"CRYSTAL, CLOUD, PINPOINT",NO
1328576,6532748916,ROUND,1.70,F,VS1,EX,EX,EX,NONE,7.53-7.59*4.78,,63.3,57,GIA,12047,INDIA,,,"CLOUD, CRYSTAL, NEEDLE",NO
7606642,6531770852,ROUND,1.80,G,VS1,EX,EX,EX,FAINT,7.66-7.72*4.87,,63.3,55,GIA,12075,HONG KONG,,,"FEATHER, CLOUD, NEEDLE",NO
7940217,1543159295,ROUND,1.80,G,VS1,EX,EX,EX,NONE,7.68-7.72*4.83,,62.8,59,GIA,13672,HONG KONG,,,"CLOUD, PINPOINT, NEEDLE",NO
7725462,2534183781,ROUND,1.73,G,VS1,EX,EX,EX,NONE,7.77-7.82*4.66,,59.8,59,GIA,11509,HONG KONG,,,"CRYSTAL, FEATHER, CLOUD",NO
1302960,2235811215,ROUND,1.71,G,VS1,EX,EX,EX,NONE,7.53-7.6*4.75,,62.7,57,GIA,11471,INDIA,,,"CLOUD, FEATHER, NEEDLE",NO
1716194,6542156214,ROUND,1.71,G,VS1,EX,EX,EX,NONE,7.54-7.6*4.75,,62.7,59,GIA,11187,INDIA,,,"CRYSTAL, FEATHER, NEEDLE, PINPOINT",NO
7049470,6541235279,ROUND,1.90,H,VS1,EX,EX,EX,NONE,7.79-7.85*4.91,,62.8,59,GIA,13014,HONG KONG,,,"FEATHER, CLOUD, NEEDLE",NO
1904665,6542435489,ROUND,1.70,H,VS1,EX,EX,EX,STG,7.51-7.57*4.79,,63.6,56,GIA,7017,INDIA,,,"CRYSTAL, CLOUD, PINPOINT, INDENTED NATURAL",NO
1326675,2546034145,ROUND,1.92,I,VS1,EX,EX,EX,FAINT,7.83-7.89*4.93,,62.7,58,GIA,9724,INDIA,,,"CRYSTAL, CLOUD, NEEDLE",NO
1772702,2235832018,ROUND,1.90,I,VS1,EX,EX,EX,NONE,7.8-7.86*4.91,,62.7,59,GIA,11215,INDIA,,,"FEATHER, PINPOINT",NO
7883482,6545317783,ROUND,1.90,J,VS1,EX,EX,EX,NONE,7.79-7.85*4.91,,62.8,58,GIA,9037,HONG KONG,,,"CRYSTAL, FEATHER, NEEDLE, PINPOINT",NO
1825752,5231834243,ROUND,1.81,J,VS1,EX,EX,EX,FAINT,7.68-7.74*4.85,,62.8,59,GIA,6933,INDIA,,,"CLOUD, CRYSTAL, FEATHER, NEEDLE",NO
7587726,6541235287,ROUND,1.80,J,VS1,EX,EX,EX,NONE,7.69-7.74*4.8,,62.2,57,GIA,7642,HONG KONG,,,"FEATHER, PINPOINT",NO
7751178,6535771239,ROUND,1.72,J,VS1,EX,EX,EX,NONE,7.55-7.6*4.76,,62.9,58,GIA,5875,HONG KONG,,,"CRYSTAL, CLOUD, PINPOINT",NO
1363968,6535549887,ROUND,1.70,J,VS1,EX,EX,EX,NONE,7.6-7.66*4.65,,61,59,GIA,5752,INDIA,,,"CLOUD, FEATHER, NEEDLE",NO
1964909,2233840259,ROUND,1.70,J,VS1,EX,EX,EX,NONE,7.55-7.59*4.74,,62.6,59,GIA,5969,INDIA,,,"CLOUD, FEATHER, NEEDLE, PINPOINT",NO
7463025,6541235297,ROUND,1.74,K,VS1,EX,EX,EX,NONE,7.59-7.64*4.78,,62.7,58,GIA,5038,HONG KONG,,,"CRYSTAL, FEATHER, NEEDLE",NO
7829003,2231543685,ROUND,1.71,M,VS1,EX,EX,EX,NONE,7.59-7.64*4.76,,62.5,59,GIA,3861,HONG KONG,,,"CLOUD, NEEDLE",NO
1948691,2546382284,ROUND,1.71,D,VS2+,EX,EX,EX,FAINT,7.59-7.64*4.72,,61.9,58,GIA,12296,INDIA,,,"CLOUD, FEATHER, NEEDLE, PINPOINT",NO
1308075,7542298140,ROUND,1.70,D,VS2,EX,EX,EX,VST,7.55-7.59*4.75,,62.7,56,GIA,8682,INDIA,,,CRYSTAL,NO
1505517,5231804518,ROUND,1.70,D,VS2,EX,EX,EX,NONE,7.52-7.58*4.74,,62.8,59,GIA,12909,INDIA,,,"CRYSTAL, CLOUD",NO
1117174,5231832105,ROUND,1.80,E,VS2,EX,EX,EX,NONE,7.71-7.78*4.79,,61.9,60,GIA,14525,INDIA,,,"CRYSTAL, FEATHER, NEEDLE",NO
1927844,2536897632,ROUND,1.80,F,VS2,EX,EX,EX,STG,7.67-7.73*4.85,,63,56,GIA,10175,INDIA,,,"CRYSTAL, CLOUD, FEATHER, NEEDLE, INDENTED NATURAL, NATURAL",NO
1976844,2235840220,ROUND,1.79,G,VS2,EX,EX,EX,FAINT,7.69-7.74*4.83,,62.6,57,GIA,10349,INDIA,,,"CLOUD, FEATHER, NEEDLE, INDENTED NATURAL, NATURAL",NO
1413758,7541435406,ROUND,1.77,K,VS2,EX,EX,EX,NONE,7.65-7.7*4.79,,62.4,58,GIA,4841,INDIA,,,"CRYSTAL, FEATHER, CLOUD, NEEDLE",NO
7618122,3535930982,ROUND,1.56,D,IF,EX,EX,EX,NONE,7.52-7.55*4.53,,60.2,58,GIA,19630,HONG KONG,,,,NO
1328845,5232597495,ROUND,1.53,F,IF,EX,EX,EX,VST,7.25-7.31*4.57,,62.7,58,GIA,8712,INDIA,,,,NO
7208681,1535323513,ROUND,1.53,G,IF,EX,EX,EX,NONE,7.3-7.34*4.53,,61.9,58,GIA,11652,HONG KONG,,,,NO
7618558,1548034104,ROUND,1.60,H,IF,EX,EX,EX,NONE,7.41-7.45*4.67,,62.8,55,GIA,9193,HONG KONG,,,,NO
1277373,2235818737,ROUND,1.50,H,IF,EX,EX,EX,NONE,7.22-7.28*4.55,,62.7,59,GIA,8437,INDIA,,,,NO
1203484,2235828997,ROUND,1.60,I,IF,EX,EX,EX,NONE,7.38-7.43*4.64,,62.7,58,GIA,7639,INDIA,,,,NO
7933688,3545033994,ROUND,1.59,J,IF,EX,EX,EX,NONE,7.4-7.46*4.62,,62.2,57,GIA,6128,HONG KONG,,,,NO
1272353,2536482561,ROUND,1.56,J,IF,EX,EX,EX,FAINT,7.34-7.4*4.61,,62.5,57,GIA,5301,INDIA,,,,NO
7880589,2231818883,ROUND,1.61,K,IF,EX,EX,EX,NONE,7.42-7.48*4.69,,62.9,54,GIA,5226,INDIA,,,,NO
1520115,5231739333,ROUND,1.50,M,IF,EX,EX,EX,MED,7.24-7.29*4.57,,62.8,60,GIA,2705,INDIA,,,,NO
1562116,1543434059,ROUND,1.50,D,VVS1,EX,EX,EX,NONE,7.38-7.44*4.49,,60.5,59,GIA,16179,INDIA,,,"NEEDLE, FEATHER",NO
1463419,5231799424,ROUND,1.50,D,VVS1,EX,EX,EX,STG,7.19-7.25*4.61,,63.8,56,GIA,9268,INDIA,,,"PINPOINT, INDENTED NATURAL, FEATHER, CAVITY, NATURAL",NO
1352952,2231775583,ROUND,1.50,D,VVS1,EX,EX,EX,NONE,7.24-7.29*4.57,,62.9,55,GIA,15708,INDIA,,,PINPOINT,NO
7481659,2546045325,ROUND,1.53,E,VVS1,EX,EX,EX,NONE,7.3-7.36*4.54,,62,58,GIA,15712,HONG KONG,,,FEATHER,NO
7064789,6542233265,ROUND,1.50,E,VVS1,EX,EX,EX,NONE,7.23-7.29*4.52,,62.2,59,GIA,15113,HONG KONG,,,"PINPOINT, CLOUD, FEATHER",NO
3266291,7543317723,ROUND,1.52,F,VVS1,EX,EX,EX,FAINT,7.32-7.37*4.52,,61.5,58,GIA,12372,HONG KONG,,,PINPOINT,NO
3760498,2538930875,ROUND,1.51,F,VVS1,EX,EX,EX,NONE,7.24-7.29*4.57,,62.9,58,GIA,13843,HONG KONG,,,"PINPOINT, FEATHER",NO
3924054,7526973627,ROUND,1.51,G,VVS1,EX,EX,EX,NONE,7.22-7.28*4.56,,62.8,58,GIA,10548,HONG KONG,,,"PINPOINT, FEATHER",NO
1791131,2231820892,ROUND,1.51,G,VVS1,EX,EX,EX,NONE,7.29-7.35*4.53,,61.9,59,GIA,10655,INDIA,,,,NO
1778477,2235833916,ROUND,1.50,G,VVS1,EX,EX,EX,NONE,7.32-7.37*4.48,,61,60,GIA,11007,INDIA,,,"PINPOINT, FEATHER",NO
7971553,5476665940,ROUND,1.69,I,VVS1,EX,EX,EX,NONE,7.51-7.57*4.73,,62.8,57,GIA,8279,HONG KONG,,,"PINPOINT, FEATHER",NO
1942240,6233832146,ROUND,1.50,I,VVS1,EX,EX,EX,NONE,7.21-7.27*4.55,,62.8,59,GIA,6872,INDIA,,,"PINPOINT, FEATHER",NO
7699020,1547317803,ROUND,1.51,J,VVS1,EX,EX,EX,NONE,7.25-7.3*4.56,,62.7,58,GIA,5722,HONG KONG,,,FEATHER,NO
7703851,6542277480,ROUND,1.50,J,VVS1,EX,EX,EX,NONE,7.26-7.31*4.55,,62.4,59,GIA,5628,HONG KONG,,,FEATHER,NO
7292747,6531870390,ROUND,1.51,K,VVS1,EX,EX,EX,NONE,7.24-7.29*4.57,,62.9,57,GIA,4404,HONG KONG,,,"CLOUD, FEATHER",NO
1376781,7481079558,ROUND,1.60,N,VVS1,EX,EX,EX,STG,7.37-7.44*4.63,,62.6,58,GIA,2718,INDIA,,,"Pinpoint, Feather",NO
1160042,5232775503,ROUND,1.55,D,VVS2,EX,EX,EX,STG,7.34-7.4*4.57,,62,59,GIA,8822,INDIA,,,"NEEDLE, PINPOINT",NO
1595342,1232828936,ROUND,1.50,D,VVS2,EX,EX,EX,NONE,7.28-7.3*4.52,,61.9,59,GIA,13324,INDIA,,,"CLOUD, PINPOINT",NO
1819504,2235832201,ROUND,1.60,E,VVS2,EX,EX,EX,NONE,7.44-7.48*4.61,,61.8,58,GIA,13197,INDIA,,,"NEEDLE, PINPOINT, CLOUD, FEATHER",NO
7616080,6541277425,ROUND,1.53,F,VVS2,EX,EX,EX,NONE,7.31-7.36*4.54,,62,57,GIA,12101,HONG KONG,,,"PINPOINT, CLOUD",NO
7920671,6545045340,ROUND,1.52,F,VVS2,EX,EX,EX,FAINT,7.33-7.38*4.54,,61.6,57,GIA,10000,HONG KONG,,,PINPOINT,NO
1119566,2231775601,ROUND,1.52,F,VVS2,EX,EX,EX,VST,7.3-7.36*4.57,,62.3,59,GIA,7191,INDIA,,,"CLOUD, FEATHER, PINPOINT",NO
7592064,2536934573,ROUND,1.50,F,VVS2,EX,EX,EX,NONE,7.2-7.26*4.52,,62.5,58,GIA,12086,HONG KONG,,,"PINPOINT, FEATHER",NO
7503192,6541317852,ROUND,1.51,G,VVS2,EX,EX,EX,NONE,7.23-7.28*4.55,,62.7,57,GIA,10315,HONG KONG,,,PINPOINT,NO
1194806,5231820931,ROUND,1.50,G,VVS2,EX,EX,EX,NONE,7.24-7.3*4.55,,62.6,59,GIA,9480,INDIA,,,"NEEDLE, PINPOINT, FEATHER",NO
7264029,1533870347,ROUND,1.54,H,VVS2,EX,EX,EX,NONE,7.31-7.36*4.59,,62.5,57,GIA,7612,HONG KONG,,,"FEATHER, NEEDLE",NO
7222841,7548235329,ROUND,1.54,H,VVS2,EX,EX,EX,NONE,7.34-7.37*4.59,,62.4,60,GIA,8083,HONG KONG,,,PINPOINT,NO
1139738,1236832091,ROUND,1.50,H,VVS2,EX,EX,EX,NONE,7.23-7.27*4.53,,62.5,58,GIA,7797,INDIA,,,FEATHER,NO
7314012,2544114276,ROUND,1.51,I,VVS2,EX,EX,EX,NONE,7.22-7.28*4.55,,62.8,58,GIA,6235,HONG KONG,,,"CLOUD, PINPOINT",NO
1740268,2527973683,ROUND,1.55,J,VVS2,EX,EX,EX,FAINT,7.31-7.36*4.56,,62.2,58,GIA,4315,HONG KONG,,,"CLOUD, PINPOINT",NO
7207695,6541114393,ROUND,1.51,J,VVS2,EX,EX,EX,NONE,7.22-7.28*4.55,,62.7,58,GIA,4900,HONG KONG,,,FEATHER,NO
7544021,2527923342,ROUND,1.50,J,VVS2,EX,EX,EX,NONE,7.33-7.37*4.47,,60.8,61,GIA,4663,HONG KONG,,,FEATHER,NO
7525710,1538109845,ROUND,1.51,L,VVS2,EX,EX,EX,FAINT,7.25-7.3*4.57,,62.8,56,GIA,2945,HONG KONG,,,"FEATHER, PINPOINT",NO
1160624,7541423095,ROUND,1.50,L,VVS2,EX,EX,EX,MED,7.23-7.28*4.56,,62.8,59,GIA,2781,INDIA,,,"NEEDLE, FEATHER, PINPOINT",NO
1865274,7548229671,ROUND,1.50,L,VVS2,EX,EX,EX,FAINT,7.26-7.32*4.53,,62.2,59,GIA,2926,INDIA,,,"CLOUD, FEATHER",NO
7273316,6545114406,ROUND,1.51,D,VS1,EX,EX,EX,FAINT,7.3-7.35*4.5,,61.4,60,GIA,10538,HONG KONG,,,"FEATHER, CLOUD, PINPOINT",NO
3679206,6545233228,ROUND,1.50,D,VS1,EX,EX,EX,STG,7.23-7.28*4.56,,62.8,56,GIA,7542,HONG KONG,,,"CRYSTAL, PINPOINT",NO
1873704,5231827899,ROUND,1.51,E,VS1,EX,EX,EX,NONE,7.3-7.35*4.53,,61.8,58,GIA,10316,INDIA,,,"CRYSTAL, NEEDLE",NO
1835958,7531747043,ROUND,1.50,E,VS1,EX,EX,EX,NONE,7.23-7.28*4.57,,62.9,55,GIA,10248,INDIA,,,"CRYSTAL, FEATHER, PINPOINT",NO
1700625,7542160326,ROUND,1.50,E,VS1,EX,EX,EX,NONE,7.25-7.31*4.55,,62.5,57,GIA,10350,INDIA,,,"FEATHER, CLOUD, NEEDLE, PINPOINT, INDENTED NATURAL",NO
1957637,2544432903,ROUND,1.50,E,VS1,EX,EX,EX,NONE,7.24-7.3*4.53,,62.2,58,GIA,10555,INDIA,,,"FEATHER, NEEDLE, CLOUD, PINPOINT",NO
1492298,7536749620,ROUND,1.50,E,VS1,EX,EX,EX,NONE,7.26-7.31*4.51,,61.9,58,GIA,10248,INDIA,,,"CRYSTAL, FEATHER, NEEDLE",NO
1952629,5232778486,ROUND,1.60,F,VS1,EX,EX,EX,NONE,7.41-7.47*4.61,,62,59,GIA,11032,INDIA,,,"CRYSTAL, CLOUD, PINPOINT, KNOT",NO
1195708,7541158304,ROUND,1.52,F,VS1,EX,EX,EX,NONE,7.24-7.3*4.56,,62.7,58,GIA,10286,INDIA,,,"CRYSTAL, FEATHER, CLOUD, PINPOINT",NO
7100698,6545030659,ROUND,1.51,F,VS1,EX,EX,EX,NONE,7.24-7.29*4.55,,62.7,59,GIA,10315,HONG KONG,,,"CRYSTAL, CLOUD, FEATHER",NO
1636357,2235823715,ROUND,1.50,F,VS1,EX,EX,EX,NONE,7.2-7.25*4.6,,63.6,56,GIA,10151,INDIA,,,"INDENTED NATURAL, NATURAL",NO
1833453,2235811407,ROUND,1.50,F,VS1,EX,EX,EX,NONE,7.22-7.28*4.59,,63.3,55,GIA,10151,INDIA,,,"CRYSTAL, NEEDLE, PINPOINT",NO
7987925,2546159267,ROUND,1.53,G,VS1,EX,EX,EX,VST,7.38-7.42*4.5,,60.8,58,GIA,6447,HONG KONG,,,"CLOUD, CRYSTAL, NEEDLE",NO
7994813,7546318019,ROUND,1.63,H,VS1,EX,EX,EX,NONE,7.47-7.5*4.64,,61.9,58,GIA,7763,HONG KONG,,,"CRYSTAL, CLOUD, NEEDLE",NO
1572429,6545158339,ROUND,1.62,I,VS1,EX,EX,EX,NONE,7.46-7.51*4.71,,62.9,57,GIA,6231,INDIA,,,"CRYSTAL, FEATHER, PINPOINT",NO
1670922,5232818681,ROUND,1.50,I,VS1,EX,EX,EX,FAINT,7.19-7.25*4.6,,63.8,56,GIA,5141,INDIA,,,"CRYSTAL, FEATHER, PINPOINT, NEEDLE, INDENTED NATURAL, NATURAL",NO
1323666,2231840212,ROUND,1.69,J,VS1,EX,EX,EX,FAINT,7.52-7.57*4.73,,62.6,59,GIA,5179,INDIA,,,"FEATHER, NEEDLE, CLOUD, NATURAL",NO
1172380,5231834201,ROUND,1.60,J,VS1,EX,EX,EX,MED,7.38-7.43*4.64,,62.6,59,GIA,4392,INDIA,,,"CRYSTAL, CLOUD, NEEDLE",NO
1881001,2231832257,ROUND,1.56,J,VS1,EX,EX,EX,NONE,7.3-7.36*4.61,,62.9,59,GIA,5129,INDIA,,,"CRYSTAL, CLOUD, PINPOINT",NO
7908543,1543030665,ROUND,1.54,J,VS1,EX,EX,EX,NONE,7.3-7.34*4.6,,62.8,56,GIA,4522,HONG KONG,,,"CRYSTAL, PINPOINT",NO
7552686,7548235120,ROUND,1.53,J,VS1,EX,EX,EX,NONE,7.27-7.32*4.59,,62.9,56,GIA,4835,HONG KONG,,,"FEATHER, NEEDLE",NO
7684467,1539573603,ROUND,1.51,J,VS1,EX,EX,EX,FAINT,7.31-7.34*4.54,,62,59,GIA,4145,HONG KONG,,,"CLOUD, FEATHER",NO
1652490,2231746111,ROUND,1.50,M,VS1,EX,EX,EX,NONE,7.2-7.25*4.6,,63.6,56,GIA,2752,INDIA,,,"FEATHER, NATURAL",NO
1634548,2235832019,ROUND,1.52,G,VS2+,EX,EX,EX,NONE,7.33-7.39*4.48,,61,59,GIA,8561,INDIA,,,"CLOUD, CRYSTAL, FEATHER, NEEDLE",NO
1356863,1232823669,ROUND,1.56,D,VS2,EX,EX,EX,NONE,7.39-7.45*4.59,,61.9,57,GIA,11217,INDIA,,,"CRYSTAL, FEATHER, NEEDLE",NO
7007707,7541317686,ROUND,1.51,D,VS2,EX,EX,EX,NONE,7.25-7.31*4.55,,62.6,56,GIA,10858,HONG KONG,,,"CRYSTAL, FEATHER, CLOUD, NEEDLE",NO
7503208,1545233275,ROUND,1.50,D,VS2,EX,EX,EX,NONE,7.21-7.26*4.55,,62.9,57,GIA,10584,HONG KONG,,,"CRYSTAL, FEATHER, NEEDLE, INDENTED NATURAL",NO
7304400,2537555219,ROUND,1.50,E,VS2,EX,EX,EX,NONE,7.26-7.31*4.52,,62,57,GIA,9979,HONG KONG,,,"CRYSTAL, CLOUD, FEATHER, NEEDLE",NO
3152876,1548317768,ROUND,1.59,F,VS2,EX,EX,EX,NONE,7.34-7.4*4.63,,62.9,58,GIA,9813,HONG KONG,,,"CLOUD, CRYSTAL, NEEDLE",NO
1534344,3535482726,ROUND,1.50,F,VS2,EX,EX,EX,VST,7.27-7.31*4.58,,62.8,56,GIA,6229,INDIA,,,"FEATHER, CLOUD, CRYSTAL, NEEDLE",NO
1553232,2233818733,ROUND,1.50,H,VS2,EX,EX,EX,NONE,7.2-7.26*4.55,,62.9,58,GIA,5967,INDIA,,,"CRYSTAL, FEATHER, NEEDLE",NO
7697366,6541233352,ROUND,1.50,H,VS2,EX,EX,EX,NONE,7.21-7.27*4.55,,62.8,61,GIA,6278,HONG KONG,,,"CLOUD, CRYSTAL, FEATHER, NEEDLE, NATURAL",NO
1666964,6237829169,ROUND,1.50,H,VS2,EX,EX,EX,NONE,7.21-7.27*4.55,,62.9,58,GIA,6775,INDIA,,,"FEATHER, CLOUD",NO
1340346,5231823687,ROUND,1.50,H,VS2,EX,EX,EX,NONE,7.3-7.34*4.49,,61.4,58,GIA,6402,INDIA,,,"CLOUD, CRYSTAL, FEATHER, NEEDLE",NO
1715880,2233841509,ROUND,1.50,H,VS2,EX,EX,EX,NONE,7.26-7.31*4.51,,61.9,58,GIA,6465,INDIA,,,"CRYSTAL, CLOUD, FEATHER, NEEDLE",NO
3703747,7531930980,ROUND,1.53,I,VS2,EX,EX,EX,NONE,7.31-7.36*4.6,,62.7,58,GIA,5614,HONG KONG,,,"FEATHER, CLOUD, PINPOINT",NO
7683334,6531555186,ROUND,1.51,I,VS2,EX,EX,EX,NONE,7.25-7.31*4.58,,62.8,59,GIA,5274,HONG KONG,,,"FEATHER, PINPOINT",NO
1462823,5543433256,ROUND,1.50,I,VS2,EX,EX,EX,NONE,7.24-7.3*4.54,,62.5,59,GIA,5557,INDIA,,,"FEATHER, CRYSTAL, CLOUD, NEEDLE",NO
1360321,2235746101,ROUND,1.50,I,VS2,EX,EX,EX,NONE,7.21-7.26*4.61,,63.7,56,GIA,4974,INDIA,,,"CRYSTAL, NEEDLE",NO
3736723,5533773977,ROUND,1.50,I,VS2,EX,EX,EX,NONE,7.46-7.49*4.38,,58.6,59,GIA,5292,HONG KONG,,,"CRYSTAL, CLOUD, FEATHER, NEEDLE",NO
1852468,2235833963,ROUND,1.50,I,VS2,EX,EX,EX,NONE,7.24-7.3*4.55,,62.5,60,GIA,5186,INDIA,,,"CLOUD, CRYSTAL, FEATHER",NO
1163238,1232775605,ROUND,1.60,J,VS2,EX,EX,EX,NONE,7.35-7.42*4.64,,62.8,58,GIA,4369,INDIA,,,"CRYSTAL, FEATHER, CLOUD, NEEDLE, INDENTED NATURAL, NATURAL",NO
1693488,6233840225,ROUND,1.53,J,VS2,EX,EX,EX,MED,7.27-7.32*4.56,,62.4,58,GIA,3542,INDIA,,,"CRYSTAL, NEEDLE",NO
7143502,5546034126,ROUND,1.51,J,VS2,EX,EX,EX,NONE,7.33-7.37*4.53,,61.7,55,GIA,4168,HONG KONG,,,"CRYSTAL, FEATHER, CLOUD, NEEDLE",NO
1691972,6233841453,ROUND,1.50,J,VS2,EX,EX,EX,NONE,7.28-7.34*4.54,,62.1,59,GIA,4274,INDIA,,,"FEATHER, CRYSTAL, NEEDLE",NO
1869934,2547160492,ROUND,1.50,J,VS2,EX,EX,EX,VST,7.23-7.27*4.59,,63.3,56,GIA,3205,INDIA,,,"CRYSTAL, FEATHER",NO
1603353,1232811343,ROUND,1.50,J,VS2,EX,EX,EX,NONE,7.23-7.27*4.54,,62.7,57,GIA,4363,INDIA,,,"CRYSTAL, FEATHER, NEEDLE",NO
1910967,1545435487,ROUND,1.62,L,VS2,EX,EX,EX,MED,7.41-7.47*4.67,,62.8,58,GIA,2654,INDIA,,,"CLOUD, CRYSTAL, FEATHER, NEEDLE",NO
1852485,7541150925,ROUND,1.50,L,VS2,EX,EX,EX,MED,7.25-7.3*4.57,,62.9,54,GIA,2202,INDIA,,,"CRYSTAL, FEATHER, PINPOINT",NO
7551493,1547233528,ROUND,1.50,L,VS2,EX,EX,EX,NONE,7.2-7.25*4.59,,63.5,55,GIA,3096,HONG KONG,,,"CLOUD, FEATHER, CRYSTAL, INDENTED NATURAL, NATURAL",NO
7513460,1236539573,ROUND,1.50,L,VS2,EX,EX,EX,NONE,7.38-7.42*4.41,,59.6,60,GIA,3064,HONG KONG,,,,NO
1593533,2518680560,ROUND,1.50,L,VS2,EX,EX,EX,NONE,7.2-7.26*4.55,,62.9,58,GIA,3000,INDIA,,,"Crystal, Feather, Needle, Natural",NO
1247541,1232804709,ROUND,1.23,D,FL,EX,EX,EX,NONE,6.83-6.88*4.2,,61.3,58,GIA,12564,INDIA,,,,NO
1593741,2235832584,ROUND,1.40,F,FL,EX,EX,EX,NONE,7.11-7.16*4.43,,62.1,61,GIA,12415,INDIA,,,,NO
1393494,1232742543,ROUND,1.25,F,FL,EX,EX,EX,NONE,6.88-6.94*4.25,,61.5,55,GIA,9213,INDIA,,,,NO
1823851,5231803919,ROUND,1.41,D,IF,EX,EX,EX,STG,7.08-7.14*4.44,,62.4,58,GIA,9475,INDIA,,,,NO
7972799,6541317225,ROUND,1.40,D,IF,EX,EX,EX,NONE,7.18-7.23*4.41,,61.3,54,GIA,15680,HONG KONG,,,,NO
7010952,1549317164,ROUND,1.40,D,IF,EX,EX,EX,NONE,7.2-7.26*4.39,,60.7,59,GIA,16182,HONG KONG,,,,NO
1134246,5232801313,ROUND,1.23,D,IF,EX,EX,EX,NONE,6.84-6.9*4.21,,61.3,58,GIA,11682,INDIA,,,,NO
7452931,3545114176,ROUND,1.21,D,IF,EX,EX,EX,NONE,6.8-6.85*4.2,,61.5,59,GIA,11817,HONG KONG,,,,NO
1973823,2231778619,ROUND,1.20,D,IF,EX,EX,EX,NONE,6.74-6.79*4.18,,61.8,56,GIA,11075,INDIA,,,,NO
7027832,1543045341,ROUND,1.40,E,IF,EX,EX,EX,NONE,7.06-7.12*4.45,,62.8,56,GIA,13034,HONG KONG,,,,NO
3717372,3535934344,ROUND,1.21,E,IF,EX,EX,EX,NONE,6.76-6.81*4.2,,61.9,58,GIA,9148,HONG KONG,,,,NO
1174736,2235773635,ROUND,1.25,F,IF,EX,EX,EX,STG,6.85-6.9*4.29,,62.5,59,GIA,5318,INDIA,,,,NO
1513002,6237726160,ROUND,1.20,G,IF,EX,EX,EX,NONE,6.75-6.8*4.19,,61.8,58,GIA,6006,INDIA,,,,NO
1816230,5232686139,ROUND,1.43,H,IF,EX,EX,EX,FAINT,7.12-7.17*4.5,,62.9,55,GIA,5569,INDIA,,,,NO
3816675,7543025058,ROUND,1.22,I,IF,EX,EX,EX,NONE,6.81-6.87*4.26,,62.3,55,GIA,3890,HONG KONG,,,,NO
3054627,6541317054,ROUND,1.22,I,IF,EX,EX,EX,NONE,6.78-6.83*4.23,,62.2,56,GIA,3943,HONG KONG,,,,NO
7641478,2546233267,ROUND,1.41,J,IF,EX,EX,EX,NONE,7.09-7.13*4.45,,62.5,57,GIA,5127,HONG KONG,,,,NO
7066594,7546029844,ROUND,1.21,K,IF,EX,EX,EX,MED,6.78-6.82*4.23,,62.2,60,GIA,2183,HONG KONG,,,,NO
1530564,1232799365,ROUND,1.45,D,VVS1,EX,EX,EX,STG,7.16-7.21*4.51,,62.8,56,GIA,9354,INDIA,,,PINPOINT,NO
1163362,2231834131,ROUND,1.43,D,VVS1,EX,EX,EX,MED,7.16-7.21*4.45,,61.9,58,GIA,9840,INDIA,,,"PINPOINT, NEEDLE",NO
1849042,5231775706,ROUND,1.41,D,VVS1,EX,EX,EX,VST,7.13-7.19*4.39,,61.3,58,GIA,8793,INDIA,,,PINPOINT,NO
1424885,5232586905,ROUND,1.40,D,VVS1,EX,EX,EX,NONE,7.14-7.2*4.41,,61.5,59,GIA,15153,HONG KONG,,,"PINPOINT, FEATHER",NO
1880453,7543434185,ROUND,1.30,D,VVS1,EX,EX,EX,STG,6.93-6.98*4.3,,61.7,59,GIA,7734,INDIA,,,"PINPOINT, FEATHER",NO
7336897,7533896895,ROUND,1.30,D,VVS1,EX,EX,EX,MED,6.89-6.95*4.31,,62.3,59,GIA,8014,HONG KONG,,,CLOUD,NO
3092106,2546028254,ROUND,1.20,D,VVS1,EX,EX,EX,NONE,6.7-6.75*4.22,,62.7,59,GIA,9806,HONG KONG,,,,NO
1591773,1539482713,ROUND,1.20,D,VVS1,EX,EX,EX,VST,6.67-6.74*4.23,,63,57,GIA,5763,INDIA,,,FEATHER,NO
1922988,6237832254,ROUND,1.40,E,VVS1,EX,EX,EX,STG,7.05-7.1*4.49,,63.5,55,GIA,8093,INDIA,,,FEATHER,NO
1483058,1548149721,ROUND,1.34,E,VVS1,EX,EX,EX,FAINT,7.03-7.08*4.4,,62.4,59,GIA,8579,INDIA,,,"PINPOINT, FEATHER",NO
7582460,6542317150,ROUND,1.34,E,VVS1,EX,EX,EX,NONE,7.01-7.06*4.32,,61.5,58,GIA,10545,HONG KONG,,,"CLOUD, FEATHER",NO
1726257,5231828927,ROUND,1.21,E,VVS1,EX,EX,EX,FAINT,6.77-6.81*4.2,,61.8,58,GIA,7221,INDIA,,,"PINPOINT, FEATHER",NO
1520904,5232823704,ROUND,1.20,E,VVS1,EX,EX,EX,STG,6.69-6.75*4.26,,63.3,58,GIA,5296,INDIA,,,"PINPOINT, FEATHER, INDENTED NATURAL",NO
7800793,6541113982,ROUND,1.40,F,VVS1,EX,EX,EX,NONE,7.04-7.09*4.44,,62.9,57,GIA,10419,HONG KONG,,,FEATHER,NO
1477379,2233818833,ROUND,1.32,F,VVS1,EX,EX,EX,NONE,7.02-7.06*4.32,,61.3,58,GIA,8891,INDIA,,,"CLOUD, PINPOINT",NO
1379718,5546087105,ROUND,1.22,F,VVS1,EX,EX,EX,MED,6.76-6.82*4.26,,62.6,58,GIA,5766,INDIA,,,PINPOINT,NO
1499156,5232833911,ROUND,1.40,G,VVS1,EX,EX,EX,NONE,7.04-7.1*4.48,,63.4,58,GIA,8992,INDIA,,,FEATHER,NO
7373183,1548233483,ROUND,1.33,G,VVS1,EX,EX,EX,NONE,6.93-6.99*4.36,,62.6,59,GIA,6889,HONG KONG,,,"CLOUD, PINPOINT, FEATHER",NO
1965845,2231832100,ROUND,1.30,G,VVS1,EX,EX,EX,NONE,6.89-6.94*4.35,,62.9,57,GIA,7003,INDIA,,,PINPOINT,NO
1922049,6237832557,ROUND,1.30,G,VVS1,EX,EX,EX,NONE,6.92-6.96*4.29,,61.8,59,GIA,6949,INDIA,,,"PINPOINT, FEATHER",NO
3624439,6531858333,ROUND,1.20,G,VVS1,EX,EX,EX,NONE,6.71-6.77*4.24,,63,55,GIA,5321,HONG KONG,,,FEATHER,NO
7442784,6535663768,ROUND,1.20,G,VVS1,EX,EX,EX,NONE,6.68-6.74*4.26,,63.4,56,GIA,5172,HONG KONG,,,FEATHER,NO
1963884,2547434353,ROUND,1.40,H,VVS1,EX,EX,EX,STG,7.05-7.11*4.44,,62.7,58,GIA,5400,INDIA,,,"PINPOINT, FEATHER",NO
7266840,1549233574,ROUND,1.40,H,VVS1,EX,EX,EX,NONE,7.04-7.09*4.45,,63,56,GIA,6805,HONG KONG,,,FEATHER,NO
7085296,6542317318,ROUND,1.40,H,VVS1,EX,EX,EX,NONE,7.06-7.11*4.44,,62.6,59,GIA,6893,HONG KONG,,,"CLOUD, FEATHER",NO
7191563,2546277379,ROUND,1.29,H,VVS1,EX,EX,EX,NONE,6.96-7*4.25,,60.8,59,GIA,4935,HONG KONG,,,"PINPOINT, CLOUD",NO
1254390,2235823657,ROUND,1.20,H,VVS1,EX,EX,EX,NONE,6.71-6.76*4.23,,62.8,58,GIA,4215,INDIA,,,"PINPOINT, FEATHER",NO
7690629,5546233559,ROUND,1.40,I,VVS1,EX,EX,EX,NONE,7.09-7.12*4.46,,62.7,58,GIA,6154,HONG KONG,,,"PINPOINT, FEATHER",NO
1847191,1547383291,ROUND,1.40,I,VVS1,EX,EX,EX,MED,7.12-7.18*4.4,,61.6,61,GIA,5011,INDIA,,,"PINPOINT, FEATHER",NO
1346841,2235827971,ROUND,1.22,I,VVS1,EX,EX,EX,NONE,6.77-6.83*4.21,,61.9,58,GIA,3725,INDIA,,,PINPOINT,NO
7148305,5546233561,ROUND,1.40,J,VVS1,EX,EX,EX,NONE,7.05-7.11*4.43,,62.6,59,GIA,5045,HONG KONG,,,FEATHER,NO
1973628,5232823730,ROUND,1.22,J,VVS1,EX,EX,EX,FAINT,6.79-6.85*4.19,,61.4,59,GIA,2505,INDIA,,,PINPOINT,NO
1170495,5231823540,ROUND,1.20,J,VVS1,EX,EX,EX,NONE,6.72-6.77*4.21,,62.4,56,GIA,2935,INDIA,,,NEEDLE,NO
1881652,3545028606,ROUND,1.32,K,VVS1,EX,EX,EX,NONE,6.91-6.97*4.34,,62.6,58,GIA,2927,INDIA,,,PINPOINT,NO
7964739,6545028241,ROUND,1.21,L,VVS1,EX,EX,EX,MED,6.75-6.78*4.2,,62.1,57,GIA,1736,HONG KONG,,,CLOUD,NO
7154421,3525846563,ROUND,1.40,D,VVS2,EX,EX,EX,NONE,7.09-7.13*4.4,,61.9,59,GIA,10040,HONG KONG,,,"CLOUD, NEEDLE, PINPOINT",NO
1741465,2233832196,ROUND,1.33,D,VVS2,EX,EX,EX,NONE,7.01-7.05*4.35,,61.8,58,GIA,9753,INDIA,,,"PINPOINT, FEATHER",NO
1357226,2231799351,ROUND,1.31,D,VVS2,EX,EX,EX,STG,6.91-6.96*4.34,,62.6,59,GIA,5266,INDIA,,,"PINPOINT, NEEDLE, FEATHER",NO
1787302,5232773772,ROUND,1.31,D,VVS2,EX,EX,EX,MED,6.91-6.97*4.34,,62.6,57,GIA,6582,INDIA,,,PINPOINT,NO
1470515,1543160776,ROUND,1.26,D,VVS2,EX,EX,EX,FAINT,6.85-6.9*4.24,,61.7,58,GIA,6639,INDIA,,,"CLOUD, NEEDLE",NO
1199794,2546160312,ROUND,1.22,D,VVS2,EX,EX,EX,MED,6.73-6.79*4.24,,62.6,58,GIA,5898,INDIA,,,PINPOINT,NO
3489874,2536774620,ROUND,1.20,D,VVS2,EX,EX,EX,NONE,6.74-6.79*4.19,,61.9,58,GIA,7431,HONG KONG,,,"NEEDLE, PINPOINT",NO
1703359,1232802888,ROUND,1.40,E,VVS2,EX,EX,EX,STG,7.03-7.09*4.49,,63.5,56,GIA,6761,INDIA,,,"FEATHER, PINPOINT",NO
1177929,5232804827,ROUND,1.30,E,VVS2,EX,EX,EX,NONE,6.88-6.93*4.32,,62.6,59,GIA,7880,INDIA,,,"CLOUD, PINPOINT, FEATHER, NATURAL",NO
7445888,6541029785,ROUND,1.27,E,VVS2,EX,EX,EX,NONE,6.86-6.92*4.27,,61.9,57,GIA,7323,HONG KONG,,,"NEEDLE, CLOUD, FEATHER, PINPOINT",NO
1715765,5232834069,ROUND,1.20,E,VVS2,EX,EX,EX,NONE,6.77-6.81*4.2,,61.9,57,GIA,6742,INDIA,,,NEEDLE,NO
7919927,7538307553,ROUND,1.30,F,VVS2,EX,EX,EX,NONE,6.89-6.95*4.31,,62.3,58,GIA,7309,HONG KONG,,,"CLOUD, NEEDLE, FEATHER",NO
7962819,6532896616,ROUND,1.30,F,VVS2,EX,EX,EX,NONE,6.87-6.93*4.34,,62.9,58,GIA,7396,HONG KONG,,,CLOUD,NO
7104372,5533858139,ROUND,1.22,F,VVS2,EX,EX,EX,NONE,6.75-6.79*4.24,,62.6,59,GIA,6285,HONG KONG,,,PINPOINT,NO
7586078,2537774026,ROUND,1.40,G,VVS2,EX,EX,EX,NONE,7.08-7.12*4.4,,62,60,GIA,7512,HONG KONG,,,PINPOINT,NO
1609995,2235820997,ROUND,1.30,G,VVS2,EX,EX,EX,NONE,6.87-6.92*4.34,,62.9,58,GIA,6585,INDIA,,,"FEATHER, NATURAL",NO
1707948,2231802865,ROUND,1.30,G,VVS2,EX,EX,EX,FAINT,6.9-6.95*4.31,,62.2,59,GIA,5170,INDIA,,,"PINPOINT, NEEDLE",NO
7929134,7531934557,ROUND,1.21,G,VVS2,EX,EX,EX,NONE,6.72-6.77*4.23,,62.7,57,GIA,5107,HONG KONG,,,"PINPOINT, FEATHER",NO
7814776,2547027423,ROUND,1.44,H,VVS2,EX,EX,EX,NONE,7.12-7.18*4.49,,62.8,59,GIA,5954,HONG KONG,,,"CLOUD, PINPOINT, FEATHER",NO
7409683,6535456622,ROUND,1.40,H,VVS2,EX,EX,EX,NONE,7.14-7.2*4.32,,60.2,61,GIA,5748,HONG KONG,,,"FEATHER, NEEDLE",NO
1911201,1236804965,ROUND,1.25,H,VVS2,EX,EX,EX,NONE,6.79-6.85*4.27,,62.6,58,GIA,4113,INDIA,,,"PINPOINT, FEATHER",NO
1717224,5546434259,ROUND,1.21,H,VVS2,EX,EX,EX,NONE,6.77-6.81*4.2,,61.9,58,GIA,3911,INDIA,,,"NEEDLE, CLOUD, PINPOINT",NO
1804013,6237818905,ROUND,1.20,H,VVS2,EX,EX,EX,NONE,6.74-6.78*4.16,,61.5,59,GIA,3739,INDIA,,,"CLOUD, FEATHER, NATURAL",NO
1242805,6237832055,ROUND,1.20,H,VVS2,EX,EX,EX,NONE,6.69-6.74*4.27,,63.6,56,GIA,3844,INDIA,,,PINPOINT,NO
7962426,1545317306,ROUND,1.41,I,VVS2,EX,EX,EX,NONE,7.07-7.12*4.46,,62.8,58,GIA,5732,HONG KONG,,,"NEEDLE, CLOUD, PINPOINT",NO
7440570,2548233554,ROUND,1.40,I,VVS2,EX,EX,EX,FAINT,7.04-7.1*4.42,,62.5,58,GIA,4933,HONG KONG,,,"PINPOINT, NEEDLE",NO
1647599,1545433231,ROUND,1.30,I,VVS2,EX,EX,EX,NONE,6.91-6.95*4.31,,62.2,58,GIA,4324,INDIA,,,PINPOINT,NO
1793244,5231827847,ROUND,1.21,I,VVS2,EX,EX,EX,NONE,6.74-6.77*4.23,,62.6,57,GIA,3429,INDIA,,,"PINPOINT, FEATHER",NO
7124378,7542233519,ROUND,1.20,I,VVS2,EX,EX,EX,NONE,6.74-6.79*4.18,,61.8,56,GIA,3341,HONG KONG,,,FEATHER,NO
7054389,2547233503,ROUND,1.20,I,VVS2,EX,EX,EX,NONE,6.73-6.77*4.22,,62.5,59,GIA,3282,HONG KONG,,,"NEEDLE, FEATHER, PINPOINT",NO
1272681,1232820854,ROUND,1.42,J,VVS2,EX,EX,EX,NONE,7.13-7.18*4.42,,61.7,59,GIA,4294,INDIA,,,"NEEDLE, CLOUD, FEATHER, PINPOINT",NO
7559136,6532934618,ROUND,1.30,J,VVS2,EX,EX,EX,FAINT,6.91-6.94*4.32,,62.3,58,GIA,2804,HONG KONG,,,"NEEDLE, CLOUD, PINPOINT, FEATHER",NO
7479507,6542233513,ROUND,1.20,J,VVS2,EX,EX,EX,NONE,6.72-6.76*4.22,,62.6,58,GIA,2782,HONG KONG,,,"PINPOINT, CLOUD",NO
1439566,1236832104,ROUND,1.45,D,VS1,EX,EX,EX,NONE,7.16-7.22*4.45,,61.9,59,GIA,10514,INDIA,,,"CRYSTAL, FEATHER, CLOUD, NEEDLE",NO
1632617,2231823711,ROUND,1.40,D,VS1,EX,EX,EX,NONE,7.04-7.11*4.44,,62.8,58,GIA,9696,INDIA,,,"CRYSTAL, FEATHER, NEEDLE",NO
1421771,6531448700,ROUND,1.30,D,VS1,EX,EX,EX,NONE,6.95-6.99*4.34,,62.2,59,GIA,7879,INDIA,,,"CRYSTAL, FEATHER, NEEDLE",NO
1246394,6233828971,ROUND,1.20,D,VS1,EX,EX,EX,NONE,6.75-6.81*4.19,,61.7,58,GIA,6693,INDIA,,,"CRYSTAL, CLOUD",NO
1602210,2235834301,ROUND,1.40,E,VS1,EX,EX,EX,STG,7.08-7.13*4.44,,62.5,58,GIA,6350,INDIA,,,"CRYSTAL, FEATHER, CLOUD, NEEDLE, KNOT",NO
7945664,6532774017,ROUND,1.40,E,VS1,EX,EX,EX,NONE,7.04-7.1*4.44,,62.9,58,GIA,8702,HONG KONG,,,"CRYSTAL, FEATHER, NEEDLE, PINPOINT",NO
1968875,1533383473,ROUND,1.40,E,VS1,EX,EX,EX,FAINT,7.1-7.14*4.45,,62.5,55,GIA,7438,INDIA,,,"CRYSTAL, CLOUD, NEEDLE",NO
1536819,2235832051,ROUND,1.30,E,VS1,EX,EX,EX,NONE,6.9-6.95*4.32,,62.4,58,GIA,7426,INDIA,,,"FEATHER, PINPOINT",NO
7117525,2544025073,ROUND,1.22,E,VS1,EX,EX,EX,NONE,6.81-6.86*4.21,,61.6,60,GIA,6046,HONG KONG,,,"CRYSTAL, CLOUD, FEATHER, NEEDLE",NO
1250703,6237811286,ROUND,1.21,E,VS1,EX,EX,EX,NONE,6.79-6.84*4.21,,61.8,58,GIA,6048,INDIA,,,"CRYSTAL, NEEDLE, CLOUD, PINPOINT",NO
1116205,2231832096,ROUND,1.20,E,VS1,EX,EX,EX,MED,6.74-6.77*4.22,,62.5,58,GIA,4738,INDIA,,,"FEATHER, PINPOINT",NO
1695674,2235827933,ROUND,1.20,E,VS1,EX,EX,EX,NONE,6.74-6.79*4.19,,62,59,GIA,5947,INDIA,,,"CLOUD, FEATHER, CRYSTAL, NEEDLE",NO
1498476,2546432852,ROUND,1.31,F,VS1,EX,EX,EX,NONE,7-7.05*4.31,,61.3,57,GIA,6784,INDIA,,,"CRYSTAL, CLOUD",NO
1494480,6237794825,ROUND,1.25,F,VS1,EX,EX,EX,STG,6.81-6.85*4.28,,62.6,57,GIA,4165,INDIA,,,"CRYSTAL, CLOUD",NO
1843669,7543434233,ROUND,1.21,F,VS1,EX,EX,EX,NONE,6.76-6.81*4.2,,61.8,59,GIA,5714,INDIA,,,"CRYSTAL, PINPOINT",NO
1124698,1549433168,ROUND,1.20,F,VS1,EX,EX,EX,NONE,6.74-6.79*4.21,,62.2,58,GIA,5484,INDIA,,,"CRYSTAL, FEATHER, NEEDLE, PINPOINT",NO
1784234,1232775521,ROUND,1.41,G,VS1,EX,EX,EX,STG,7.07-7.13*4.45,,62.6,57,GIA,5171,INDIA,,,"CRYSTAL, PINPOINT",NO
3286864,6531571689,ROUND,1.40,G,VS1,EX,EX,EX,MED,7.03-7.1*4.43,,62.7,58,GIA,5736,HONG KONG,,,"CRYSTAL, CLOUD, FEATHER, NEEDLE",NO
1504690,1539383458,ROUND,1.40,G,VS1,EX,EX,EX,FAINT,7.05-7.1*4.44,,62.8,58,GIA,6152,INDIA,,,"CRYSTAL, NEEDLE, PINPOINT",NO
1674005,2235841476,ROUND,1.33,G,VS1,EX,EX,EX,NONE,6.98-7.04*4.33,,61.8,58,GIA,5801,INDIA,,,"CRYSTAL, CLOUD, PINPOINT",NO
1921354,2231829013,ROUND,1.30,G,VS1,EX,EX,EX,NONE,6.86-6.92*4.38,,63.6,56,GIA,5498,INDIA,,,"CRYSTAL, NEEDLE, PINPOINT, INDENTED NATURAL, NATURAL",NO
1637800,6237687688,ROUND,1.29,G,VS1,EX,EX,EX,STG,6.88-6.92*4.33,,62.8,57,GIA,3836,INDIA,,,"NEEDLE, PINPOINT",NO
1122361,2235823679,ROUND,1.25,G,VS1,EX,EX,EX,STG,6.79-6.85*4.27,,62.6,58,GIA,3593,INDIA,,,"CRYSTAL, FEATHER, CLOUD, PINPOINT",NO
1192212,1232823725,ROUND,1.20,G,VS1,EX,EX,EX,STG,6.7-6.74*4.21,,62.7,59,GIA,3568,INDIA,,,"CLOUD, CRYSTAL, NEEDLE",NO
1765254,3545433025,ROUND,1.20,G,VS1,EX,EX,EX,NONE,6.68-6.74*4.21,,62.7,59,GIA,4520,INDIA,,,"CRYSTAL, CLOUD, NEEDLE, INDENTED NATURAL, NATURAL",NO
1670879,5231818680,ROUND,1.20,G,VS1,EX,EX,EX,NONE,6.7-6.76*4.22,,62.7,57,GIA,4520,INDIA,,,"CRYSTAL, FEATHER, PINPOINT, NEEDLE",NO
1153182,1549433035,ROUND,1.20,G,VS1,EX,EX,EX,MED,6.7-6.75*4.21,,62.6,59,GIA,3806,INDIA,,,"CRYSTAL, CLOUD, PINPOINT",NO
7512166,2547024963,ROUND,1.20,G,VS1,EX,EX,EX,MED,6.72-6.75*4.22,,62.6,58,GIA,3846,HONG KONG,,,"CRYSTAL, PINPOINT, NEEDLE",NO
1645397,2536733053,ROUND,1.40,H,VS1,EX,EX,EX,NONE,7.04-7.1*4.45,,62.9,57,GIA,5263,INDIA,,,"CRYSTAL, NEEDLE, FEATHER, CLOUD",NO
1661884,6237823588,ROUND,1.40,H,VS1,EX,EX,EX,STG,7.13-7.17*4.48,,62.6,56,GIA,4456,INDIA,,,"CRYSTAL, FEATHER, NEEDLE, KNOT",NO
1612327,2235823457,ROUND,1.40,H,VS1,EX,EX,EX,STG,7.04-7.09*4.49,,63.5,58,GIA,4341,INDIA,,,"FEATHER, PINPOINT, NATURAL",NO
1538605,1232833968,ROUND,1.30,H,VS1,EX,EX,EX,NONE,6.93-6.98*4.3,,61.9,58,GIA,4423,INDIA,,,"CRYSTAL, FEATHER, CLOUD, NEEDLE",NO
1258965,7532448705,ROUND,1.30,H,VS1,EX,EX,EX,NONE,6.9-6.96*4.31,,62.1,59,GIA,4281,INDIA,,,"CLOUD, NEEDLE",NO
7376037,1547024975,ROUND,1.21,H,VS1,EX,EX,EX,NONE,6.72-6.77*4.2,,62.4,59,GIA,3486,HONG KONG,,,"CRYSTAL, NEEDLE",NO
7670683,7546045427,ROUND,1.20,H,VS1,EX,EX,EX,NONE,6.73-6.78*4.2,,62.1,59,GIA,3589,HONG KONG,,,"FEATHER, NEEDLE, CLOUD, PINPOINT",NO
3112204,1543233285,ROUND,1.20,H,VS1,EX,EX,EX,NONE,6.7-6.76*4.23,,62.8,59,GIA,3589,HONG KONG,,,"CRYSTAL, CLOUD, FEATHER, NEEDLE",NO
7411795,2537858064,ROUND,1.20,H,VS1,EX,EX,EX,NONE,6.7-6.75*4.22,,62.8,57,GIA,3425,HONG KONG,,,"CRYSTAL, CLOUD, NEEDLE",NO
3927613,2546027416,ROUND,1.40,I,VS1,EX,EX,EX,NONE,7.06-7.11*4.46,,63,54,GIA,4564,HONG KONG,,,"CLOUD, NEEDLE",NO
1721507,1232775718,ROUND,1.35,I,VS1,EX,EX,EX,MED,6.95-7.01*4.39,,62.9,58,GIA,3162,INDIA,,,"CLOUD, CRYSTAL, NEEDLE",NO
1678414,6233818918,ROUND,1.33,I,VS1,EX,EX,EX,NONE,6.92-6.98*4.37,,62.9,58,GIA,3725,INDIA,,,"CRYSTAL, NEEDLE",NO
1347289,5232771984,ROUND,1.26,I,VS1,EX,EX,EX,NONE,6.84-6.89*4.29,,62.5,59,GIA,3327,INDIA,,,"CRYSTAL, FEATHER, NEEDLE",NO
1350272,2235834503,ROUND,1.21,I,VS1,EX,EX,EX,NONE,6.77-6.82*4.2,,61.8,57,GIA,3167,INDIA,,,"CRYSTAL, NEEDLE",NO
1410562,6237832248,ROUND,1.20,I,VS1,EX,EX,EX,NONE,6.71-6.77*4.18,,62,58,GIA,3196,INDIA,,,"CLOUD, FEATHER, NEEDLE, NATURAL",NO
7723456,3545233282,ROUND,1.40,J,VS1,EX,EX,EX,NONE,7.07-7.12*4.42,,62.3,57,GIA,3907,HONG KONG,,,"CLOUD, PINPOINT",NO
1298253,2231841555,ROUND,1.20,J,VS1,EX,EX,EX,NONE,6.68-6.74*4.26,,63.5,57,GIA,2484,INDIA,,,"CRYSTAL, FEATHER, PINPOINT",NO
1134452,1236801301,ROUND,1.20,J,VS1,EX,EX,EX,MED,6.69-6.75*4.23,,62.9,59,GIA,2062,INDIA,,,"CRYSTAL, PINPOINT",NO
1435086,2231823611,ROUND,1.20,J,VS1,EX,EX,EX,NONE,6.68-6.74*4.23,,63,57,GIA,2373,INDIA,,,"CRYSTAL, FEATHER, PINPOINT",NO
1535042,1549383233,ROUND,1.31,K,VS1,EX,EX,EX,FAINT,6.9-6.96*4.33,,62.4,58,GIA,2319,INDIA,,,CRYSTAL,NO
1512494,1543383248,ROUND,1.20,K,VS1,EX,EX,EX,MED,6.71-6.75*4.22,,62.7,59,GIA,1890,INDIA,,,"CRYSTAL, FEATHER, PINPOINT",NO
7087241,7536934850,ROUND,1.46,D,VS2,EX,EX,EX,NONE,7.3-7.36*4.43,,60.5,58,GIA,8970,HONG KONG,,,"CRYSTAL, CLOUD, FEATHER, NEEDLE",NO
1206197,1236775539,ROUND,1.30,D,VS2,EX,EX,EX,NONE,7.06-7.1*4.2,,59.4,61,GIA,6530,INDIA,,,"CRYSTAL, FEATHER",NO
7218473,2547029782,ROUND,1.30,D,VS2,EX,EX,EX,NONE,6.88-6.94*4.33,,62.7,58,GIA,6329,HONG KONG,,,"CRYSTAL, CLOUD, FEATHER",NO
1327120,2546126566,ROUND,1.27,D,VS2,EX,EX,EX,NONE,6.88-6.92*4.28,,62.1,59,GIA,6134,INDIA,,,"CRYSTAL, CLOUD, NEEDLE, PINPOINT",NO
1676382,6535797799,ROUND,1.26,D,VS2,EX,EX,EX,NONE,6.81-6.86*4.29,,62.7,59,GIA,6037,INDIA,,,"CLOUD, CRYSTAL, FEATHER, NEEDLE",NO
1718825,3545268576,ROUND,1.24,D,VS2,EX,EX,EX,NONE,6.78-6.83*4.27,,62.7,58,GIA,5366,INDIA,,,"CRYSTAL, CLOUD, FEATHER, INDENTED NATURAL",NO
7811525,7541233297,ROUND,1.23,D,VS2,EX,EX,EX,FAINT,6.81-6.86*4.22,,61.7,58,GIA,5085,HONG KONG,,,"CLOUD, CRYSTAL, NEEDLE",NO
3018905,6535857846,ROUND,1.22,D,VS2,EX,EX,EX,STG,6.73-6.79*4.24,,62.7,58,GIA,3771,HONG KONG,,,"CRYSTAL, FEATHER, CLOUD, NEEDLE, PINPOINT",NO
1793560,1535797841,ROUND,1.20,D,VS2,EX,EX,EX,NONE,6.74-6.77*4.21,,62.4,57,GIA,5332,INDIA,,,"CRYSTAL, FEATHER, CLOUD, NATURAL",NO
1822126,1232821055,ROUND,1.20,D,VS2,EX,EX,EX,NONE,6.68-6.74*4.22,,62.9,58,GIA,5750,INDIA,,,"CLOUD, FEATHER",NO
3900816,6541317379,ROUND,1.41,E,VS2,EX,EX,EX,MED,7.12-7.16*4.47,,62.6,58,GIA,5973,HONG KONG,,,"CRYSTAL, CLOUD, NEEDLE",NO
1961328,1236832102,ROUND,1.33,E,VS2,EX,EX,EX,NONE,7.02-7.07*4.36,,61.8,58,GIA,6003,INDIA,,,"CRYSTAL, FEATHER, NEEDLE",NO
1510771,1236823650,ROUND,1.30,E,VS2,EX,EX,EX,NONE,6.87-6.93*4.4,,63.7,56,GIA,5552,INDIA,,,"CRYSTAL, CLOUD, NEEDLE, PINPOINT, NATURAL",NO
1111825,2235823675,ROUND,1.40,F,VS2,EX,EX,EX,NONE,7.07-7.12*4.45,,62.7,56,GIA,7069,INDIA,,,"FEATHER, NEEDLE, PINPOINT",NO
3150403,2546317441,ROUND,1.35,F,VS2,EX,EX,EX,NONE,6.97-7.02*4.39,,62.7,59,GIA,6012,HONG KONG,,,"CRYSTAL, CLOUD, FEATHER",NO
1159711,2235775516,ROUND,1.32,F,VS2,EX,EX,EX,STG,6.92-6.96*4.34,,62.6,59,GIA,4015,INDIA,,,"CRYSTAL, PINPOINT, NATURAL",NO
3628822,2536662701,ROUND,1.30,F,VS2,EX,EX,EX,NONE,6.91-6.95*4.34,,62.6,57,GIA,5504,HONG KONG,,,"CRYSTAL, FEATHER, CLOUD, NEEDLE",NO
1458313,6545434247,ROUND,1.20,F,VS2,EX,EX,EX,NONE,6.69-6.74*4.21,,62.7,59,GIA,4441,INDIA,,,"CLOUD, CRYSTAL, NEEDLE",NO
1311605,2235832270,ROUND,1.20,F,VS2,EX,EX,EX,NONE,6.73-6.78*4.2,,62.1,59,GIA,4516,INDIA,,,"FEATHER, CRYSTAL, CLOUD, NEEDLE, PINPOINT",NO
1816329,5231775648,ROUND,1.20,F,VS2,EX,EX,EX,NONE,6.71-6.76*4.28,,63.6,56,GIA,4441,INDIA,,,"CRYSTAL, CLOUD, NEEDLE",NO
1219113,2231811316,ROUND,1.42,G,VS2,EX,EX,EX,NONE,7.07-7.13*4.45,,62.7,59,GIA,5962,HONG KONG,,,"CRYSTAL, FEATHER, PINPOINT",NO
1519923,2231841577,ROUND,1.31,G,VS2,EX,EX,EX,STG,6.9-6.95*4.35,,62.8,59,GIA,3816,INDIA,,,"CRYSTAL, CLOUD",NO
1963370,2235832278,ROUND,1.31,G,VS2,EX,EX,EX,NONE,6.94-6.99*4.35,,62.5,58,GIA,4939,INDIA,,,"CLOUD, CRYSTAL, NEEDLE",NO
1618134,2235834008,ROUND,1.20,G,VS2,EX,EX,EX,NONE,6.69-6.73*4.25,,63.3,56,GIA,3838,INDIA,,,"CRYSTAL, FEATHER, NEEDLE, PINPOINT, INDENTED NATURAL",NO
1495893,5231827928,ROUND,1.41,H,VS2,EX,EX,EX,NONE,7.12-7.17*4.46,,62.4,59,GIA,5012,INDIA,,,"CRYSTAL, FEATHER, NEEDLE",NO
1275598,5231832192,ROUND,1.22,H,VS2,EX,EX,EX,NONE,6.77-6.8*4.22,,62.3,58,GIA,3583,INDIA,,,"CLOUD, CRYSTAL, FEATHER, NEEDLE",NO
7248751,5543233213,ROUND,1.21,H,VS2,EX,EX,EX,NONE,6.75-6.79*4.24,,62.6,60,GIA,3273,HONG KONG,,,"CRYSTAL, FEATHER, CLOUD, NEEDLE",NO
1819667,2235841492,ROUND,1.20,H,VS2,EX,EX,EX,NONE,6.75-6.81*4.22,,62.3,59,GIA,3338,INDIA,,,"TWINNING WISP, NEEDLE",NO
1532637,2233826837,ROUND,1.20,H,VS2,EX,EX,EX,FAINT,6.68-6.74*4.22,,62.9,57,GIA,3277,INDIA,,,"FEATHER, NEEDLE, CLOUD, PINPOINT, INDENTED NATURAL",NO
1397365,5231773865,ROUND,1.45,I,VS2,EX,EX,EX,NONE,7.17-7.2*4.52,,62.9,55,GIA,4351,INDIA,,,"CRYSTAL, NEEDLE, FEATHER",NO
1690282,1232834232,ROUND,1.31,I,VS2,EX,EX,EX,NONE,6.91-6.97*4.34,,62.6,57,GIA,3234,INDIA,,,"CRYSTAL, FEATHER",NO
1687310,5232832013,ROUND,1.20,I,VS2,EX,EX,EX,NONE,6.73-6.78*4.22,,62.5,61,GIA,2911,INDIA,,,"CLOUD, CRYSTAL, FEATHER, NEEDLE",NO
7215416,1533364500,ROUND,1.29,J,VS2,EX,EX,EX,NONE,6.89-6.93*4.31,,62.4,59,GIA,2295,INDIA,,,"CRYSTAL, FEATHER, NEEDLE, PINPOINT",NO
1874427,2231622389,ROUND,1.22,J,VS2,EX,EX,EX,VST,6.73-6.78*4.24,,62.8,58,GIA,1898,INDIA,,,"CRYSTAL, CLOUD, FEATHER, NEEDLE",NO
7069395,3545114238,ROUND,1.40,K,VS2,EX,EX,EX,FAINT,7.03-7.08*4.49,,63.6,57,GIA,2720,HONG KONG,,,"FEATHER, PINPOINT",NO
7383450,7543045338,ROUND,1.30,K,VS2,EX,EX,EX,NONE,6.9-6.94*4.28,,61.9,60,GIA,2398,HONG KONG,,,FEATHER,NO
7956649,1538896973,ROUND,1.26,K,VS2,EX,EX,EX,NONE,6.83-6.88*4.25,,62,58,GIA,2210,HONG KONG,,,"CRYSTAL, CLOUD",NO
1278628,1232820869,ROUND,1.40,L,VS2,EX,EX,EX,NONE,7.09-7.14*4.43,,62.3,57,GIA,2488,INDIA,,,"FEATHER, CRYSTAL, NEEDLE",NO
1816372,7546380930,ROUND,1.05,G,FL,EX,EX,EX,NONE,6.45-6.5*4.01,,61.9,58,GIA,5207,INDIA,,,,NO
1645270,2233775797,ROUND,1.01,G,FL,EX,EX,EX,NONE,6.39-6.43*3.98,,62,57,GIA,4870,INDIA,,,,NO
7194199,2547233248,ROUND,1.11,D,IF,EX,EX,EX,NONE,6.59-6.63*4.08,,61.6,58,GIA,10642,HONG KONG,,,,NO
1373847,5231823605,ROUND,1.10,D,IF,EX,EX,EX,MED,6.56-6.61*4.08,,62,59,GIA,6899,INDIA,,,,NO
7638276,2546317224,ROUND,1.05,D,IF,EX,EX,EX,NONE,6.46-6.51*4.02,,61.9,58,GIA,10443,HONG KONG,,,,NO
1101107,2235739308,ROUND,1.02,D,IF,EX,EX,EX,NONE,6.41-6.46*3.98,,61.8,57,GIA,10601,INDIA,,,,NO
1611107,1232804704,ROUND,1.01,D,IF,EX,EX,EX,STG,6.47-6.52*3.88,,59.8,60,GIA,4977,INDIA,,,,NO
1251525,6237817786,ROUND,1.00,D,IF,EX,EX,EX,NONE,6.35-6.39*3.94,,61.8,57,GIA,9946,INDIA,,,,NO
7606763,1533858187,ROUND,1.03,E,IF,EX,EX,EX,NONE,6.42-6.46*3.99,,61.9,58,GIA,7426,HONG KONG,,,,NO
1765962,5232841472,ROUND,1.02,E,IF,EX,EX,EX,MED,6.39-6.43*3.95,,61.6,59,GIA,4998,INDIA,,,,NO
1246544,5232834277,ROUND,1.01,E,IF,EX,EX,EX,NONE,6.33-6.38*3.99,,62.8,59,GIA,7211,INDIA,,,,NO
7209495,6545233474,ROUND,1.01,E,IF,EX,EX,EX,NONE,6.39-6.42*3.96,,61.8,58,GIA,7282,HONG KONG,,,,NO
1568377,1236828016,ROUND,1.00,E,IF,EX,EX,EX,NONE,6.3-6.35*3.98,,62.9,59,GIA,6790,INDIA,,,,NO
7481608,7533934456,ROUND,1.05,F,IF,EX,EX,EX,NONE,6.44-6.49*4.03,,62.4,59,GIA,6480,HONG KONG,,,,NO
7622092,6541317204,ROUND,1.04,F,IF,EX,EX,EX,FAINT,6.44-6.48*4,,61.9,58,GIA,5422,HONG KONG,,,,NO
1872672,1232731667,ROUND,1.03,F,IF,EX,EX,EX,NONE,6.43-6.47*3.99,,61.8,59,GIA,6048,INDIA,,,,NO
1758986,2235827953,ROUND,1.02,F,IF,EX,EX,EX,FAINT,6.41-6.46*3.98,,61.9,57,GIA,5256,INDIA,,,,NO
3621636,3535773319,ROUND,1.01,F,IF,EX,EX,EX,NONE,6.37-6.42*4.01,,62.7,58,GIA,5870,HONG KONG,,,,NO
1277541,6237818726,ROUND,1.01,F,IF,EX,EX,EX,NONE,6.31-6.36*3.98,,62.9,58,GIA,5991,INDIA,,,,NO
7527681,5536773240,ROUND,1.01,F,IF,EX,EX,EX,NONE,6.47-6.52*3.92,,60.4,60,GIA,5870,HONG KONG,,,,NO
1457251,6233828126,ROUND,1.01,F,IF,EX,EX,EX,NONE,6.36-6.41*4.01,,62.8,59,GIA,6112,INDIA,,,,NO
1537743,2235775685,ROUND,1.00,F,IF,EX,EX,EX,FAINT,6.31-6.36*3.99,,62.9,56,GIA,4854,INDIA,,,,NO
1892310,2235774006,ROUND,1.00,F,IF,EX,EX,EX,NONE,6.35-6.41*3.93,,61.6,60,GIA,5692,INDIA,,,,NO
1395483,1232821030,ROUND,1.08,G,IF,EX,EX,EX,NONE,6.5-6.54*4.1,,62.8,58,GIA,4662,INDIA,,,,NO
7655182,6535456724,ROUND,1.07,G,IF,EX,EX,EX,NONE,6.44-6.49*4.05,,62.7,59,GIA,4520,HONG KONG,,,,NO
1396002,2235834321,ROUND,1.05,G,IF,EX,EX,EX,NONE,6.47-6.51*4.01,,61.9,58,GIA,4629,INDIA,,,,NO
1575143,2235828982,ROUND,1.03,G,IF,EX,EX,EX,NONE,6.4-6.45*4.02,,62.5,59,GIA,4635,INDIA,,,,NO
3323165,6535934543,ROUND,1.02,G,IF,EX,EX,EX,NONE,6.38-6.42*3.94,,61.6,59,GIA,4684,HONG KONG,,,,NO
1714768,2231834012,ROUND,1.02,G,IF,EX,EX,EX,FAINT,6.42-6.45*3.97,,61.7,57,GIA,4169,INDIA,,,,NO
7839611,6545233555,ROUND,1.02,G,IF,EX,EX,EX,NONE,6.41-6.46*3.99,,62,60,GIA,4684,HONG KONG,,,,NO
1610366,1232829052,ROUND,1.00,G,IF,EX,EX,EX,FAINT,6.29-6.35*3.97,,62.8,58,GIA,3857,INDIA,,,,NO
7932650,2546233383,ROUND,1.07,H,IF,EX,EX,EX,NONE,6.47-6.52*4.05,,62.3,58,GIA,3472,HONG KONG,,,,NO
7094148,5543233200,ROUND,1.00,H,IF,EX,EX,EX,NONE,6.31-6.36*3.97,,62.6,59,GIA,3314,HONG KONG,,,,NO
1102756,7532376806,ROUND,1.00,H,IF,EX,EX,EX,NONE,6.32-6.37*3.96,,62.4,61,GIA,3006,INDIA,,,,NO
7309089,7548317465,ROUND,1.05,I,IF,EX,EX,EX,FAINT,6.46-6.51*4.01,,61.9,57,GIA,2844,HONG KONG,,,,NO
1682608,5231832099,ROUND,1.01,I,IF,EX,EX,EX,STG,6.35-6.38*3.99,,62.7,57,GIA,2441,INDIA,,,,NO
7561368,7531934556,ROUND,1.01,I,IF,EX,EX,EX,NONE,6.42-6.46*3.91,,60.8,60,GIA,2912,HONG KONG,,,,NO
3050608,6522974804,ROUND,1.05,J,IF,EX,EX,EX,NONE,6.41-6.46*4.04,,62.9,58,GIA,2250,HONG KONG,,,,NO
1761024,2231832225,ROUND,1.02,J,IF,EX,EX,EX,NONE,6.4-6.44*4.01,,62.4,54,GIA,2456,INDIA,,,,NO
1284610,2547035731,ROUND,1.00,J,IF,EX,EX,EX,NONE,6.44-6.49*3.88,,60.1,60,GIA,2264,INDIA,,,,NO
1416415,1232811313,ROUND,1.01,K,IF,EX,EX,EX,NONE,6.33-6.38*3.98,,62.7,57,GIA,1924,INDIA,,,,NO
7052369,1543317251,ROUND,1.10,D,VVS1,EX,EX,EX,NONE,6.58-6.62*4.07,,61.6,58,GIA,8594,HONG KONG,,,PINPOINT,NO
1971640,2231804960,ROUND,1.05,D,VVS1,EX,EX,EX,STG,6.49-6.53*3.99,,61.3,59,GIA,4516,INDIA,,,FEATHER,NO
1417188,2235832065,ROUND,1.05,D,VVS1,EX,EX,EX,NONE,6.48-6.53*4.02,,61.9,58,GIA,7903,INDIA,,,PINPOINT,NO
1397544,2235818778,ROUND,1.05,D,VVS1,EX,EX,EX,NONE,6.46-6.51*3.99,,61.5,58,GIA,7903,HONG KONG,,,PINPOINT,NO
1397448,6237841591,ROUND,1.01,D,VVS1,EX,EX,EX,FAINT,6.3-6.35*4.02,,63.6,56,GIA,6081,INDIA,,,"PINPOINT, FEATHER",NO
7489558,6525922898,ROUND,1.01,D,VVS1,EX,EX,EX,NONE,6.4-6.44*3.97,,61.8,60,GIA,7674,HONG KONG,,,PINPOINT,NO
1883145,1232599559,ROUND,1.01,D,VVS1,EX,EX,EX,VST,6.42-6.46*3.94,,61.2,62,GIA,4199,INDIA,,,PINPOINT,NO
7557199,2537662690,ROUND,1.01,D,VVS1,EX,EX,EX,NONE,6.4-6.44*3.97,,61.8,57,GIA,7384,HONG KONG,,,"CLOUD, PINPOINT, FEATHER",NO
1277922,5533790231,ROUND,1.00,D,VVS1,EX,EX,EX,NONE,6.45-6.48*3.86,,59.6,61,GIA,7168,INDIA,,,"PINPOINT, FEATHER",NO
1840974,5232804683,ROUND,1.00,D,VVS1,EX,EX,EX,STG,6.28-6.34*3.96,,62.8,59,GIA,4301,INDIA,,,FEATHER,NO
1238543,6545185726,ROUND,1.10,E,VVS1,EX,EX,EX,STG,6.58-6.63*4.11,,62.3,55,GIA,4308,INDIA,,,"PINPOINT, FEATHER",NO
1847290,2233818744,ROUND,1.05,E,VVS1,EX,EX,EX,FAINT,6.47-6.52*3.98,,61.3,58,GIA,5221,INDIA,,,PINPOINT,NO
1953096,5231834046,ROUND,1.03,E,VVS1,EX,EX,EX,MED,6.41-6.44*3.98,,61.9,58,GIA,4354,INDIA,,,"PINPOINT, FEATHER",NO
1301507,5231827934,ROUND,1.03,E,VVS1,EX,EX,EX,NONE,6.46-6.5*3.98,,61.4,58,GIA,6787,INDIA,,,PINPOINT,NO
1364716,2235832134,ROUND,1.03,E,VVS1,EX,EX,EX,FAINT,6.46-6.49*3.98,,61.4,58,GIA,5186,INDIA,,,"CLOUD, PINPOINT",NO
7400371,6545113989,ROUND,1.01,E,VVS1,EX,EX,EX,NONE,6.38-6.43*3.95,,61.7,58,GIA,6467,HONG KONG,,,PINPOINT,NO
1595510,1236832043,ROUND,1.01,E,VVS1,EX,EX,EX,NONE,6.34-6.4*3.99,,62.6,56,GIA,6404,INDIA,,,"PINPOINT, CLOUD, FEATHER",NO
1504942,5231841564,ROUND,1.00,E,VVS1,EX,EX,EX,NONE,6.29-6.34*4.01,,63.6,56,GIA,6216,INDIA,,,"PINPOINT, FEATHER",NO
1900928,2546433436,ROUND,1.00,E,VVS1,EX,EX,EX,MED,6.3-6.35*3.93,,62.2,61,GIA,4289,INDIA,,,FEATHER,NO
1343099,6237840179,ROUND,1.06,F,VVS1,EX,EX,EX,NONE,6.5-6.54*4.04,,62,59,GIA,6103,INDIA,,,FEATHER,NO
7410609,2536789883,ROUND,1.05,F,VVS1,EX,EX,EX,NONE,6.42-6.46*4.04,,62.7,59,GIA,5704,HONG KONG,,,"CLOUD, PINPOINT",NO
3165335,2526974808,ROUND,1.05,F,VVS1,EX,EX,EX,NONE,6.42-6.47*4.06,,62.9,56,GIA,5761,HONG KONG,,,PINPOINT,NO
1240577,6531733124,ROUND,1.05,F,VVS1,EX,EX,EX,NONE,6.45-6.5*4.04,,62.4,56,GIA,5704,INDIA,,,"PINPOINT, FEATHER",NO
1522186,2235823494,ROUND,1.04,F,VVS1,EX,EX,EX,NONE,6.49-6.54*3.95,,60.6,59,GIA,5649,INDIA,,,PINPOINT,NO
7595739,7543233243,ROUND,1.03,F,VVS1,EX,EX,EX,NONE,6.4-6.44*3.98,,62,58,GIA,5763,HONG KONG,,,"CLOUD, FEATHER",NO
1152880,2546433049,ROUND,1.02,F,VVS1,EX,EX,EX,NONE,6.38-6.43*3.97,,62,57,GIA,5707,INDIA,,,"PINPOINT, CLOUD",NO
1340470,2235823451,ROUND,1.01,F,VVS1,EX,EX,EX,FAINT,6.36-6.41*3.98,,62.3,59,GIA,4609,INDIA,,,FEATHER,NO
1278474,5231832240,ROUND,1.01,F,VVS1,EX,EX,EX,NONE,6.4-6.46*3.98,,61.8,59,GIA,5761,INDIA,,,"PINPOINT, FEATHER",NO
1395143,6237827921,ROUND,1.01,F,VVS1,EX,EX,EX,NONE,6.45-6.5*3.96,,61.1,58,GIA,5706,INDIA,,,FEATHER,NO
3418960,2536934672,ROUND,1.00,F,VVS1,EX,EX,EX,NONE,6.49-6.54*3.91,,59.9,55,GIA,5704,HONG KONG,,,FEATHER,NO
7647770,6541317059,ROUND,1.00,F,VVS1,EX,EX,EX,NONE,6.3-6.35*3.99,,63.1,58,GIA,5595,HONG KONG,,,FEATHER,NO
1313771,1236841510,ROUND,1.00,F,VVS1,EX,EX,EX,NONE,6.3-6.35*4.02,,63.5,56,GIA,5541,INDIA,,,"CLOUD, FEATHER",NO
1579921,5232834229,ROUND,1.00,F,VVS1,EX,EX,EX,MED,6.32-6.36*3.99,,62.9,58,GIA,4128,INDIA,,,FEATHER,NO
1161750,1543433888,ROUND,1.00,F,VVS1,EX,EX,EX,NONE,6.33-6.38*3.97,,62.5,61,GIA,5486,INDIA,,,"CLOUD, PINPOINT, FEATHER",NO
7481317,6541233518,ROUND,1.04,G,VVS1,EX,EX,EX,NONE,6.52-6.57*3.97,,60.6,58,GIA,4439,HONG KONG,,,"CLOUD, FEATHER",NO
7939834,1547233435,ROUND,1.01,G,VVS1,EX,EX,EX,NONE,6.38-6.41*3.96,,61.8,59,GIA,4311,HONG KONG,,,CLOUD,NO
7159990,2537934471,ROUND,1.01,G,VVS1,EX,EX,EX,NONE,6.35-6.4*3.97,,62.3,58,GIA,4185,HONG KONG,,,PINPOINT,NO
1666139,2235811368,ROUND,1.01,G,VVS1,EX,EX,EX,NONE,6.45-6.5*3.93,,60.7,62,GIA,4144,INDIA,,,FEATHER,NO
7106790,2546317399,ROUND,1.07,H,VVS1,EX,EX,EX,NONE,6.53-6.56*4.02,,61.4,59,GIA,3456,HONG KONG,,,PINPOINT,NO
1681457,2546157445,ROUND,1.01,H,VVS1,EX,EX,EX,MED,6.52-6.57*3.9,,59.6,59,GIA,2550,INDIA,,,"PINPOINT, FEATHER",NO
1417350,1232841514,ROUND,1.01,H,VVS1,EX,EX,EX,NONE,6.35-6.39*4.01,,63,58,GIA,3104,INDIA,,,"PINPOINT, FEATHER",NO
1857341,1232827885,ROUND,1.00,H,VVS1,EX,EX,EX,NONE,6.32-6.36*4.02,,63.5,52,GIA,3011,INDIA,,,"CLOUD, FEATHER",NO
1487332,2231827957,ROUND,1.06,I,VVS1,EX,EX,EX,NONE,6.45-6.49*4.07,,62.9,57,GIA,2874,INDIA,,,"PINPOINT, FEATHER",NO
3115862,3525974816,ROUND,1.06,I,VVS1,EX,EX,EX,NONE,6.45-6.5*4.08,,63,58,GIA,2929,INDIA,,,PINPOINT,NO
7066126,7528931909,ROUND,1.05,I,VVS1,EX,EX,EX,FAINT,6.5-6.54*4.04,,61.9,55,GIA,2736,INDIA,,,"CLOUD, PINPOINT",NO
1335326,6522314540,ROUND,1.01,I,VVS1,EX,EX,EX,NONE,6.4-6.45*3.99,,62,60,GIA,2818,INDIA,,,"PINPOINT, FEATHER",NO
7430370,7546317159,ROUND,1.01,I,VVS1,EX,EX,EX,NONE,6.38-6.43*4,,62.4,58,GIA,2844,HONG KONG,,,FEATHER,NO
1793601,2527245250,ROUND,1.00,I,VVS1,EX,EX,EX,NONE,6.41-6.47*3.87,,60.1,61,GIA,2790,INDIA,,,FEATHER,NO
1327625,6545382926,ROUND,1.00,I,VVS1,EX,EX,EX,NONE,6.29-6.35*4.01,,63.4,58,GIA,2632,INDIA,,,FEATHER,NO
7778476,7506012948,ROUND,1.00,I,VVS1,EX,EX,EX,NONE,6.36-6.41*4,,62.6,54,GIA,2790,INDIA,,,Feather,NO
1738021,6532488385,ROUND,1.00,I,VVS1,EX,EX,EX,FAINT,6.34-6.37*4,,62.9,56,GIA,2369,INDIA,,,FEATHER,NO
1206406,1543160247,ROUND,1.09,J,VVS1,EX,EX,EX,NONE,6.5-6.54*4.1,,62.9,58,GIA,2357,INDIA,,,,NO
7304491,7541317412,ROUND,1.08,J,VVS1,EX,EX,EX,NONE,6.48-6.53*4.09,,62.9,56,GIA,2429,HONG KONG,,,PINPOINT,NO
7333022,6542114643,ROUND,1.06,J,VVS1,EX,EX,EX,NONE,6.42-6.47*4.04,,62.7,58,GIA,2384,HONG KONG,,,"PINPOINT, FEATHER",NO
7408942,6542114617,ROUND,1.05,J,VVS1,EX,EX,EX,FAINT,6.43-6.48*4.06,,62.9,56,GIA,2087,HONG KONG,,,PINPOINT,NO
1758468,5546382951,ROUND,1.03,J,VVS1,EX,EX,EX,MED,6.49-6.52*3.99,,61.3,59,GIA,1957,INDIA,,,PINPOINT,NO
1141434,1232823582,ROUND,1.00,J,VVS1,EX,EX,EX,NONE,6.33-6.39*4.01,,63.1,53,GIA,2184,INDIA,,,"PINPOINT, FEATHER",NO
7546720,3545317391,ROUND,1.13,D,VVS2,EX,EX,EX,NONE,6.62-6.66*4.1,,61.7,59,GIA,6445,HONG KONG,,,"PINPOINT, CLOUD",NO
1780277,2235775544,ROUND,1.05,D,VVS2,EX,EX,EX,FAINT,6.49-6.52*4.02,,61.7,58,GIA,4620,INDIA,,,"CLOUD, PINPOINT",NO
1653269,5232834209,ROUND,1.03,D,VVS2,EX,EX,EX,MED,6.39-6.44*3.97,,61.9,59,GIA,4476,INDIA,,,PINPOINT,NO
1532524,2235820839,ROUND,1.01,D,VVS2,EX,EX,EX,NONE,6.33-6.38*3.99,,62.7,56,GIA,5980,INDIA,,,PINPOINT,NO
1684043,5231827925,ROUND,1.01,D,VVS2,EX,EX,EX,NONE,6.38-6.44*3.92,,61.2,60,GIA,5980,INDIA,,,PINPOINT,NO
1939651,2231802862,ROUND,1.00,D,VVS2,EX,EX,EX,FAINT,6.31-6.37*3.93,,62,59,GIA,4454,INDIA,,,"FEATHER, INDENTED NATURAL, CAVITY, NATURAL",NO
1692802,6237804964,ROUND,1.00,D,VVS2,EX,EX,EX,NONE,6.32-6.37*4.03,,63.5,52,GIA,5595,INDIA,,,CLOUD,NO
7757088,6542029861,ROUND,1.03,E,VVS2,EX,EX,EX,NONE,6.53-6.58*3.91,,59.7,58,GIA,5279,HONG KONG,,,"NEEDLE, PINPOINT",NO
1605386,2233832124,ROUND,1.01,E,VVS2,EX,EX,EX,NONE,6.36-6.39*3.99,,62.6,58,GIA,5077,INDIA,,,"PINPOINT, NEEDLE, FEATHER, NATURAL",NO
1357665,7548432871,ROUND,1.00,E,VVS2,EX,EX,EX,NONE,6.3-6.35*4.01,,63.4,56,GIA,5125,INDIA,,,"PINPOINT, FEATHER",NO
3846095,1533934579,ROUND,1.17,F,VVS2,EX,EX,EX,NONE,6.72-6.75*4.15,,61.6,55,GIA,5609,HONG KONG,,,PINPOINT,NO
1826645,6542383282,ROUND,1.02,F,VVS2,EX,EX,EX,NONE,6.43-6.47*3.96,,61.3,58,GIA,4798,INDIA,,,"PINPOINT, CLOUD, FEATHER",NO
1257299,6233778527,ROUND,1.02,F,VVS2,EX,EX,EX,VST,6.39-6.41*4.01,,62.6,59,GIA,3016,INDIA,,,PINPOINT,NO
1559203,2235821026,ROUND,1.02,F,VVS2,EX,EX,EX,MED,6.45-6.47*3.96,,61.3,58,GIA,3473,INDIA,,,PINPOINT,NO
7117895,1535456660,ROUND,1.00,F,VVS2,EX,EX,EX,FAINT,6.31-6.35*3.97,,62.7,59,GIA,3830,HONG KONG,,,PINPOINT,NO
1867170,1232841499,ROUND,1.07,G,VVS2,EX,EX,EX,NONE,6.46-6.51*4.05,,62.6,58,GIA,4095,INDIA,,,"CLOUD, PINPOINT",NO
1446244,7548433337,ROUND,1.05,G,VVS2,EX,EX,EX,FAINT,6.45-6.5*4.01,,62,57,GIA,3506,INDIA,,,PINPOINT,NO
1875673,5232833918,ROUND,1.01,G,VVS2,EX,EX,EX,NONE,6.36-6.4*3.95,,61.9,59,GIA,3903,INDIA,,,"CLOUD, PINPOINT",NO
1108874,5232834206,ROUND,1.00,G,VVS2,EX,EX,EX,NONE,6.42-6.47*3.93,,61,60,GIA,3977,INDIA,,,PINPOINT,NO
61961,6237647306,ROUND,1.10,H,VVS2,EX,EX,EX,FAINT,6.64-6.68*4.07,,61.1,59,GIA,3459,INDIA,,,"Needle,Pinpoint,Feather",NO
1596056,2235841473,ROUND,1.05,H,VVS2,EX,EX,EX,NONE,6.44-6.5*4.05,,62.6,59,GIA,3058,INDIA,,,"CLOUD, PINPOINT",NO
1131767,1232794834,ROUND,1.01,H,VVS2,EX,EX,EX,STG,6.34-6.39*3.99,,62.7,58,GIA,2265,INDIA,,,PINPOINT,NO
1670733,5231841468,ROUND,1.01,H,VVS2,EX,EX,EX,NONE,6.35-6.4*3.91,,61.4,60,GIA,2941,INDIA,,,"NEEDLE, CLOUD, PINPOINT, FEATHER",NO
1618916,5231832044,ROUND,1.01,H,VVS2,EX,EX,EX,FAINT,6.33-6.37*3.98,,62.6,58,GIA,2735,INDIA,,,"PINPOINT, FEATHER, NATURAL",NO
1149900,6237811228,ROUND,1.00,H,VVS2,EX,EX,EX,STG,6.31-6.35*3.99,,63.1,58,GIA,2184,INDIA,,,PINPOINT,NO
1841417,2231827942,ROUND,1.07,I,VVS2,EX,EX,EX,NONE,6.45-6.48*4.05,,62.7,58,GIA,2716,INDIA,,,"NEEDLE, PINPOINT",NO
1801990,2548433305,ROUND,1.07,I,VVS2,EX,EX,EX,NONE,6.5-6.53*4.03,,61.8,58,GIA,2847,INDIA,,,PINPOINT,NO
7256089,6532934538,ROUND,1.06,I,VVS2,EX,EX,EX,FAINT,6.47-6.51*4.05,,62.4,56,GIA,2712,HONG KONG,,,"NEEDLE, PINPOINT",NO
1967704,6522909104,ROUND,1.06,I,VVS2,EX,EX,EX,NONE,6.49-6.53*4.07,,62.6,59,GIA,2742,INDIA,,,"NEEDLE, PINPOINT",NO
1151022,6237745816,ROUND,1.00,I,VVS2,EX,EX,EX,NONE,6.31-6.36*3.96,,62.5,56,GIA,2316,INDIA,,,"FEATHER, INDENTED NATURAL, NATURAL",NO
1324686,2527909991,ROUND,1.00,I,VVS2,EX,EX,EX,FAINT,6.3-6.35*4.02,,63.5,55,GIA,2048,INDIA,,,"NEEDLE, FEATHER, PINPOINT, NATURAL",NO
7175830,6495878026,ROUND,1.00,I,VVS2,EX,EX,EX,NONE,6.33-6.38*4,,62.9,56,GIA,2632,INDIA,,,Cloud,NO
1702467,5232773728,ROUND,1.00,I,VVS2,EX,EX,EX,NONE,6.31-6.36*3.93,,62,61,GIA,2415,INDIA,,,"FEATHER, PINPOINT, CLOUD, NATURAL",NO
1590488,2233841449,ROUND,1.00,I,VVS2,EX,EX,EX,NONE,6.29-6.34*4.02,,63.7,56,GIA,2415,INDIA,,,"INDENTED NATURAL, FEATHER, NATURAL",NO
1346861,2235750847,ROUND,1.00,I,VVS2,EX,EX,EX,NONE,6.33-6.38*4,,62.9,55,GIA,2537,INDIA,,,"NEEDLE, PINPOINT, FEATHER",NO
1331020,1533812182,ROUND,1.00,I,VVS2,EX,EX,EX,FAINT,6.35-6.4*3.93,,61.6,60,GIA,2464,HONG KONG,,,"PINPOINT, FEATHER",NO
1931520,2235794798,ROUND,1.00,I,VVS2,EX,EX,EX,MED,6.29-6.34*3.97,,62.9,57,GIA,2390,INDIA,,,"PINPOINT, FEATHER, INDENTED NATURAL",NO
1978969,5231821049,ROUND,1.05,J,VVS2,EX,EX,EX,NONE,6.47-6.52*3.99,,61.4,59,GIA,2244,INDIA,,,PINPOINT,NO
7186107,7546233190,ROUND,1.05,J,VVS2,EX,EX,EX,NONE,6.45-6.49*4.05,,62.6,59,GIA,2138,HONG KONG,,,"CLOUD, NEEDLE, PINPOINT",NO
7007700,2546114569,ROUND,1.03,J,VVS2,EX,EX,EX,NONE,6.4-6.45*4.03,,62.7,56,GIA,2056,HONG KONG,,,"NEEDLE, FEATHER",NO
7326557,1547045384,ROUND,1.02,J,VVS2,EX,EX,EX,NONE,6.36-6.41*3.95,,61.9,59,GIA,1974,HONG KONG,,,"FEATHER, CLOUD",NO
7860230,2538105382,ROUND,1.01,J,VVS2,EX,EX,EX,NONE,6.36-6.39*3.99,,62.6,57,GIA,1975,HONG KONG,,,"NEEDLE, CLOUD, FEATHER",NO
1744270,2526737856,ROUND,1.01,K,VVS2,EX,EX,EX,FAINT,6.38-6.42*3.98,,62.2,59,GIA,1727,INDIA,,,NEEDLE,NO
1765877,2524910001,ROUND,1.00,L,VVS2,EX,EX,EX,MED,6.43-6.48*3.95,,61.2,60,GIA,1434,INDIA,,,"PINPOINT, NEEDLE",NO
1922029,5232775528,ROUND,1.06,D,VS1,EX,EX,EX,VST,6.43-6.48*4.05,,62.7,59,GIA,3153,INDIA,,,"CRYSTAL, CLOUD, NEEDLE, PINPOINT",NO
7229365,6542114025,ROUND,1.05,D,VS1,EX,EX,EX,NONE,6.54-6.58*3.94,,60,59,GIA,4978,HONG KONG,,,"CRYSTAL, CLOUD, FEATHER, NEEDLE",NO
1509004,2544383235,ROUND,1.05,D,VS1,EX,EX,EX,MED,6.52-6.55*4.03,,61.7,56,GIA,3709,INDIA,,,"CRYSTAL, FEATHER, PINPOINT",NO
1801693,5232829029,ROUND,1.04,D,VS1,EX,EX,EX,STG,6.44-6.49*4,,61.8,59,GIA,3190,INDIA,,,"CRYSTAL, PINPOINT",NO
1904345,6237823445,ROUND,1.03,D,VS1,EX,EX,EX,STG,6.41-6.46*4.04,,62.8,56,GIA,3160,INDIA,,,"CRYSTAL, CLOUD, PINPOINT",NO
1151748,1232834213,ROUND,1.02,D,VS1,EX,EX,EX,STG,6.39-6.44*4.01,,62.5,59,GIA,3176,INDIA,,,"CRYSTAL, NEEDLE, PINPOINT, INDENTED NATURAL",NO
1765372,1232820969,ROUND,1.01,D,VS1,EX,EX,EX,FAINT,6.41-6.46*3.95,,61.3,58,GIA,3943,INDIA,,,"CLOUD, FEATHER, PINPOINT",NO
1803910,6541191004,ROUND,1.01,D,VS1,EX,EX,EX,FAINT,6.33-6.38*3.98,,62.6,58,GIA,4131,INDIA,,,"CLOUD, PINPOINT",NO
1786719,2233827865,ROUND,1.01,D,VS1,EX,EX,EX,NONE,6.43-6.47*3.98,,61.7,57,GIA,5164,INDIA,,,"CRYSTAL, FEATHER, CLOUD, NEEDLE, PINPOINT",NO
1459093,5231823602,ROUND,1.00,D,VS1,EX,EX,EX,NONE,6.3-6.34*4.02,,63.5,57,GIA,4834,INDIA,,,"CLOUD, FEATHER, INDENTED NATURAL, NATURAL",NO
1489228,2231818860,ROUND,1.11,E,VS1,EX,EX,EX,FAINT,6.58-6.63*4.08,,61.8,59,GIA,4009,INDIA,,,"CRYSTAL, CLOUD, NEEDLE, PINPOINT",NO
1467723,6545149729,ROUND,1.07,E,VS1,EX,EX,EX,MED,6.47-6.52*4.04,,62.1,59,GIA,3146,INDIA,,,"TWINNING WISP, CLOUD",NO
7887900,6542233566,ROUND,1.03,E,VS1,EX,EX,EX,NONE,6.55-6.59*3.94,,60,59,GIA,4629,HONG KONG,,,"CRYSTAL, FEATHER, NEEDLE",NO
1235322,5546433863,ROUND,1.02,E,VS1,EX,EX,EX,NONE,6.39-6.44*3.97,,61.9,58,GIA,4541,INDIA,,,"CRYSTAL, CLOUD, PINPOINT",NO
1874197,5231832209,ROUND,1.01,E,VS1,EX,EX,EX,NONE,6.38-6.43*3.95,,61.7,59,GIA,4539,INDIA,,,CRYSTAL,NO
7281447,2538858054,ROUND,1.01,E,VS1,EX,EX,EX,NONE,6.31-6.37*3.98,,62.8,58,GIA,4497,HONG KONG,,,"CLOUD, CRYSTAL, FEATHER, NEEDLE",NO
1725810,2231818717,ROUND,1.01,E,VS1,EX,EX,EX,NONE,6.33-6.39*3.97,,62.4,59,GIA,4497,INDIA,,,"FEATHER, PINPOINT",NO
1457618,7548434184,ROUND,1.00,E,VS1,EX,EX,EX,NONE,6.3-6.35*3.97,,62.8,58,GIA,4368,INDIA,,,"CLOUD, PINPOINT",NO
1833712,7543434316,ROUND,1.00,E,VS1,EX,EX,EX,NONE,6.3-6.35*4.02,,63.5,56,GIA,4326,INDIA,,,"CLOUD, FEATHER, INDENTED NATURAL, NEEDLE",NO
1144361,5232773807,ROUND,1.14,F,VS1,EX,EX,EX,MED,6.6-6.63*4.16,,62.8,57,GIA,3278,INDIA,,,"CRYSTAL, FEATHER, PINPOINT, NEEDLE, CLOUD",NO
7046603,6532858166,ROUND,1.06,F,VS1,EX,EX,EX,NONE,6.48-6.53*4.06,,62.4,59,GIA,4198,HONG KONG,,,"CRYSTAL, FEATHER, NEEDLE, PINPOINT",NO
7693410,6541029555,ROUND,1.03,F,VS1,EX,EX,EX,NONE,6.38-6.42*4.01,,62.6,58,GIA,4275,HONG KONG,,,"FEATHER, CLOUD, NEEDLE, PINPOINT",NO
1261585,1548433513,ROUND,1.02,F,VS1,EX,EX,EX,FAINT,6.37-6.41*4,,62.6,57,GIA,3340,INDIA,,,NEEDLE,NO
1813073,2544434303,ROUND,1.01,F,VS1,EX,EX,EX,FAINT,6.41-6.43*3.96,,61.7,59,GIA,3500,INDIA,,,"CLOUD, NEEDLE, PINPOINT",NO
1633006,6541434404,ROUND,1.01,F,VS1,EX,EX,EX,NONE,6.44-6.49*3.95,,61.1,56,GIA,4154,INDIA,,,"CRYSTAL, PINPOINT",NO
7700021,7542029818,ROUND,1.00,F,VS1,EX,EX,EX,NONE,6.32-6.37*3.98,,62.7,61,GIA,4075,HONG KONG,,,"CLOUD, FEATHER",NO
1257360,7548433523,ROUND,1.00,F,VS1,EX,EX,EX,FAINT,6.3-6.35*4,,63.3,55,GIA,3351,INDIA,,,"FEATHER, NEEDLE, NATURAL",NO
1867410,2235832164,ROUND,1.00,F,VS1,EX,EX,EX,NONE,6.31-6.36*3.98,,62.8,58,GIA,4075,INDIA,,,"CLOUD, CRYSTAL, FEATHER",NO
1958587,2233832191,ROUND,1.00,F,VS1,EX,EX,EX,NONE,6.32-6.37*3.95,,62.3,59,GIA,4036,INDIA,,,"CLOUD, CRYSTAL, NEEDLE",NO
1747374,2233818951,ROUND,1.13,G,VS1,EX,EX,EX,NONE,6.64-6.69*4.08,,61.3,59,GIA,3846,INDIA,,,"CRYSTAL, FEATHER, NEEDLE, PINPOINT",NO
1558752,2231828071,ROUND,1.05,G,VS1,EX,EX,EX,NONE,6.43-6.48*4.04,,62.6,58,GIA,3677,INDIA,,,"FEATHER, NEEDLE, PINPOINT",NO
1205292,5543181026,ROUND,1.05,G,VS1,EX,EX,EX,NONE,6.6-6.65*3.95,,59.6,59,GIA,3573,INDIA,,,"CLOUD, FEATHER, NEEDLE",NO
3204249,7536934481,ROUND,1.05,G,VS1,EX,EX,EX,NONE,6.4-6.46*4.04,,62.8,58,GIA,3643,HONG KONG,,,"CRYSTAL, NEEDLE, CLOUD",NO
7793484,2534662813,ROUND,1.04,G,VS1,EX,EX,EX,NONE,6.43-6.48*3.99,,61.7,59,GIA,3436,HONG KONG,,,"CRYSTAL, CLOUD, FEATHER, NEEDLE",NO
1356683,2235823672,ROUND,1.03,G,VS1,EX,EX,EX,NONE,6.4-6.45*3.98,,61.9,58,GIA,3607,INDIA,,,"FEATHER, PINPOINT",NO
1136129,1549382911,ROUND,1.02,G,VS1,EX,EX,EX,NONE,6.34-6.39*3.98,,62.6,58,GIA,3589,INDIA,,,"CLOUD, NEEDLE",NO
1437179,1236823532,ROUND,1.01,G,VS1,EX,EX,EX,FAINT,6.37-6.42*3.96,,61.9,58,GIA,2870,INDIA,,,"CRYSTAL, FEATHER, NEEDLE",NO
1785361,7541434273,ROUND,1.01,G,VS1,EX,EX,EX,NONE,6.34-6.4*3.97,,62.3,59,GIA,3537,INDIA,,,"CRYSTAL, FEATHER, NEEDLE, PINPOINT",NO
1236093,2231832050,ROUND,1.01,G,VS1,EX,EX,EX,NONE,6.34-6.38*3.98,,62.5,58,GIA,3504,INDIA,,,"CRYSTAL, FEATHER, PINPOINT",NO
1310002,1543432946,ROUND,1.01,G,VS1,EX,EX,EX,FAINT,6.36-6.42*3.96,,62,62,GIA,2870,INDIA,,,"CRYSTAL, PINPOINT, CLOUD",NO
7293153,7546114130,ROUND,1.01,G,VS1,EX,EX,EX,NONE,6.38-6.43*3.98,,62.1,56,GIA,3537,HONG KONG,,,"FEATHER, NEEDLE, PINPOINT",NO
1954514,1232827862,ROUND,1.01,G,VS1,EX,EX,EX,NONE,6.32-6.37*3.98,,62.7,57,GIA,3637,INDIA,,,FEATHER,NO
7344339,2544277453,ROUND,1.01,G,VS1,EX,EX,EX,STG,6.33-6.38*3.98,,62.6,58,GIA,2570,HONG KONG,,,"CRYSTAL, FEATHER, CLOUD, NEEDLE, NATURAL",NO
1714846,2235832157,ROUND,1.01,G,VS1,EX,EX,EX,NONE,6.4-6.46*3.95,,61.5,59,GIA,3554,INDIA,,,"FEATHER, PINPOINT",NO
1389661,2231832292,ROUND,1.01,G,VS1,EX,EX,EX,NONE,6.35-6.4*3.99,,62.5,60,GIA,3504,INDIA,,,"CLOUD, NEEDLE",NO
1476669,2547433237,ROUND,1.00,G,VS1,EX,EX,EX,NONE,6.38-6.43*3.92,,61.2,62,GIA,3436,INDIA,,,"CLOUD, FEATHER, NEEDLE, PINPOINT, NATURAL",NO
7661801,2547317107,ROUND,1.00,G,VS1,EX,EX,EX,NONE,6.3-6.35*3.97,,62.8,59,GIA,3535,HONG KONG,,,"FEATHER, PINPOINT",NO
1413011,2233746058,ROUND,1.09,H,VS1,EX,EX,EX,FAINT,6.57-6.61*4.1,,62.1,59,GIA,2572,INDIA,,,"CRYSTAL, PINPOINT",NO
1433252,1236803995,ROUND,1.09,H,VS1,EX,EX,EX,MED,6.5-6.56*4.08,,62.6,57,GIA,2632,INDIA,,,"CLOUD, NEEDLE",NO
1792711,5232832271,ROUND,1.05,H,VS1,EX,EX,EX,NONE,6.44-6.5*4,,61.9,58,GIA,3025,INDIA,,,"CRYSTAL, CLOUD, NEEDLE",NO
1870642,2231833925,ROUND,1.03,H,VS1,EX,EX,EX,NONE,6.43-6.47*4.02,,62.3,58,GIA,2968,INDIA,,,"CLOUD, NEEDLE",NO
1392305,1236832295,ROUND,1.02,H,VS1,EX,EX,EX,NONE,6.39-6.44*4.01,,62.5,59,GIA,2967,INDIA,,,"CRYSTAL, CLOUD, NEEDLE",NO
1459721,1543423092,ROUND,1.01,H,VS1,EX,EX,EX,NONE,6.31-6.37*3.99,,62.9,59,GIA,2855,INDIA,,,"CRYSTAL, FEATHER, CLOUD, NEEDLE, INDENTED NATURAL",NO
1232904,1533597364,ROUND,1.01,H,VS1,EX,EX,EX,FAINT,6.38-6.41*3.95,,61.8,58,GIA,2411,INDIA,,,"CLOUD, CRYSTAL, FEATHER",NO
7219156,5543114132,ROUND,1.01,H,VS1,EX,EX,EX,FAINT,6.32-6.37*3.98,,62.7,58,GIA,2661,HONG KONG,,,"FEATHER, NEEDLE",NO
1788028,2231748982,ROUND,1.17,I,VS1,EX,EX,EX,NONE,6.65-6.7*4.19,,62.8,57,GIA,2659,INDIA,,,"CRYSTAL, FEATHER, NEEDLE",NO
7311452,6545233256,ROUND,1.16,I,VS1,EX,EX,EX,NONE,6.64-6.69*4.16,,62.5,58,GIA,2797,HONG KONG,,,"CRYSTAL, PINPOINT, CLOUD",NO
1961271,2231833938,ROUND,1.11,I,VS1,EX,EX,EX,NONE,6.56-6.61*4.13,,62.6,59,GIA,2727,INDIA,,,"CLOUD, NEEDLE",NO
1298387,7521710066,ROUND,1.06,I,VS1,EX,EX,EX,NONE,6.51-6.56*4.05,,62,57,GIA,2714,INDIA,,,"CLOUD, CRYSTAL, NEEDLE",NO
1584621,1538339650,ROUND,1.05,I,VS1,EX,EX,EX,NONE,6.44-6.49*4,,61.8,59,GIA,2435,INDIA,,,"CRYSTAL, NEEDLE",NO
1212714,6531288200,ROUND,1.05,I,VS1,EX,EX,EX,NONE,6.43-6.48*4.03,,62.4,60,GIA,2363,INDIA,,,"CRYSTAL, FEATHER",NO
1235791,1525907988,ROUND,1.04,I,VS1,EX,EX,EX,FAINT,6.49-6.53*3.98,,61.2,59,GIA,2543,INDIA,,,"CLOUD, CRYSTAL",NO
1224655,7542150907,ROUND,1.04,I,VS1,EX,EX,EX,NONE,6.38-6.42*4.02,,62.8,59,GIA,2483,INDIA,,,"CRYSTAL, CLOUD, NEEDLE",NO
7714844,2537858220,ROUND,1.04,I,VS1,EX,EX,EX,NONE,6.45-6.5*4.01,,61.8,59,GIA,2483,HONG KONG,,,"CRYSTAL, FEATHER, PINPOINT",NO
1673113,5232834153,ROUND,1.03,I,VS1,EX,EX,EX,STG,6.46-6.48*4.03,,62.3,58,GIA,2034,INDIA,,,"CRYSTAL, CLOUD, NEEDLE",NO
1436555,1523245226,ROUND,1.02,I,VS1,EX,EX,EX,NONE,6.4-6.44*4.02,,62.7,57,GIA,2553,INDIA,,,"CRYSTAL, FEATHER, CLOUD, NEEDLE",NO
1807409,5232655494,ROUND,1.02,I,VS1,EX,EX,EX,NONE,6.38-6.4*4,,62.5,59,GIA,2665,INDIA,,,"CLOUD, NEEDLE",NO
1286099,1518915782,ROUND,1.01,I,VS1,EX,EX,EX,NONE,6.34-6.39*4,,62.8,59,GIA,2662,INDIA,,,Feather,NO
1948592,3545230176,ROUND,1.01,I,VS1,EX,EX,EX,STG,6.38-6.43*4,,62.5,55,GIA,1925,INDIA,,,,NO
1756431,2231820968,ROUND,1.01,I,VS1,EX,EX,EX,FAINT,6.38-6.41*3.98,,62.3,57,GIA,2481,INDIA,,,"CLOUD, FEATHER, NEEDLE",NO
1620623,7531789394,ROUND,1.01,I,VS1,EX,EX,EX,NONE,6.33-6.38*3.98,,62.7,59,GIA,2458,INDIA,,,"FEATHER, NATURAL",NO
7061776,7526932477,ROUND,1.01,I,VS1,EX,EX,EX,NONE,6.35-6.38*3.97,,62.4,59,GIA,2639,INDIA,,,"CLOUD, FEATHER, NEEDLE",NO
1391937,6237818784,ROUND,1.01,I,VS1,EX,EX,EX,NONE,6.51-6.54*3.9,,59.8,59,GIA,2551,INDIA,,,"CLOUD, CRYSTAL, FEATHER, NEEDLE",NO
1586579,5231823720,ROUND,1.01,I,VS1,EX,EX,EX,STG,6.41-6.44*3.99,,62.1,59,GIA,1994,INDIA,,,CRYSTAL,NO
1906361,5232834252,ROUND,1.00,I,VS1,EX,EX,EX,NONE,6.31-6.36*4,,63.1,55,GIA,2480,INDIA,,,"CLOUD, FEATHER, NEEDLE",NO
1437882,6233775716,ROUND,1.00,I,VS1,EX,EX,EX,NONE,6.3-6.35*4.01,,63.5,56,GIA,2342,INDIA,,,"CRYSTAL, FEATHER, CLOUD, NEEDLE, INDENTED NATURAL, NATURAL",NO
1660450,6237831951,ROUND,1.00,I,VS1,EX,EX,EX,MED,6.29-6.34*4.01,,63.4,55,GIA,2158,INDIA,,,"FEATHER, INDENTED NATURAL, NATURAL",NO
1674280,1232802861,ROUND,1.00,I,VS1,EX,EX,EX,FAINT,6.3-6.35*3.98,,62.9,57,GIA,2359,INDIA,,,"CRYSTAL, CLOUD, NEEDLE, PINPOINT, NATURAL",NO
7326166,7541233335,ROUND,1.00,I,VS1,EX,EX,EX,NONE,6.38-6.43*3.91,,61,60,GIA,2457,HONG KONG,,,"FEATHER, CAVITY, NEEDLE, PINPOINT, NATURAL",NO
1830124,6472868274,ROUND,1.00,I,VS1,EX,EX,EX,NONE,6.35-6.4*4.01,,62.9,52,GIA,2475,INDIA,,,"Feather, Cloud, Pinpoint",NO
1960685,6531790669,ROUND,1.00,I,VS1,EX,EX,EX,NONE,6.29-6.34*4.02,,63.6,56,GIA,2144,INDIA,,,"CRYSTAL, CLOUD, NATURAL",NO
1962073,6535790812,ROUND,1.00,I,VS1,EX,EX,EX,FAINT,6.29-6.34*4.02,,63.7,56,GIA,2043,INDIA,,,"CRYSTAL, FEATHER, NEEDLE, PINPOINT",NO
1681316,5231831955,ROUND,1.00,I,VS1,EX,EX,EX,NONE,6.31-6.35*4.02,,63.5,57,GIA,2385,INDIA,,,"CLOUD, PINPOINT, INDENTED NATURAL",NO
1623598,7546383023,ROUND,1.00,I,VS1,EX,EX,EX,NONE,6.31-6.35*4.02,,63.5,57,GIA,2388,INDIA,,,"FEATHER, INDENTED NATURAL, NATURAL",NO
1960585,6545240589,ROUND,1.00,I,VS1,EX,EX,EX,NONE,6.32-6.35*4.03,,63.6,56,GIA,2388,INDIA,,,"FEATHER, NEEDLE, PINPOINT",NO
7191122,3545029840,ROUND,1.10,J,VS1,EX,EX,EX,NONE,6.53-6.57*4.07,,62.2,59,GIA,1972,HONG KONG,,,"CLOUD, NEEDLE",NO
1647532,2235834195,ROUND,1.08,J,VS1,EX,EX,EX,FAINT,6.49-6.54*4.08,,62.5,59,GIA,1816,INDIA,,,"CRYSTAL, PINPOINT, CLOUD",NO
1536476,5231694089,ROUND,1.05,J,VS1,EX,EX,EX,NONE,6.46-6.5*4.03,,62.2,59,GIA,1766,INDIA,,,"CRYSTAL, FEATHER, PINPOINT",NO
1914282,1537551291,ROUND,1.03,J,VS1,EX,EX,EX,NONE,6.5-6.53*3.95,,60.7,59,GIA,1827,INDIA,,,"FEATHER, CLOUD, NEEDLE, PINPOINT",NO
7070161,1539934531,ROUND,1.02,J,VS1,EX,EX,EX,NONE,6.33-6.38*3.99,,62.8,59,GIA,1866,HONG KONG,,,"CRYSTAL, FEATHER, CLOUD, NEEDLE",NO
7471951,2538790793,ROUND,1.02,J,VS1,EX,EX,EX,NONE,6.35-6.38*3.99,,62.7,57,GIA,1885,INDIA,,,"CLOUD, NEEDLE, PINPOINT",NO
1173912,2235804735,ROUND,1.01,J,VS1,EX,EX,EX,NONE,6.34-6.39*3.99,,62.6,57,GIA,1848,INDIA,,,"CLOUD, CRYSTAL, FEATHER",NO
1352046,2524934875,ROUND,1.01,J,VS1,EX,EX,EX,FAINT,6.37-6.42*3.96,,61.9,60,GIA,1736,INDIA,,,"FEATHER, CRYSTAL, NEEDLE, PINPOINT, CLOUD, NATURAL",NO
3205712,7541317128,ROUND,1.00,J,VS1,EX,EX,EX,STG,6.32-6.35*3.99,,63,56,GIA,1682,HONG KONG,,,"FEATHER, PINPOINT",NO
1431120,5232833955,ROUND,1.00,J,VS1,EX,EX,EX,NONE,6.35-6.4*3.97,,62.3,60,GIA,1848,INDIA,,,"CRYSTAL, FEATHER, NEEDLE, NATURAL",NO
1392854,1232804536,ROUND,1.00,J,VS1,EX,EX,EX,NONE,6.29-6.35*4,,63.3,55,GIA,1830,INDIA,,,"FEATHER, PINPOINT, NATURAL",NO
1200263,2235818889,ROUND,1.00,J,VS1,EX,EX,EX,NONE,6.28-6.34*4.01,,63.6,55,GIA,1774,INDIA,,,"FEATHER, CLOUD, PINPOINT, NATURAL",NO
1566454,1539376839,ROUND,1.00,J,VS1,EX,EX,EX,FAINT,6.39-6.44*3.92,,61.2,59,GIA,1586,INDIA,,,"CRYSTAL, PINPOINT, INDENTED NATURAL",NO
1803986,2231833956,ROUND,1.00,J,VS1,EX,EX,EX,FAINT,6.29-6.34*4.01,,63.5,57,GIA,1682,INDIA,,,"FEATHER, PINPOINT, NATURAL",NO
1149462,1232834217,ROUND,1.05,K,VS1,EX,EX,EX,NONE,6.43-6.48*4.04,,62.6,59,GIA,1808,INDIA,,,"CLOUD, FEATHER, PINPOINT, NEEDLE",NO
7165979,3545233410,ROUND,1.01,K,VS1,EX,EX,EX,MED,6.33-6.38*4,,63,56,GIA,1468,HONG KONG,,,"FEATHER, PINPOINT",NO
1254943,2544355423,ROUND,1.00,L,VS1,EX,EX,EX,FAINT,6.3-6.35*4.02,,63.5,56,GIA,1302,INDIA,,,"CLOUD, FEATHER, PINPOINT, INDENTED NATURAL",NO
1719123,2235821048,ROUND,1.18,D,VS2,EX,EX,EX,VST,6.73-6.79*4.13,,61,59,GIA,3009,INDIA,,,"CRYSTAL, NEEDLE, CLOUD",NO
1661252,2231834254,ROUND,1.07,D,VS2,EX,EX,EX,FAINT,6.52-6.58*4.03,,61.5,58,GIA,3804,INDIA,,,"CRYSTAL, FEATHER, CLOUD, NEEDLE, INDENTED NATURAL",NO
1654614,2231828979,ROUND,1.04,D,VS2,EX,EX,EX,NONE,6.44-6.48*3.99,,61.7,58,GIA,4179,INDIA,,,"CRYSTAL, FEATHER, NEEDLE",NO
7018367,7542233472,ROUND,1.03,D,VS2,EX,EX,EX,NONE,6.44-6.49*3.96,,61.3,56,GIA,4497,HONG KONG,,,"CRYSTAL, CLOUD, FEATHER",NO
1508859,6237833917,ROUND,1.03,D,VS2,EX,EX,EX,STG,6.37-6.42*4,,62.5,59,GIA,2746,INDIA,,,"CLOUD, NEEDLE",NO
1815456,2235832205,ROUND,1.01,D,VS2,EX,EX,EX,NONE,6.37-6.39*3.98,,62.4,56,GIA,4137,INDIA,,,"CLOUD, CRYSTAL, NEEDLE",NO
1434990,5232832061,ROUND,1.01,D,VS2,EX,EX,EX,NONE,6.35-6.38*4.03,,63.3,57,GIA,4449,HONG KONG,,,"CRYSTAL, FEATHER, PINPOINT",NO
1508679,1236829041,ROUND,1.01,D,VS2,EX,EX,EX,NONE,6.36-6.41*3.95,,61.9,58,GIA,4137,INDIA,,,"CRYSTAL, CLOUD, FEATHER, NEEDLE",NO
7700748,6535858202,ROUND,1.01,D,VS2,EX,EX,EX,NONE,6.33-6.38*3.98,,62.6,59,GIA,4332,HONG KONG,,,"CRYSTAL, CLOUD, FEATHER, NEEDLE",NO
1623174,1232828049,ROUND,1.00,D,VS2,EX,EX,EX,NONE,6.32-6.37*3.94,,62,59,GIA,4405,HONG KONG,,,"FEATHER, CLOUD",NO
1265341,5232775733,ROUND,1.13,E,VS2,EX,EX,EX,NONE,6.63-6.65*4.1,,61.8,58,GIA,3923,HONG KONG,,,"CRYSTAL, CLOUD, NEEDLE",NO
1166499,2231832042,ROUND,1.01,E,VS2,EX,EX,EX,NONE,6.32-6.37*4.03,,63.5,56,GIA,3717,INDIA,,,"CRYSTAL, FEATHER, NEEDLE, NATURAL",NO
1616670,6542146849,ROUND,1.01,E,VS2,EX,EX,EX,NONE,6.35-6.41*3.99,,62.5,60,GIA,3717,INDIA,,,"CLOUD, CRYSTAL, NEEDLE",NO
1256326,2231834193,ROUND,1.01,E,VS2,EX,EX,EX,NONE,6.31-6.37*3.98,,62.8,59,GIA,3787,INDIA,,,"CLOUD, CRYSTAL, FEATHER, NEEDLE",NO
7445907,7546317076,ROUND,1.01,E,VS2,EX,EX,EX,NONE,6.33-6.38*3.94,,62,58,GIA,3682,HONG KONG,,,"CRYSTAL, CLOUD, FEATHER, NEEDLE",NO
1909883,5232834258,ROUND,1.00,E,VS2,EX,EX,EX,NONE,6.3-6.35*4.02,,63.5,56,GIA,3576,INDIA,,,"FEATHER, CLOUD, CRYSTAL, NEEDLE, INDENTED NATURAL, NATURAL",NO
1206990,1537448703,ROUND,1.00,E,VS2,EX,EX,EX,FAINT,6.31-6.36*4.02,,63.5,56,GIA,2795,INDIA,,,"CLOUD, CRYSTAL, NEEDLE",NO
1707867,2231827929,ROUND,1.00,E,VS2,EX,EX,EX,STG,6.29-6.35*4,,63.3,55,GIA,2465,INDIA,,,"FEATHER, NEEDLE, PINPOINT, NATURAL",NO
1304518,7548383259,ROUND,1.00,E,VS2,EX,EX,EX,MED,6.45-6.49*3.83,,59.2,61,GIA,2708,INDIA,,,"CRYSTAL, FEATHER",NO
1197811,6541146840,ROUND,1.07,F,VS2,EX,EX,EX,NONE,6.44-6.49*4.06,,62.8,58,GIA,3456,INDIA,,,"CRYSTAL, NEEDLE",NO
1470452,6532897683,ROUND,1.01,F,VS2,EX,EX,EX,VST,6.49-6.54*3.87,,59.4,61,GIA,2344,INDIA,,,FEATHER,NO
7857874,6542114560,ROUND,1.01,F,VS2,EX,EX,EX,NONE,6.39-6.43*3.96,,61.8,59,GIA,3421,HONG KONG,,,"CLOUD, CRYSTAL, FEATHER, NEEDLE",NO
1714168,7546434197,ROUND,1.00,F,VS2,EX,EX,EX,STG,6.41-6.46*3.91,,60.7,61,GIA,2195,INDIA,,,"CRYSTAL, FEATHER, CLOUD, INDENTED NATURAL",NO
7768136,2547114165,ROUND,1.08,G,VS2,EX,EX,EX,NONE,6.5-6.55*4.02,,61.6,59,GIA,3208,HONG KONG,,,"CRYSTAL, FEATHER, CLOUD",NO
7809688,6531896909,ROUND,1.07,G,VS2,EX,EX,EX,NONE,6.47-6.5*4.06,,62.6,57,GIA,3025,HONG KONG,,,"CRYSTAL, CLOUD, NEEDLE",NO
1136979,2233832081,ROUND,1.05,G,VS2,EX,EX,EX,MED,6.46-6.51*3.98,,61.4,59,GIA,2616,INDIA,,,"CRYSTAL, NEEDLE",NO
1944844,2235832210,ROUND,1.05,G,VS2,EX,EX,EX,MED,6.42-6.47*4.02,,62.3,58,GIA,2519,INDIA,,,"CRYSTAL, CLOUD, NEEDLE, INDENTED NATURAL",NO
7076270,1548233344,ROUND,1.05,G,VS2,EX,EX,EX,NONE,6.48-6.53*4,,61.5,60,GIA,3269,HONG KONG,,,CLOUD,NO
7383615,1545233153,ROUND,1.05,G,VS2,EX,EX,EX,NONE,6.43-6.47*4.04,,62.7,58,GIA,3269,HONG KONG,,,"CRYSTAL, CLOUD, NEEDLE",NO
1865411,2231833970,ROUND,1.05,G,VS2,EX,EX,EX,MED,6.41-6.46*4.03,,62.5,59,GIA,2763,INDIA,,,"CRYSTAL, CLOUD, NEEDLE",NO
1409071,6545383364,ROUND,1.05,G,VS2,EX,EX,EX,NONE,6.44-6.49*4.01,,61.9,58,GIA,3149,INDIA,,,"CRYSTAL, CLOUD, NEEDLE",NO
1386667,6237832267,ROUND,1.05,G,VS2,EX,EX,EX,NONE,6.5-6.54*3.95,,60.7,59,GIA,3149,INDIA,,,"CLOUD, FEATHER, CRYSTAL, NEEDLE",NO
7143715,6545114586,ROUND,1.04,G,VS2,EX,EX,EX,NONE,6.4-6.43*4.01,,62.6,58,GIA,2926,HONG KONG,,,"CRYSTAL, CLOUD, NEEDLE",NO
1600081,2536339755,ROUND,1.04,G,VS2,EX,EX,EX,NONE,6.45-6.48*4,,61.8,58,GIA,2941,INDIA,,,"CRYSTAL, CLOUD, FEATHER, NEEDLE",NO
7662937,1538858133,ROUND,1.04,G,VS2,EX,EX,EX,NONE,6.45-6.48*3.99,,61.7,59,GIA,2941,HONG KONG,,,"CRYSTAL, CLOUD",NO
7661928,2547045345,ROUND,1.03,G,VS2,EX,EX,EX,NONE,6.43-6.48*4.03,,62.4,58,GIA,3015,HONG KONG,,,"CLOUD, FEATHER, CRYSTAL, NEEDLE",NO
1545410,2233834506,ROUND,1.03,G,VS2,EX,EX,EX,MED,6.49-6.53*3.96,,60.7,59,GIA,2589,INDIA,,,"CRYSTAL, FEATHER, NEEDLE",NO
1595540,5232834249,ROUND,1.00,G,VS2,EX,EX,EX,NONE,6.32-6.37*3.97,,62.6,58,GIA,3056,INDIA,,,"FEATHER, CLOUD, NEEDLE",NO
3661416,6542233237,ROUND,1.15,H,VS2,EX,EX,EX,NONE,6.61-6.66*4.17,,62.8,58,GIA,3111,HONG KONG,,,"CLOUD, CRYSTAL, FEATHER, NEEDLE",NO
1361844,1236823671,ROUND,1.12,H,VS2,EX,EX,EX,FAINT,6.59-6.63*4.12,,62.3,56,GIA,2597,INDIA,,,"CLOUD, FEATHER, NEEDLE",NO
7654194,6531858213,ROUND,1.07,H,VS2,EX,EX,EX,NONE,6.47-6.51*4.05,,62.5,59,GIA,2784,HONG KONG,,,"FEATHER, CRYSTAL, CLOUD, PINPOINT",NO
7970980,6545029422,ROUND,1.07,H,VS2,EX,EX,EX,FAINT,6.48-6.52*4.08,,62.7,56,GIA,2674,HONG KONG,,,"CRYSTAL, FEATHER, NEEDLE",NO
1385199,1232827912,ROUND,1.05,H,VS2,EX,EX,EX,NONE,6.45-6.47*4.04,,62.6,58,GIA,2975,INDIA,,,FEATHER,NO
1644107,1232829011,ROUND,1.05,H,VS2,EX,EX,EX,NONE,6.46-6.5*4,,61.7,59,GIA,2705,INDIA,,,"CRYSTAL, CLOUD, NEEDLE",NO
7916656,2544114635,ROUND,1.04,H,VS2,EX,EX,EX,NONE,6.42-6.46*3.99,,62,59,GIA,2518,HONG KONG,,,"CRYSTAL, FEATHER, NEEDLE",NO
7467543,1528931903,ROUND,1.04,H,VS2,EX,EX,EX,NONE,6.4-6.45*4.04,,62.8,58,GIA,2422,HONG KONG,,,"CRYSTAL, CLOUD, FEATHER, NEEDLE",NO
1175213,5232831948,ROUND,1.03,H,VS2,EX,EX,EX,STG,6.4-6.45*3.99,,62.1,58,GIA,2202,INDIA,,,"CRYSTAL, FEATHER, PINPOINT, NATURAL",NO
7918858,1549233489,ROUND,1.03,H,VS2,EX,EX,EX,NONE,6.38-6.43*4.03,,62.9,59,GIA,2733,HONG KONG,,,"CRYSTAL, CLOUD, NEEDLE",NO
3443974,3525974014,ROUND,1.02,H,VS2,EX,EX,EX,MED,6.38-6.43*4.03,,62.9,55,GIA,2496,INDIA,,,"CRYSTAL, FEATHER, NEEDLE",NO
1925625,7548433427,ROUND,1.02,H,VS2,EX,EX,EX,MED,6.37-6.42*4.02,,62.9,56,GIA,2338,INDIA,,,"FEATHER, CLOUD, CRYSTAL",NO
1803717,6233811295,ROUND,1.02,H,VS2,EX,EX,EX,NONE,6.34-6.39*3.99,,62.7,59,GIA,2733,INDIA,,,"CLOUD, CRYSTAL, NEEDLE",NO
1568145,1232823638,ROUND,1.01,H,VS2,EX,EX,EX,FAINT,6.39-6.44*3.96,,61.7,59,GIA,2446,INDIA,,,"CRYSTAL, NEEDLE",NO
1734815,5231833981,ROUND,1.01,H,VS2,EX,EX,EX,NONE,6.34-6.39*3.93,,61.7,60,GIA,2706,INDIA,,,"CRYSTAL, NEEDLE",NO
1514628,2235775675,ROUND,1.00,H,VS2,EX,EX,EX,MED,6.33-6.37*3.95,,62.2,58,GIA,2421,INDIA,,,"CRYSTAL, FEATHER, PINPOINT",NO
1294838,2547160175,ROUND,1.00,H,VS2,EX,EX,EX,STG,6.3-6.35*4.02,,63.5,56,GIA,2061,INDIA,,,"CRYSTAL, FEATHER, NEEDLE, INDENTED NATURAL",NO
7118920,6522932267,ROUND,1.17,I,VS2,EX,EX,EX,FAINT,6.67-6.72*4.21,,62.9,56,GIA,2423,HONG KONG,,,"CRYSTAL, NEEDLE",NO
1871224,2537112054,ROUND,1.16,I,VS2,EX,EX,EX,NONE,6.63-6.68*4.18,,62.8,57,GIA,2365,INDIA,,,"CRYSTAL, FEATHER, NEEDLE",NO
1736557,6535837352,ROUND,1.12,I,VS2,EX,EX,EX,NONE,6.57-6.62*4.12,,62.5,58,GIA,2193,INDIA,,,"CLOUD, CRYSTAL, NEEDLE",NO
7901827,7533774579,ROUND,1.08,I,VS2,EX,EX,EX,NONE,6.57-6.59*4.06,,61.8,59,GIA,2459,HONG KONG,,,"CLOUD, CRYSTAL, FEATHER",NO
7514413,2544114349,ROUND,1.07,I,VS2,EX,EX,EX,NONE,6.46-6.5*4.05,,62.5,58,GIA,2505,HONG KONG,,,"CRYSTAL, CLOUD, NEEDLE",NO
7168712,6542028257,ROUND,1.07,I,VS2,EX,EX,EX,NONE,6.47-6.5*4.07,,62.7,58,GIA,2254,HONG KONG,,,"CRYSTAL, NEEDLE",NO
1225556,7528995769,ROUND,1.06,I,VS2,EX,EX,EX,NONE,6.52-6.57*4.04,,61.7,59,GIA,2030,INDIA,,,"CRYSTAL, CLOUD, NEEDLE",NO
1272741,3545151082,ROUND,1.05,I,VS2,EX,EX,EX,NONE,6.45-6.5*4.05,,62.6,59,GIA,2190,INDIA,,,"CRYSTAL, FEATHER, CLOUD, NEEDLE",NO
1472581,5232708242,ROUND,1.05,I,VS2,EX,EX,EX,FAINT,6.45-6.49*4.05,,62.7,56,GIA,2413,INDIA,,,"FEATHER, PINPOINT",NO
1451456,1232794845,ROUND,1.05,I,VS2,EX,EX,EX,NONE,6.5-6.55*3.96,,60.7,59,GIA,2145,INDIA,,,"CRYSTAL, NEEDLE, FEATHER",NO
7051328,6545029879,ROUND,1.05,I,VS2,EX,EX,EX,NONE,6.46-6.52*4.01,,61.8,60,GIA,2212,HONG KONG,,,"CRYSTAL, NEEDLE",NO
1471995,2537797886,ROUND,1.04,I,VS2,EX,EX,EX,NONE,6.47-6.5*4.04,,62.3,58,GIA,2102,INDIA,,,"CRYSTAL, FEATHER, NEEDLE",NO
7543137,6522433956,ROUND,1.03,I,VS2,EX,EX,EX,NONE,6.37-6.42*4.02,,62.8,57,GIA,2586,INDIA,,,"CRYSTAL, CLOUD, FEATHER, NEEDLE",NO
7833950,6531858254,ROUND,1.03,I,VS2,EX,EX,EX,NONE,6.37-6.41*4,,62.5,58,GIA,2564,HONG KONG,,,"CLOUD, CRYSTAL, NEEDLE",NO
1172479,7531155769,ROUND,1.02,I,VS2,EX,EX,EX,NONE,6.39-6.43*4.03,,62.8,55,GIA,2187,INDIA,,,"CRYSTAL, PINPOINT, NATURAL",NO
1432447,2233635327,ROUND,1.01,I,VS2,EX,EX,EX,MED,6.41-6.45*3.99,,62,59,GIA,2510,INDIA,,,"CRYSTAL, FEATHER, CLOUD, PINPOINT",NO
1730033,5231746221,ROUND,1.01,I,VS2,EX,EX,EX,NONE,6.32-6.37*4.01,,63.3,56,GIA,2451,INDIA,,,"CLOUD, CRYSTAL, FEATHER, NEEDLE, INDENTED NATURAL, NATURAL",NO
1641344,5533444352,ROUND,1.01,I,VS2,EX,EX,EX,NONE,6.39-6.44*3.97,,61.8,62,GIA,2166,INDIA,,,"CRYSTAL, FEATHER, NEEDLE, NATURAL",NO
1800499,1236832264,ROUND,1.01,I,VS2,EX,EX,EX,NONE,6.32-6.37*3.98,,62.8,58,GIA,2580,INDIA,,,"CRYSTAL, NEEDLE",NO
1435769,2233828101,ROUND,1.01,I,VS2,EX,EX,EX,NONE,6.37-6.42*4,,62.5,60,GIA,2364,INDIA,,,"CLOUD, CRYSTAL, NEEDLE",NO
1618132,1236763337,ROUND,1.01,I,VS2,EX,EX,EX,STG,6.36-6.4*3.94,,61.8,59,GIA,1762,INDIA,,,"CRYSTAL, FEATHER, NATURAL",NO
1405663,2235748994,ROUND,1.01,I,VS2,EX,EX,EX,NONE,6.35-6.4*4.01,,62.9,59,GIA,2523,INDIA,,,"CLOUD, PINPOINT",NO
7486752,1548029749,ROUND,1.01,I,VS2,EX,EX,EX,NONE,6.43-6.48*3.9,,60.3,60,GIA,2171,HONG KONG,,,"CRYSTAL, CLOUD",NO
1587262,2546137627,ROUND,1.01,I,VS2,EX,EX,EX,FAINT,6.43-6.47*3.95,,61.2,57,GIA,2450,INDIA,,,"CRYSTAL, FEATHER, NEEDLE",NO
1121993,6522935522,ROUND,1.01,I,VS2,EX,EX,EX,NONE,6.32-6.37*3.98,,62.7,58,GIA,2639,INDIA,,,CRYSTAL,NO
3993149,6532663424,ROUND,1.01,I,VS2,EX,EX,EX,NONE,6.33-6.38*3.99,,62.7,57,GIA,2475,HONG KONG,,,"CLOUD, FEATHER, CRYSTAL, NEEDLE",NO
1321475,6237834237,ROUND,1.01,I,VS2,EX,EX,EX,FAINT,6.34-6.39*3.96,,62.1,60,GIA,2257,INDIA,,,"CRYSTAL, CLOUD, NEEDLE, PINPOINT",NO
1901757,2537746885,ROUND,1.01,I,VS2,EX,EX,EX,NONE,6.34-6.39*3.97,,62.3,58,GIA,2489,INDIA,,,"CLOUD, CRYSTAL, FEATHER, NEEDLE",NO
1312612,1232775776,ROUND,1.01,I,VS2,EX,EX,EX,NONE,6.37-6.41*3.9,,61,61,GIA,2493,INDIA,,,"FEATHER, CRYSTAL, CLOUD, PINPOINT",NO
2500059,6525118294,ROUND,1.01,I,VS2,EX,EX,EX,NONE,6.32-6.37*3.98,,62.7,58,GIA,2472,INDIA,,,"CRYSTAL, NEEDLE",NO
1375481,6237829003,ROUND,1.01,I,VS2,EX,EX,EX,FAINT,6.33-6.39*3.98,,62.6,58,GIA,2192,INDIA,,,"CRYSTAL, FEATHER, NEEDLE",NO
1476187,2235622353,ROUND,1.01,I,VS2,EX,EX,EX,NONE,6.37-6.4*4.01,,62.8,57,GIA,2558,INDIA,,,"CRYSTAL, NEEDLE",NO
1959537,5523907579,ROUND,1.00,I,VS2,EX,EX,EX,FAINT,6.36-6.4*3.98,,62.4,58,GIA,2034,INDIA,,,"CRYSTAL, NEEDLE, NATURAL",NO
1641057,2231778553,ROUND,1.00,I,VS2,EX,EX,EX,STG,6.3-6.36*4,,63.3,55,GIA,1702,INDIA,,,"CRYSTAL, NEEDLE",NO
1350811,2231631815,ROUND,1.00,I,VS2,EX,EX,EX,MED,6.47-6.51*3.85,,59.3,60,GIA,1851,INDIA,,,"CRYSTAL, NEEDLE, KNOT",NO
1216027,2233823498,ROUND,1.00,I,VS2,EX,EX,EX,NONE,6.34-6.38*3.98,,62.6,59,GIA,2554,INDIA,,,"FEATHER, PINPOINT",NO
1168770,7548160170,ROUND,1.00,I,VS2,EX,EX,EX,NONE,6.3-6.35*4.01,,63.5,57,GIA,2277,INDIA,,,"FEATHER, CRYSTAL, CLOUD, NEEDLE, NATURAL",NO
1522993,2235763339,ROUND,1.00,I,VS2,EX,EX,EX,NONE,6.32-6.37*3.99,,62.8,60,GIA,2422,INDIA,,,"CRYSTAL, CLOUD, FEATHER, NEEDLE",NO
1521703,1232832284,ROUND,1.00,I,VS2,EX,EX,EX,NONE,6.39-6.45*3.91,,61,62,GIA,2426,INDIA,,,"CRYSTAL, FEATHER, NEEDLE, NATURAL",NO
1404561,6531812666,ROUND,1.00,I,VS2,EX,EX,EX,NONE,6.29-6.34*3.96,,62.7,58,GIA,2358,INDIA,,,"CLOUD, CRYSTAL, FEATHER, NEEDLE",NO
1385101,6233773840,ROUND,1.00,I,VS2,EX,EX,EX,NONE,6.33-6.37*4.01,,63.1,55,GIA,2362,INDIA,,,"CRYSTAL, CLOUD, NEEDLE",NO
1887352,1232794793,ROUND,1.00,I,VS2,EX,EX,EX,NONE,6.3-6.35*3.98,,62.9,59,GIA,2256,INDIA,,,"CLOUD, INDENTED NATURAL, KNOT",NO
1114187,6525935529,ROUND,1.00,I,VS2,EX,EX,EX,NONE,6.31-6.37*3.96,,62.5,57,GIA,2490,INDIA,,,"FEATHER, NEEDLE, PINPOINT, INDENTED NATURAL, NATURAL",NO
1351858,2235750831,ROUND,1.00,I,VS2,EX,EX,EX,NONE,6.5-6.55*3.85,,59,60,GIA,2475,HONG KONG,,,"CRYSTAL, CLOUD, FEATHER",NO
1664491,6541137769,ROUND,1.00,I,VS2,EX,EX,EX,NONE,6.31-6.35*3.96,,62.5,57,GIA,2405,INDIA,,,"CRYSTAL, FEATHER, CLOUD, NEEDLE, NATURAL",NO
7326634,5543233449,ROUND,1.00,I,VS2,EX,EX,EX,NONE,6.29-6.34*3.96,,62.7,59,GIA,2362,HONG KONG,,,"FEATHER, CLOUD, PINPOINT",NO
1874882,2231731648,ROUND,1.00,I,VS2,EX,EX,EX,MED,6.32-6.36*3.95,,62.2,58,GIA,2000,INDIA,,,"CLOUD, CRYSTAL, INDENTED NATURAL, NEEDLE, NATURAL",NO
1171877,2235823579,ROUND,1.10,J,VS2,EX,EX,EX,NONE,6.53-6.57*4.1,,62.6,57,GIA,1833,INDIA,,,"CLOUD, CRYSTAL, FEATHER, NEEDLE",NO
1385898,2235804514,ROUND,1.08,J,VS2,EX,EX,EX,NONE,6.46-6.52*4.08,,62.8,57,GIA,1819,INDIA,,,"CRYSTAL, CLOUD, NEEDLE",NO
7976357,7531789435,ROUND,1.06,J,VS2,EX,EX,EX,NONE,6.52-6.55*4.06,,62,54,GIA,1785,INDIA,,,FEATHER,NO
7083224,7548114343,ROUND,1.06,J,VS2,EX,EX,EX,FAINT,6.44-6.48*4.04,,62.5,57,GIA,1693,HONG KONG,,,FEATHER,NO
7824447,5533858091,ROUND,1.05,J,VS2,EX,EX,EX,NONE,6.51-6.56*4.03,,61.7,59,GIA,1805,HONG KONG,,,CLOUD,NO
7411986,1549045398,ROUND,1.03,J,VS2,EX,EX,EX,NONE,6.35-6.41*4.01,,62.8,59,GIA,1752,HONG KONG,,,"CRYSTAL, CLOUD, NEEDLE, FEATHER",NO
1878705,2231832202,ROUND,1.01,J,VS2,EX,EX,EX,NONE,6.34-6.38*4,,62.9,55,GIA,1701,INDIA,,,"CRYSTAL, FEATHER, NEEDLE, NATURAL",NO
3439040,6521974077,ROUND,1.00,J,VS2,EX,EX,EX,NONE,6.33-6.38*3.98,,62.6,56,GIA,1696,HONG KONG,,,"FEATHER, NEEDLE, CLOUD",NO
7746632,7548114524,ROUND,1.00,J,VS2,EX,EX,EX,NONE,6.44-6.48*3.87,,59.9,60,GIA,1736,HONG KONG,,,"FEATHER, PINPOINT",NO
1392799,5543433138,ROUND,1.18,K,VS2,EX,EX,EX,NONE,6.73-6.78*4.23,,62.6,58,GIA,1757,INDIA,,,"CLOUD, CRYSTAL, NEEDLE",NO
7506360,6532541538,ROUND,0.95,D,IF,EX,EX,EX,FAINT,6.22-6.25*3.86,,61.9,60,GIA,5090,HONG KONG,,,MINOR DETAILS OF POLISH,NO
1886061,2517380306,ROUND,0.95,D,IF,EX,EX,EX,FAINT,6.24-6.27*3.9,,62.3,54,GIA,5422,INDIA,,,Minor Details of Polish,NO
1600980,1232828157,ROUND,0.93,D,IF,EX,EX,EX,NONE,6.2-6.25*3.84,,61.7,58,GIA,5795,INDIA,,,MINOR DETAILS OF POLISH,NO
1718205,6545423916,ROUND,0.90,D,IF,EX,EX,EX,NONE,6.16-6.2*3.79,,61.4,58,GIA,5504,INDIA,,,MINOR DETAILS OF POLISH,NO
1515964,2235828062,ROUND,0.90,D,IF,EX,EX,EX,FAINT,6.29-6.33*3.77,,59.7,60,GIA,4508,INDIA,,,MINOR DETAILS OF POLISH,NO
1633910,2514596620,ROUND,0.90,D,IF,EX,EX,EX,FAINT,6.18-6.22*3.76,,60.7,59,GIA,4298,INDIA,,,Minor Details of Polish,NO
1578174,5231846170,ROUND,0.90,D,IF,EX,EX,EX,NONE,6.13-6.17*3.81,,61.9,58,GIA,5556,INDIA,,,MINOR DETAILS OF POLISH,NO
7377920,5526922526,ROUND,0.93,E,IF,EX,EX,EX,NONE,6.31-6.33*3.79,,59.9,60,GIA,4640,HONG KONG,,,MINOR DETAILS OF POLISH,NO
7757300,7526909030,ROUND,0.93,E,IF,EX,EX,EX,NONE,6.21-6.25*3.84,,61.6,59,GIA,4125,HONG KONG,,,"SURFACE GRAINING, MINOR DETAILS OF POLISH",NO
1311021,2546432323,ROUND,0.90,E,IF,EX,EX,EX,MED,6.14-6.16*3.81,,62,57,GIA,3266,INDIA,,,MINOR DETAILS OF POLISH,NO
7643684,6542113384,ROUND,0.96,F,IF,EX,EX,EX,NONE,6.35-6.4*3.88,,60.9,59,GIA,4805,HONG KONG,,,MINOR DETAILS OF POLISH,NO
7619967,5503064389,ROUND,0.93,F,IF,EX,EX,EX,NONE,6.2-6.25*3.84,,61.7,58,GIA,3587,HONG KONG,,,"Surface Graining, Minor Details of Polish",NO
1942688,6542172789,ROUND,0.91,F,IF,EX,EX,EX,NONE,6.13-6.18*3.81,,61.8,58,GIA,3677,INDIA,,,MINOR DETAILS OF POLISH,NO
1816202,2546432749,ROUND,0.90,F,IF,EX,EX,EX,NONE,6.11-6.15*3.84,,62.7,55,GIA,3802,INDIA,,,MINOR DETAILS OF POLISH,NO
1208717,1517274225,ROUND,0.90,F,IF,EX,EX,EX,NONE,6.09-6.14*3.87,,63.3,55,GIA,3720,INDIA,,,Minor Details of Polish,NO
1909027,6541432925,ROUND,0.94,G,IF,EX,EX,EX,NONE,6.2-6.23*3.88,,62.5,58,GIA,3285,INDIA,,,MINOR DETAILS OF POLISH,NO
1596588,7511304817,ROUND,0.92,G,IF,EX,EX,EX,NONE,6.27-6.32*3.77,,59.9,58,GIA,3081,INDIA,,,Minor Details of Polish,NO
1697742,5231833808,ROUND,0.91,G,IF,EX,EX,EX,FAINT,6.15-6.19*3.81,,61.8,58,GIA,2584,INDIA,,,"SURFACE GRAINING, MINOR DETAILS OF POLISH",NO
7233891,3535949294,ROUND,0.91,G,IF,EX,EX,EX,NONE,6.15-6.2*3.82,,61.9,58,GIA,2816,HONG KONG,,,MINOR DETAILS OF POLISH,NO
1664608,2235844606,ROUND,0.90,G,IF,EX,EX,EX,NONE,6.15-6.19*3.81,,61.8,58,GIA,3210,INDIA,,,MINOR DETAILS OF POLISH,NO
1970266,2235832537,ROUND,0.93,H,IF,EX,EX,EX,FAINT,6.2-6.25*3.85,,61.8,58,GIA,2292,INDIA,,,MINOR DETAILS OF POLISH,NO
1586305,2235777181,ROUND,0.90,H,IF,EX,EX,EX,NONE,6.09-6.14*3.86,,63.2,55,GIA,2192,INDIA,,,MINOR DETAILS OF POLISH,NO
1789420,2537456924,ROUND,0.90,J,IF,EX,EX,EX,NONE,6.09-6.15*3.86,,63,55,GIA,1697,INDIA,,,MINOR DETAILS OF POLISH,NO
1832793,1538388780,ROUND,0.90,J,IF,EX,EX,EX,NONE,6.07-6.12*3.87,,63.6,55,GIA,1622,INDIA,,,MINOR DETAILS OF POLISH,NO
1370656,2235832618,ROUND,0.91,D,VVS1,EX,EX,EX,STG,6.12-6.16*3.84,,62.5,58,GIA,2585,INDIA,,,PINPOINT,NO
1247591,5231832585,ROUND,0.90,D,VVS1,EX,EX,EX,NONE,6.07-6.13*3.86,,63.3,55,GIA,4172,INDIA,,,"PINPOINT, FEATHER",NO
1264816,2231841326,ROUND,0.90,D,VVS1,EX,EX,EX,STG,6.1-6.14*3.86,,63.1,55,GIA,2512,INDIA,,,"PINPOINT, INTERNAL GRAINING, FEATHER",NO
1737754,7511497405,ROUND,0.97,E,VVS1,EX,EX,EX,MED,6.4-6.42*3.88,,60.6,59,GIA,3872,INDIA,,,Pinpoint,NO
1724474,5232827897,ROUND,0.91,E,VVS1,EX,EX,EX,FAINT,6.16-6.2*3.82,,61.8,58,GIA,3061,INDIA,,,"INTERNAL GRAINING, SURFACE GRAINING",NO
1748202,5232833790,ROUND,0.91,E,VVS1,EX,EX,EX,MED,6.11-6.15*3.85,,62.7,57,GIA,2864,INDIA,,,"PINPOINT, FEATHER",NO
1868239,5231841318,ROUND,0.90,E,VVS1,EX,EX,EX,NONE,6.11-6.16*3.8,,61.9,58,GIA,3958,INDIA,,,CLOUD,NO
1780235,2231841278,ROUND,0.90,E,VVS1,EX,EX,EX,MED,6.12-6.17*3.82,,62.1,59,GIA,2872,INDIA,,,PINPOINT,NO
1438569,2231840226,ROUND,0.90,E,VVS1,EX,EX,EX,NONE,6.14-6.18*3.83,,62.1,59,GIA,3958,INDIA,,,CLOUD,NO
1690537,2235832450,ROUND,0.90,E,VVS1,EX,EX,EX,NONE,6.12-6.16*3.83,,62.3,57,GIA,3997,INDIA,,,"PINPOINT, FEATHER",NO
1393021,2233840241,ROUND,0.90,E,VVS1,EX,EX,EX,NONE,6.08-6.14*3.83,,62.6,57,GIA,3803,INDIA,,,"FEATHER, SURFACE GRAINING",NO
1670832,1543378591,ROUND,0.91,F,VVS1,EX,EX,EX,NONE,6.1-6.15*3.86,,63,57,GIA,3691,INDIA,,,FEATHER,NO
1575067,1232829163,ROUND,0.90,F,VVS1,EX,EX,EX,NONE,6.09-6.12*3.82,,62.6,58,GIA,3578,INDIA,,,FEATHER,NO
1105256,2231802844,ROUND,0.90,F,VVS1,EX,EX,EX,NONE,6.1-6.14*3.83,,62.6,57,GIA,3578,INDIA,,,FEATHER,NO
1486114,5231844798,ROUND,0.90,G,VVS1,EX,EX,EX,NONE,6.09-6.13*3.83,,62.7,57,GIA,2873,INDIA,,,PINPOINT,NO
1620105,1236832307,ROUND,0.90,G,VVS1,EX,EX,EX,NONE,6.18-6.22*3.75,,60.5,60,GIA,2815,INDIA,,,"PINPOINT, FEATHER",NO
1913689,6237841305,ROUND,0.90,G,VVS1,EX,EX,EX,FAINT,6.1-6.15*3.83,,62.6,57,GIA,2413,INDIA,,,PINPOINT,NO
1146832,5503525856,ROUND,0.90,G,VVS1,EX,EX,EX,FAINT,6.08-6.13*3.83,,62.8,58,GIA,2359,INDIA,,,"Pinpoint, Feather",NO
1281786,6542432321,ROUND,0.94,H,VVS1,EX,EX,EX,NONE,6.27-6.3*3.89,,62,54,GIA,2470,INDIA,,,"NEEDLE, CLOUD, PINPOINT",NO
1945920,6233817775,ROUND,0.90,H,VVS1,EX,EX,EX,NONE,6.1-6.15*3.87,,63.3,53,GIA,2133,INDIA,,,"CLOUD, FEATHER, INDENTED NATURAL, CHIP",NO
1208569,2235832313,ROUND,0.90,H,VVS1,EX,EX,EX,NONE,6.12-6.16*3.87,,63.1,57,GIA,2318,INDIA,,,FEATHER,NO
1318611,2231824929,ROUND,0.90,H,VVS1,EX,EX,EX,NONE,6.11-6.15*3.85,,62.8,57,GIA,2272,INDIA,,,"PINPOINT, FEATHER",NO
1618296,6237832302,ROUND,0.90,H,VVS1,EX,EX,EX,NONE,6.07-6.13*3.83,,62.9,57,GIA,2272,INDIA,,,"CLOUD, PINPOINT, INDENTED NATURAL, FEATHER",NO
1516481,5231833811,ROUND,0.90,I,VVS1,EX,EX,EX,MED,6.11-6.15*3.8,,62,58,GIA,1839,INDIA,,,"CLOUD, PINPOINT, FEATHER",NO
1130813,2235829066,ROUND,0.90,J,VVS1,EX,EX,EX,NONE,6.13-6.17*3.82,,62.1,56,GIA,1816,INDIA,,,"CLOUD, FEATHER",NO
1468480,1232823574,ROUND,0.90,J,VVS1,EX,EX,EX,MED,6.09-6.14*3.83,,62.6,57,GIA,1388,INDIA,,,"PINPOINT, FEATHER",NO
1855831,3535444426,ROUND,0.90,J,VVS1,EX,EX,EX,NONE,6.08-6.13*3.87,,63.3,55,GIA,1594,INDIA,,,"CLOUD, PINPOINT, FEATHER",NO
1556711,6532749524,ROUND,0.90,K,VVS1,EX,EX,EX,NONE,6.07-6.12*3.87,,63.5,55,GIA,1421,INDIA,,,"PINPOINT, FEATHER",NO
1889962,2546430852,ROUND,0.91,D,VVS2,EX,EX,EX,NONE,6.1-6.15*3.84,,62.7,58,GIA,3619,INDIA,,,"CLOUD, PINPOINT, FEATHER",NO
1525621,2233840200,ROUND,0.90,D,VVS2,EX,EX,EX,NONE,6.13-6.17*3.84,,62.5,59,GIA,3579,INDIA,,,"NEEDLE, PINPOINT",NO
1753237,2235828005,ROUND,0.90,D,VVS2,EX,EX,EX,NONE,6.1-6.15*3.82,,62.4,57,GIA,3208,INDIA,,,"REFLECTING SURFACE GRAINING, CLOUD, INTERNAL GRAINING",NO
1683139,2235851538,ROUND,0.90,D,VVS2,EX,EX,EX,NONE,6.1-6.13*3.82,,62.4,58,GIA,3512,INDIA,,,"CLOUD, PINPOINT, NEEDLE, FEATHER",NO
1917581,2235832558,ROUND,0.90,D,VVS2,EX,EX,EX,NONE,6.13-6.19*3.77,,61.1,61,GIA,3444,INDIA,,,"NEEDLE, PINPOINT, FEATHER",NO
1736302,1545157495,ROUND,0.90,D,VVS2,EX,EX,EX,MED,6.1-6.14*3.84,,62.7,58,GIA,2499,INDIA,,,"PINPOINT, FEATHER",NO
1772141,2235831861,ROUND,0.90,D,VVS2,EX,EX,EX,FAINT,6.08-6.13*3.89,,63.6,56,GIA,3107,INDIA,,,CLOUD,NO
1955881,2235844786,ROUND,0.90,E,VVS2,EX,EX,EX,STG,6.1-6.13*3.84,,62.8,58,GIA,1937,INDIA,,,"PINPOINT, NEEDLE",NO
1724510,1543431231,ROUND,0.90,E,VVS2,EX,EX,EX,NONE,6.08-6.13*3.84,,62.8,57,GIA,3562,INDIA,,,FEATHER,NO
1948559,5546378650,ROUND,0.90,F,VVS2,EX,EX,EX,NONE,6.07-6.13*3.84,,62.9,58,GIA,2902,INDIA,,,"PINPOINT, FEATHER, CLOUD",NO
1793580,2235844618,ROUND,0.90,F,VVS2,EX,EX,EX,NONE,6.09-6.14*3.85,,62.9,55,GIA,3045,INDIA,,,"PINPOINT, FEATHER",NO
1504907,2235832518,ROUND,0.90,F,VVS2,EX,EX,EX,FAINT,6.11-6.16*3.8,,62,59,GIA,2643,INDIA,,,FEATHER,NO
1589510,1232851536,ROUND,0.90,F,VVS2,EX,EX,EX,NONE,6.24-6.27*3.75,,60,59,GIA,3160,INDIA,,,"PINPOINT, CLOUD",NO
1449990,2235829127,ROUND,0.90,F,VVS2,EX,EX,EX,NONE,6.07-6.13*3.85,,63.1,55,GIA,2815,INDIA,,,"NEEDLE, PINPOINT, FEATHER",NO
1363056,2235840203,ROUND,0.90,G,VVS2,EX,EX,EX,NONE,6.09-6.14*3.84,,62.7,59,GIA,2667,INDIA,,,FEATHER,NO
1620235,2231829162,ROUND,0.90,G,VVS2,EX,EX,EX,FAINT,6.08-6.12*3.88,,63.5,56,GIA,2124,INDIA,,,"CLOUD, FEATHER, PINPOINT",NO
1948997,2235841293,ROUND,0.90,G,VVS2,EX,EX,EX,NONE,6.09-6.13*3.83,,62.6,57,GIA,2346,INDIA,,,"PINPOINT, INDENTED NATURAL, SURFACE GRAINING",NO
1873315,2231840308,ROUND,0.90,G,VVS2,EX,EX,EX,STG,6.08-6.13*3.85,,63.1,57,GIA,1679,INDIA,,,"PINPOINT, CLOUD, INDENTED NATURAL, FEATHER",NO
1208058,5231840338,ROUND,0.90,G,VVS2,EX,EX,EX,MED,6.07-6.13*3.86,,63.2,57,GIA,1976,INDIA,,,"CLOUD, PINPOINT, FEATHER",NO
1934111,2231827901,ROUND,0.90,G,VVS2,EX,EX,EX,NONE,6.21-6.26*3.78,,60.6,59,GIA,2544,INDIA,,,"NEEDLE, PINPOINT, CLOUD",NO
1243496,2231851571,ROUND,0.90,G,VVS2,EX,EX,EX,NONE,6.11-6.15*3.82,,62.3,59,GIA,2519,INDIA,,,"CLOUD, PINPOINT",NO
1764349,1543318762,ROUND,0.93,H,VVS2,EX,EX,EX,NONE,6.24-6.28*3.87,,61.8,59,GIA,2209,INDIA,,,PINPOINT,NO
1249937,2546145950,ROUND,0.90,H,VVS2,EX,EX,EX,NONE,6.1-6.14*3.86,,63.2,55,GIA,1947,INDIA,,,"PINPOINT, FEATHER",NO
1537680,6233840273,ROUND,0.90,H,VVS2,EX,EX,EX,NONE,6.08-6.12*3.83,,62.8,59,GIA,2117,INDIA,,,"PINPOINT, FEATHER",NO
1756266,6237841299,ROUND,0.90,H,VVS2,EX,EX,EX,NONE,6.07-6.13*3.84,,62.9,58,GIA,2032,INDIA,,,"PINPOINT, NEEDLE, FEATHER, CLOUD",NO
1593968,2235821187,ROUND,0.92,I,VVS2,EX,EX,EX,NONE,6.26-6.31*3.81,,60.7,56,GIA,2135,INDIA,,,INTERNAL GRAINING,NO
1382884,2547430770,ROUND,0.90,I,VVS2,EX,EX,EX,NONE,6.07-6.11*3.88,,63.6,56,GIA,1977,INDIA,,,"CRYSTAL, FEATHER",NO
1572123,2231844792,ROUND,0.90,I,VVS2,EX,EX,EX,NONE,6.13-6.18*3.84,,62.4,59,GIA,2089,INDIA,,,"NEEDLE, PINPOINT",NO
1912978,1545430793,ROUND,0.90,J,VVS2,EX,EX,EX,FAINT,6.07-6.13*3.87,,63.4,55,GIA,1531,INDIA,,,"FEATHER, PINPOINT",NO
1184445,2235832350,ROUND,0.90,J,VVS2,EX,EX,EX,NONE,6.08-6.13*3.83,,62.7,58,GIA,1687,INDIA,,,FEATHER,NO
1975170,5232841327,ROUND,0.90,K,VVS2,EX,EX,EX,STG,6.13-6.18*3.83,,62.3,59,GIA,1228,INDIA,,,PINPOINT,NO
7567262,6532541529,ROUND,0.91,N,VVS2,EX,EX,EX,NONE,6.15-6.19*3.86,,62.6,55,GIA,1182,HONG KONG,,,"CLOUD, PINPOINT, FEATHER",NO
1373157,5231828114,ROUND,0.90,D,VS1,EX,EX,EX,NONE,6.12-6.16*3.82,,62.3,58,GIA,2930,INDIA,,,"FEATHER, CLOUD, PINPOINT",NO
1853400,6233832342,ROUND,0.91,E,VS1,EX,EX,EX,NONE,6.12-6.16*3.84,,62.6,58,GIA,2623,INDIA,,,"CRYSTAL, NEEDLE, PINPOINT",NO
1958276,2231827870,ROUND,0.90,E,VS1,EX,EX,EX,FAINT,6.08-6.13*3.84,,62.9,57,GIA,2201,INDIA,,,"CRYSTAL, FEATHER, PINPOINT",NO
1757831,3545378440,ROUND,0.90,E,VS1,EX,EX,EX,NONE,6.1-6.15*3.83,,62.6,58,GIA,2542,INDIA,,,"CLOUD, FEATHER, NEEDLE, PINPOINT",NO
1570660,2547431251,ROUND,0.90,E,VS1,EX,EX,EX,FAINT,6.09-6.13*3.83,,62.7,59,GIA,2228,INDIA,,,"CRYSTAL, CLOUD, NEEDLE, PINPOINT",NO
1675172,6233821192,ROUND,0.90,E,VS1,EX,EX,EX,NONE,6.09-6.14*3.86,,63.1,56,GIA,2673,INDIA,,,"FEATHER, PINPOINT",NO
1361246,1232844635,ROUND,0.90,E,VS1,EX,EX,EX,STG,6.07-6.12*3.88,,63.6,56,GIA,1887,INDIA,,,"CRYSTAL, FEATHER, PINPOINT",NO
1689565,5231841279,ROUND,0.90,F,VS1,EX,EX,EX,NONE,6.1-6.14*3.83,,62.5,59,GIA,2516,INDIA,,,CLOUD,NO
1789930,2235832465,ROUND,0.90,F,VS1,EX,EX,EX,NONE,6.22-6.25*3.77,,60.4,59,GIA,2564,INDIA,,,"CLOUD, CRYSTAL, FEATHER, NEEDLE",NO
1885004,5231793635,ROUND,0.90,F,VS1,EX,EX,EX,NONE,6.06-6.11*3.88,,63.8,56,GIA,2468,INDIA,,,FEATHER,NO
1809701,7546432770,ROUND,0.90,F,VS1,EX,EX,EX,NONE,6.11-6.15*3.83,,62.5,58,GIA,2443,INDIA,,,"CLOUD, PINPOINT",NO
1566181,2235746240,ROUND,0.98,G,VS1,EX,EX,EX,NONE,6.32-6.37*3.94,,62.1,58,GIA,2950,INDIA,,,"CRYSTAL, PINPOINT",NO
1451516,2233823474,ROUND,0.92,G,VS1,EX,EX,EX,NONE,6.33-6.38*3.79,,59.7,56,GIA,2658,INDIA,,,"CRYSTAL, PINPOINT",NO
1919829,5231851616,ROUND,0.91,G,VS1,EX,EX,EX,NONE,6.14-6.18*3.81,,61.8,58,GIA,2279,INDIA,,,"CRYSTAL, FEATHER, NEEDLE, PINPOINT",NO
1570546,1236844795,ROUND,0.90,G,VS1,EX,EX,EX,NONE,6.07-6.13*3.88,,63.6,56,GIA,2167,INDIA,,,"CRYSTAL, FEATHER, PINPOINT, INDENTED NATURAL",NO
1655725,5231834426,ROUND,0.90,G,VS1,EX,EX,EX,NONE,6.06-6.12*3.88,,63.7,56,GIA,2254,INDIA,,,"CRYSTAL, PINPOINT",NO
1964759,2235833820,ROUND,0.90,G,VS1,EX,EX,EX,NONE,6.09-6.13*3.82,,62.5,59,GIA,2232,INDIA,,,"CRYSTAL, CLOUD, FEATHER",NO
1804684,2546432787,ROUND,0.90,G,VS1,EX,EX,EX,FAINT,6.12-6.16*3.83,,62.4,59,GIA,1994,INDIA,,,"CRYSTAL, PINPOINT, CLOUD",NO
1111068,1232832072,ROUND,0.90,G,VS1,EX,EX,EX,NONE,6.08-6.13*3.88,,63.5,56,GIA,2341,INDIA,,,"FEATHER, PINPOINT",NO
1629914,2235840311,ROUND,0.90,G,VS1,EX,EX,EX,NONE,6.08-6.13*3.83,,62.8,58,GIA,2297,INDIA,,,CRYSTAL,NO
1873816,5231832633,ROUND,0.90,G,VS1,EX,EX,EX,FAINT,6.09-6.14*3.84,,62.7,57,GIA,1907,INDIA,,,"FEATHER, INTERNAL GRAINING, INDENTED NATURAL",NO
1599261,2546431447,ROUND,0.91,H,VS1,EX,EX,EX,FAINT,6.14-6.19*3.83,,62.2,56,GIA,1678,INDIA,,,"CLOUD, PINPOINT",NO
1203014,2235824917,ROUND,0.90,H,VS1,EX,EX,EX,NONE,6.3-6.33*3.75,,59.5,56,GIA,2182,INDIA,,,FEATHER,NO
1269544,1549147944,ROUND,0.90,H,VS1,EX,EX,EX,NONE,6.31-6.34*3.72,,58.8,60,GIA,1958,INDIA,,,"CLOUD, FEATHER, PINPOINT",NO
1550895,2235832305,ROUND,0.90,H,VS1,EX,EX,EX,NONE,6.08-6.13*3.87,,63.5,55,GIA,1790,INDIA,,,"CLOUD, FEATHER",NO
1536257,5231840278,ROUND,0.90,H,VS1,EX,EX,EX,NONE,6.08-6.12*3.85,,63.2,55,GIA,1790,INDIA,,,CLOUD,NO
1684575,1543378404,ROUND,0.90,I,VS1,EX,EX,EX,NONE,6.1-6.15*3.82,,62.4,57,GIA,1680,INDIA,,,"CRYSTAL, FEATHER",NO
1302629,2231833685,ROUND,0.90,I,VS1,EX,EX,EX,NONE,6.08-6.12*3.83,,62.7,59,GIA,1613,INDIA,,,"CRYSTAL, FEATHER, NEEDLE, PINPOINT",NO
1704650,5232824911,ROUND,0.90,I,VS1,EX,EX,EX,NONE,6.09-6.14*3.86,,63.1,55,GIA,1597,INDIA,,,"CLOUD, CRYSTAL",NO
1771151,5231804886,ROUND,0.90,I,VS1,EX,EX,EX,NONE,6.06-6.12*3.88,,63.7,56,GIA,1547,INDIA,,,"FEATHER, PINPOINT, NEEDLE, INDENTED NATURAL",NO
1591222,5231831870,ROUND,0.90,I,VS1,EX,EX,EX,MED,6.09-6.14*3.88,,63.4,56,GIA,1397,INDIA,,,"CRYSTAL, INDENTED NATURAL, PINPOINT",NO
1906476,6531752863,ROUND,0.90,J,VS1,EX,EX,EX,FAINT,6.09-6.12*3.83,,62.7,58,GIA,1270,INDIA,,,"FEATHER, PINPOINT",NO
1753369,6532810871,ROUND,0.90,J,VS1,EX,EX,EX,STG,6.1-6.15*3.86,,63,55,GIA,1016,INDIA,,,"CRYSTAL, CLOUD, NEEDLE, PINPOINT",NO
1781944,1232802944,ROUND,0.90,J,VS1,EX,EX,EX,STG,6.08-6.13*3.83,,62.7,59,GIA,1073,INDIA,,,"CRYSTAL, PINPOINT",NO
1130786,2235840219,ROUND,0.90,D,VS2,EX,EX,EX,FAINT,6.1-6.15*3.83,,62.6,58,GIA,2124,INDIA,,,CLOUD,NO
7939794,1236840263,ROUND,0.90,D,VS2,EX,EX,EX,NONE,6.19-6.23*3.79,,61,58,GIA,2470,INDIA,,,"FEATHER, CRYSTAL",NO
1247482,2235818912,ROUND,0.90,D,VS2,EX,EX,EX,FAINT,6.11-6.15*3.77,,61.5,61,GIA,2000,INDIA,,,"CRYSTAL, FEATHER",NO
1712145,2537323421,ROUND,0.90,D,VS2,EX,EX,EX,NONE,6.09-6.14*3.84,,62.9,57,GIA,2396,HONG KONG,,,FEATHER,NO
1851893,2231829151,ROUND,0.90,D,VS2,EX,EX,EX,STG,6.07-6.12*3.87,,63.4,58,GIA,1630,INDIA,,,CLOUD,NO
1458325,5231804893,ROUND,0.90,D,VS2,EX,EX,EX,NONE,6.13-6.17*3.8,,61.8,59,GIA,2470,INDIA,,,FEATHER,NO
1830469,6233818874,ROUND,0.95,E,VS2,EX,EX,EX,FAINT,6.21-6.26*3.91,,62.7,56,GIA,2514,INDIA,,,"CRYSTAL, CLOUD, FEATHER",NO
1918959,2506563904,ROUND,0.92,E,VS2,EX,EX,EX,NONE,6.13-6.19*3.87,,62.8,58,GIA,2226,INDIA,,,"Crystal, Cloud, Feather, Cavity",NO
1838521,1549145230,ROUND,0.90,E,VS2,EX,EX,EX,NONE,6.11-6.15*3.83,,62.4,58,GIA,2041,INDIA,,,"CRYSTAL, CLOUD",NO
1456938,2235802859,ROUND,0.90,E,VS2,EX,EX,EX,NONE,6.09-6.14*3.85,,62.9,58,GIA,2268,INDIA,,,FEATHER,NO
1403999,5232753172,ROUND,0.90,E,VS2,EX,EX,EX,NONE,6.22-6.27*3.76,,60.2,59,GIA,2087,INDIA,,,"CRYSTAL, FEATHER",NO
1443396,2235823472,ROUND,0.90,E,VS2,EX,EX,EX,NONE,6.11-6.15*3.87,,63.2,53,GIA,2177,INDIA,,,"FEATHER, CLOUD",NO
1708053,5231831911,ROUND,0.96,F,VS2,EX,EX,EX,NONE,6.23-6.28*3.92,,62.7,56,GIA,2664,INDIA,,,"CLOUD, CRYSTAL, FEATHER",NO
1137689,2235818894,ROUND,0.95,F,VS2,EX,EX,EX,NONE,6.23-6.28*3.92,,62.7,58,GIA,2570,INDIA,,,"CLOUD, FEATHER",NO
1289721,2231841313,ROUND,0.90,F,VS2,EX,EX,EX,NONE,6.11-6.16*3.86,,62.9,56,GIA,2053,INDIA,,,"CRYSTAL, CLOUD",NO
1321964,5232851561,ROUND,0.90,F,VS2,EX,EX,EX,NONE,6.09-6.13*3.84,,62.9,58,GIA,2117,INDIA,,,"CLOUD, CRYSTAL, FEATHER",NO
7386258,7538541544,ROUND,0.90,F,VS2,EX,EX,EX,NONE,6.1-6.15*3.86,,63.1,57,GIA,2117,HONG KONG,,,FEATHER,NO
1325874,2233832531,ROUND,0.91,G,VS2,EX,EX,EX,NONE,6.14-6.18*3.85,,62.5,55,GIA,1968,INDIA,,,CRYSTAL,NO
1512069,1548432329,ROUND,0.90,G,VS2,EX,EX,EX,NONE,6.09-6.15*3.82,,62.5,58,GIA,1966,INDIA,,,"CLOUD, CRYSTAL, FEATHER",NO
1635954,2235821157,ROUND,0.90,G,VS2,EX,EX,EX,NONE,6.07-6.12*3.83,,62.8,58,GIA,1926,INDIA,,,"CRYSTAL, CLOUD",NO
1605762,2235804841,ROUND,0.90,G,VS2,EX,EX,EX,FAINT,6.08-6.13*3.83,,62.7,59,GIA,1671,INDIA,,,"CRYSTAL, FEATHER",NO
1951223,5232833833,ROUND,0.90,G,VS2,EX,EX,EX,NONE,6.19-6.24*3.77,,60.7,60,GIA,1926,INDIA,,,"CLOUD, CRYSTAL, FEATHER",NO
1504264,2235832520,ROUND,0.90,H,VS2,EX,EX,EX,NONE,6.21-6.25*3.77,,60.6,59,GIA,1714,INDIA,,,FEATHER,NO
1112880,2231851503,ROUND,0.90,H,VS2,EX,EX,EX,NONE,6.09-6.14*3.83,,62.6,57,GIA,1645,INDIA,,,"CLOUD, CRYSTAL",NO
1798304,5543378694,ROUND,0.90,H,VS2,EX,EX,EX,NONE,6.21-6.26*3.74,,60,59,GIA,1662,INDIA,,,"CLOUD, CRYSTAL, FEATHER",NO
1345465,6237840234,ROUND,0.91,I,VS2,EX,EX,EX,NONE,6.13-6.18*3.85,,62.5,57,GIA,1529,INDIA,,,"CRYSTAL, FEATHER",NO
1373807,2235829117,ROUND,0.90,I,VS2,EX,EX,EX,NONE,6.1-6.14*3.83,,62.5,57,GIA,1452,INDIA,,,"CRYSTAL, CLOUD",NO
1779208,2235833775,ROUND,0.90,I,VS2,EX,EX,EX,MED,6.13-6.17*3.85,,62.6,57,GIA,1331,INDIA,,,"CRYSTAL, FEATHER",NO
1934678,2231832610,ROUND,0.90,J,VS2,EX,EX,EX,NONE,6.2-6.23*3.76,,60.6,59,GIA,1363,INDIA,,,"CRYSTAL, CLOUD, FEATHER",NO
1112938,2538452414,ROUND,0.88,D,IF,EX,EX,EX,NONE,6.08-6.13*3.79,,62,59,GIA,4691,INDIA,,,MINOR DETAILS OF POLISH,NO
1848314,2547433059,ROUND,0.88,D,IF,EX,EX,EX,NONE,6.18-6.21*3.8,,61.3,58,GIA,4898,INDIA,,,MINOR DETAILS OF POLISH,NO
1241700,5231844647,ROUND,0.85,D,IF,EX,EX,EX,NONE,6.13-6.17*3.69,,60,58,GIA,4665,INDIA,,,MINOR DETAILS OF POLISH,NO
1370345,2231844634,ROUND,0.84,D,IF,EX,EX,EX,NONE,6.12-6.15*3.64,,59.3,59,GIA,4346,INDIA,,,MINOR DETAILS OF POLISH,NO
1835736,6545022752,ROUND,0.82,D,IF,EX,EX,EX,MED,5.91-5.95*3.71,,62.6,57,GIA,2379,INDIA,,,MINOR DETAILS OF POLISH,NO
1813154,1232844575,ROUND,0.81,D,IF,EX,EX,EX,STG,5.92-5.96*3.72,,62.6,56,GIA,2286,INDIA,,,MINOR DETAILS OF POLISH,NO
1710220,2231841306,ROUND,0.80,D,IF,EX,EX,EX,NONE,5.86-5.91*3.69,,62.7,59,GIA,3512,INDIA,,,MINOR DETAILS OF POLISH,NO
1507147,6542432327,ROUND,0.80,D,IF,EX,EX,EX,STG,5.88-5.92*3.69,,62.5,57,GIA,2227,INDIA,,,MINOR DETAILS OF POLISH,NO
7753226,5533180110,ROUND,0.87,E,IF,EX,EX,EX,MED,6.04-6.07*3.79,,62.7,57,GIA,2472,INDIA,,,"SURFACE GRAINING, MINOR DETAILS OF POLISH",NO
1485785,2231832506,ROUND,0.85,E,IF,EX,EX,EX,NONE,6.02-6.07*3.74,,61.8,58,GIA,3419,HONG KONG,,,MINOR DETAILS OF POLISH,NO
1300045,1236844754,ROUND,0.81,E,IF,EX,EX,EX,FAINT,5.94-5.98*3.68,,61.8,59,GIA,2586,INDIA,,,MINOR DETAILS OF POLISH,NO
1252637,1232753284,ROUND,0.81,E,IF,EX,EX,EX,FAINT,5.97-6.02*3.65,,60.8,58,GIA,2534,INDIA,,,MINOR DETAILS OF POLISH,NO
1567133,5231844797,ROUND,0.81,E,IF,EX,EX,EX,NONE,5.92-5.97*3.67,,61.8,58,GIA,3103,INDIA,,,MINOR DETAILS OF POLISH,NO
1809107,2547432793,ROUND,0.80,E,IF,EX,EX,EX,MED,5.85-5.9*3.7,,63,57,GIA,2171,INDIA,,,"NATURAL, MINOR DETAILS OF POLISH",NO
1755215,2536627107,ROUND,0.80,E,IF,EX,EX,EX,FAINT,5.88-5.92*3.72,,63,55,GIA,2503,INDIA,,,MINOR DETAILS OF POLISH,NO
1887759,6541379846,ROUND,0.80,E,IF,EX,EX,EX,NONE,5.9-5.95*3.66,,61.8,59,GIA,3013,INDIA,,,MINOR DETAILS OF POLISH,NO
1363992,6532628128,ROUND,0.80,E,IF,EX,EX,EX,FAINT,5.9-5.94*3.68,,62.2,56,GIA,2451,INDIA,,,MINOR DETAILS OF POLISH,NO
1228925,5232828065,ROUND,0.80,E,IF,EX,EX,EX,FAINT,5.86-5.9*3.69,,62.8,59,GIA,2503,INDIA,,,MINOR DETAILS OF POLISH,NO
1892616,5232832514,ROUND,0.84,F,IF,EX,EX,EX,NONE,6-6.05*3.72,,61.8,57,GIA,3011,INDIA,,,MINOR DETAILS OF POLISH,NO
1265950,1232823505,ROUND,0.84,F,IF,EX,EX,EX,STG,6-6.05*3.75,,62.2,57,GIA,2352,INDIA,,,MINOR DETAILS OF POLISH,NO
1448200,5232840287,ROUND,0.80,F,IF,EX,EX,EX,MED,5.86-5.91*3.7,,62.9,57,GIA,2061,INDIA,,,MINOR DETAILS OF POLISH,NO
1234532,2235841322,ROUND,0.80,F,IF,EX,EX,EX,FAINT,5.87-5.91*3.69,,62.6,61,GIA,2330,INDIA,,,MINOR DETAILS OF POLISH,NO
1577083,2235840300,ROUND,0.80,F,IF,EX,EX,EX,NONE,5.87-5.91*3.69,,62.6,56,GIA,2643,INDIA,,,MINOR DETAILS OF POLISH,NO
1696300,6237824906,ROUND,0.84,G,IF,EX,EX,EX,NONE,6.01-6.06*3.73,,61.8,55,GIA,2331,INDIA,,,MINOR DETAILS OF POLISH,NO
1388824,5232833784,ROUND,0.84,G,IF,EX,EX,EX,NONE,5.96-5.99*3.75,,62.8,58,GIA,2094,INDIA,,,MINOR DETAILS OF POLISH,NO
1567188,7531388426,ROUND,0.82,G,IF,EX,EX,EX,FAINT,5.98-6.03*3.72,,61.8,58,GIA,1620,INDIA,,,MINOR DETAILS OF POLISH,NO
1133934,1232827989,ROUND,0.80,G,IF,EX,EX,EX,FAINT,5.86-5.91*3.69,,62.7,58,GIA,1637,INDIA,,,MINOR DETAILS OF POLISH,NO
1282664,2235841272,ROUND,0.86,H,IF,EX,EX,EX,FAINT,6.03-6.07*3.77,,62.3,58,GIA,1965,INDIA,,,MINOR DETAILS OF POLISH,NO
1568437,1232840288,ROUND,0.86,H,IF,EX,EX,EX,NONE,6.03-6.06*3.79,,62.7,57,GIA,2112,INDIA,,,MINOR DETAILS OF POLISH,NO
1651817,5231844612,ROUND,0.85,H,IF,EX,EX,EX,NONE,6.02-6.06*3.76,,62.2,58,GIA,2007,INDIA,,,"SURFACE GRAINING, MINOR DETAILS OF POLISH",NO
1840917,5232844581,ROUND,0.82,H,IF,EX,EX,EX,NONE,5.92-5.95*3.72,,62.6,56,GIA,1624,INDIA,,,"SURFACE GRAINING, MINOR DETAILS OF POLISH",NO
1267251,2235829087,ROUND,0.80,H,IF,EX,EX,EX,NONE,5.87-5.92*3.68,,62.5,57,GIA,1660,INDIA,,,MINOR DETAILS OF POLISH,NO
1852298,2231821139,ROUND,0.80,H,IF,EX,EX,EX,NONE,5.89-5.94*3.7,,62.6,58,GIA,1615,INDIA,,,MINOR DETAILS OF POLISH,NO
7356992,1478562712,ROUND,0.85,I,IF,EX,EX,EX,FAINT,5.98-6.03*3.78,,62.9,56,GIA,1353,INDIA,,,Minor Details of Polish,NO
1366846,5231753282,ROUND,0.82,I,IF,EX,EX,EX,NONE,5.95-5.99*3.74,,62.6,55,GIA,1252,INDIA,,,MINOR DETAILS OF POLISH,NO
1760298,5231823482,ROUND,0.81,I,IF,EX,EX,EX,STG,5.89-5.94*3.7,,62.5,57,GIA,1066,INDIA,,,MINOR DETAILS OF POLISH,NO
1653815,7528934649,ROUND,0.80,I,IF,EX,EX,EX,NONE,5.87-5.91*3.71,,62.9,54,GIA,1221,INDIA,,,MINOR DETAILS OF POLISH,NO
7509141,1443818317,ROUND,0.80,I,IF,EX,EX,EX,NONE,5.9-5.93*3.7,,62.5,56,GIA,1182,HONG KONG,,,Minor Details of Polish,NO
1851833,6502641611,ROUND,0.80,J,IF,EX,EX,EX,FAINT,5.85-5.9*3.68,,62.7,59,GIA,1075,INDIA,,,Minor Details of Polish,NO
1663870,6237753187,ROUND,0.86,D,VVS1,EX,EX,EX,FAINT,6.01-6.06*3.79,,62.8,57,GIA,3236,INDIA,,,PINPOINT,NO
1927564,1232712133,ROUND,0.83,D,VVS1,EX,EX,EX,NONE,6.01-6.05*3.7,,61.4,59,GIA,3488,INDIA,,,"PINPOINT, FEATHER",NO
1582080,1535351202,ROUND,0.83,D,VVS1,EX,EX,EX,NONE,5.95-6*3.72,,62.3,58,GIA,2924,INDIA,,,"PINPOINT, FEATHER",NO
1548685,6535810259,ROUND,0.82,D,VVS1,EX,EX,EX,NONE,5.97-6*3.69,,61.6,58,GIA,2932,INDIA,,,"PINPOINT, FEATHER",NO
1358019,5231804869,ROUND,0.82,D,VVS1,EX,EX,EX,VST,6.02-6.06*3.68,,60.9,60,GIA,2366,INDIA,,,PINPOINT,NO
1411451,5533243299,ROUND,0.82,D,VVS1,EX,EX,EX,NONE,5.96-6*3.67,,61.3,59,GIA,2888,INDIA,,,"PINPOINT, FEATHER",NO
1384131,5546378275,ROUND,0.81,D,VVS1,EX,EX,EX,NONE,5.88-5.9*3.69,,62.7,58,GIA,2947,INDIA,,,"PINPOINT, FEATHER",NO
1264137,2536009170,ROUND,0.81,D,VVS1,EX,EX,EX,NONE,5.94-5.96*3.7,,62.2,60,GIA,2853,INDIA,,,PINPOINT,NO
1241594,6545228694,ROUND,0.81,D,VVS1,EX,EX,EX,NONE,5.91-5.96*3.68,,61.9,59,GIA,2896,INDIA,,,"PINPOINT, FEATHER",NO
1605317,2235844801,ROUND,0.81,D,VVS1,EX,EX,EX,NONE,5.96-6.01*3.64,,60.8,58,GIA,2845,INDIA,,,CLOUD,NO
1220433,2538109981,ROUND,0.81,D,VVS1,EX,EX,EX,NONE,5.9-5.94*3.7,,62.5,59,GIA,2853,INDIA,,,PINPOINT,NO
1904450,5536749473,ROUND,0.81,D,VVS1,EX,EX,EX,NONE,6.01-6.04*3.68,,61.1,56,GIA,3404,INDIA,,,FEATHER,NO
1255967,2235832574,ROUND,0.80,D,VVS1,EX,EX,EX,NONE,5.93-5.97*3.65,,61.4,57,GIA,2860,INDIA,,,"PINPOINT, FEATHER",NO
1513063,1236833805,ROUND,0.80,D,VVS1,EX,EX,EX,NONE,5.86-5.9*3.69,,62.8,58,GIA,2860,INDIA,,,"PINPOINT, FEATHER",NO
1505760,2235720411,ROUND,0.80,D,VVS1,EX,EX,EX,MED,5.89-5.91*3.7,,62.7,56,GIA,1934,INDIA,,,"PINPOINT, FEATHER",NO
1600821,6233726321,ROUND,0.80,D,VVS1,EX,EX,EX,NONE,5.84-5.89*3.71,,63.3,55,GIA,2760,INDIA,,,"CLOUD, NEEDLE, PINPOINT, FEATHER",NO
1186299,1236763238,ROUND,0.80,D,VVS1,EX,EX,EX,FAINT,5.89-5.94*3.66,,61.9,60,GIA,2459,INDIA,,,PINPOINT,NO
1394167,5231832593,ROUND,0.80,D,VVS1,EX,EX,EX,FAINT,5.85-5.9*3.69,,62.8,59,GIA,2559,INDIA,,,FEATHER,NO
1222000,7541297161,ROUND,0.80,D,VVS1,EX,EX,EX,NONE,5.86-5.91*3.67,,62.3,58,GIA,2860,INDIA,,,PINPOINT,NO
1923238,5232821158,ROUND,0.83,E,VVS1,EX,EX,EX,FAINT,5.94-5.98*3.74,,62.7,58,GIA,2323,INDIA,,,"PINPOINT, FEATHER",NO
1353596,1537445109,ROUND,0.83,E,VVS1,EX,EX,EX,NONE,5.92-5.97*3.73,,62.8,58,GIA,2687,INDIA,,,"PINPOINT, FEATHER",NO
1334698,5231840175,ROUND,0.82,E,VVS1,EX,EX,EX,NONE,5.95-5.99*3.7,,61.9,58,GIA,2700,INDIA,,,"PINPOINT, FEATHER",NO
1979416,1232763129,ROUND,0.82,E,VVS1,EX,EX,EX,NONE,5.93-5.97*3.72,,62.6,58,GIA,2610,INDIA,,,"CLOUD, FEATHER",NO
1912050,2235840315,ROUND,0.82,E,VVS1,EX,EX,EX,FAINT,5.93-5.97*3.72,,62.5,57,GIA,2340,INDIA,,,PINPOINT,NO
1773789,7536627713,ROUND,0.82,E,VVS1,EX,EX,EX,NONE,5.92-5.97*3.73,,62.7,57,GIA,2655,INDIA,,,FEATHER,NO
1836926,2233840319,ROUND,0.81,E,VVS1,EX,EX,EX,NONE,5.92-5.96*3.67,,61.8,59,GIA,2623,INDIA,,,PINPOINT,NO
1365644,5232828122,ROUND,0.81,E,VVS1,EX,EX,EX,NONE,5.89-5.94*3.7,,62.5,59,GIA,2623,INDIA,,,PINPOINT,NO
1393347,3535666530,ROUND,0.80,E,VVS1,EX,EX,EX,NONE,5.9-5.93*3.66,,61.9,58,GIA,2590,INDIA,,,PINPOINT,NO
1247794,6542432865,ROUND,0.80,E,VVS1,EX,EX,EX,STG,5.85-5.9*3.7,,62.9,58,GIA,1734,INDIA,,,FEATHER,NO
1930680,5536810779,ROUND,0.80,E,VVS1,EX,EX,EX,NONE,5.89-5.93*3.68,,62.2,56,GIA,2590,INDIA,,,PINPOINT,NO
1806349,6237644510,ROUND,0.80,E,VVS1,EX,EX,EX,NONE,5.84-5.89*3.69,,62.9,58,GIA,2590,INDIA,,,PINPOINT,NO
1441986,2235844720,ROUND,0.80,E,VVS1,EX,EX,EX,MED,5.86-5.91*3.69,,62.7,58,GIA,1844,INDIA,,,"PINPOINT, FEATHER",NO
1290430,7548157684,ROUND,0.80,E,VVS1,EX,EX,EX,NONE,5.88-5.92*3.7,,62.7,58,GIA,2590,INDIA,,,FEATHER,NO
1205094,5232818776,ROUND,0.80,E,VVS1,EX,EX,EX,NONE,6.01-6.06*3.64,,60.3,59,GIA,2898,INDIA,,,FEATHER,NO
1786379,2235818750,ROUND,0.80,E,VVS1,EX,EX,EX,FAINT,5.92-5.96*3.67,,61.8,55,GIA,2239,INDIA,,,PINPOINT,NO
1380494,1232770377,ROUND,0.80,E,VVS1,EX,EX,EX,NONE,5.96-5.99*3.62,,60.6,59,GIA,2612,INDIA,,,FEATHER,NO
1502886,2537749440,ROUND,0.80,E,VVS1,EX,EX,EX,NONE,5.89-5.93*3.66,,61.9,59,GIA,2590,INDIA,,,"PINPOINT, FEATHER",NO
1258139,6532613444,ROUND,0.80,E,VVS1,EX,EX,EX,NONE,5.84-5.89*3.69,,62.9,59,GIA,2590,INDIA,,,FEATHER,NO
1679155,6233829171,ROUND,0.80,E,VVS1,EX,EX,EX,MED,5.93-5.97*3.69,,62,54,GIA,1646,INDIA,,,"PINPOINT, FEATHER, SURFACE GRAINING",NO
1431198,6542434447,ROUND,0.80,E,VVS1,EX,EX,EX,NONE,5.86-5.9*3.66,,62.2,59,GIA,2612,INDIA,,,"PINPOINT, FEATHER",NO
1705935,2537229189,ROUND,0.87,F,VVS1,EX,EX,EX,FAINT,6.02-6.07*3.79,,62.6,58,GIA,2388,INDIA,,,PINPOINT,NO
1321623,5232799549,ROUND,0.86,F,VVS1,EX,EX,EX,NONE,6.06-6.1*3.77,,62,59,GIA,2755,INDIA,,,"PINPOINT, FEATHER",NO
1263026,1236821173,ROUND,0.86,F,VVS1,EX,EX,EX,NONE,6.02-6.06*3.77,,62.3,59,GIA,2734,INDIA,,,"CLOUD, FEATHER",NO
7423002,6502863010,ROUND,0.85,F,VVS1,EX,EX,EX,NONE,6-6.05*3.79,,62.9,57,GIA,2530,HONG KONG,,,"Pinpoint, Feather",NO
1463974,1232840255,ROUND,0.84,F,VVS1,EX,EX,EX,FAINT,6.02-6.06*3.69,,61,60,GIA,2360,INDIA,,,"PINPOINT, FEATHER",NO
1410272,6531456906,ROUND,0.83,F,VVS1,EX,EX,EX,MED,5.96-5.98*3.74,,62.5,59,GIA,1595,INDIA,,,PINPOINT,NO
1629927,1232818941,ROUND,0.83,F,VVS1,EX,EX,EX,NONE,6.02-6.05*3.75,,62.2,57,GIA,2781,INDIA,,,"CLOUD, FEATHER",NO
1191155,1539112073,ROUND,0.83,F,VVS1,EX,EX,EX,FAINT,6.01-6.03*3.72,,61.8,56,GIA,2250,INDIA,,,"PINPOINT, FEATHER",NO
1344963,6237844604,ROUND,0.80,F,VVS1,EX,EX,EX,NONE,5.86-5.91*3.69,,62.7,58,GIA,2484,INDIA,,,"PINPOINT, FEATHER",NO
1313727,5231841331,ROUND,0.80,F,VVS1,EX,EX,EX,FAINT,5.87-5.91*3.69,,62.7,58,GIA,1912,INDIA,,,"PINPOINT, FEATHER",NO
1403531,5513260653,ROUND,0.80,F,VVS1,EX,EX,EX,FAINT,6.07-6.13*3.54,,58,62,GIA,2129,INDIA,,,"Pinpoint, Feather",NO
1676055,2231841307,ROUND,0.80,F,VVS1,EX,EX,EX,NONE,6-6.04*3.61,,59.9,59,GIA,2622,INDIA,,,PINPOINT,NO
1307740,2547148606,ROUND,0.80,F,VVS1,EX,EX,EX,MED,5.86-5.9*3.66,,62.3,58,GIA,1538,INDIA,,,"PINPOINT, NEEDLE, FEATHER",NO
1405217,2235823518,ROUND,0.80,F,VVS1,EX,EX,EX,NONE,5.97-6.02*3.64,,60.8,60,GIA,2405,INDIA,,,FEATHER,NO
1926052,2235840334,ROUND,0.80,F,VVS1,EX,EX,EX,NONE,5.85-5.89*3.69,,62.8,58,GIA,2444,INDIA,,,"PINPOINT, FEATHER",NO
1158776,5231833698,ROUND,0.80,F,VVS1,EX,EX,EX,MED,5.84-5.89*3.69,,62.9,58,GIA,1636,INDIA,,,"PINPOINT, FEATHER",NO
1624503,5546431460,ROUND,0.86,G,VVS1,EX,EX,EX,NONE,6.01-6.06*3.78,,62.7,60,GIA,2263,INDIA,,,FEATHER,NO
1942998,6237753072,ROUND,0.83,G,VVS1,EX,EX,EX,NONE,5.93-5.98*3.74,,62.7,58,GIA,1875,INDIA,,,"PINPOINT, FEATHER",NO
1632191,7528973516,ROUND,0.80,G,VVS1,EX,EX,EX,NONE,5.93-5.97*3.67,,61.6,60,GIA,1759,HONG KONG,,,"CLOUD, PINPOINT, FEATHER",NO
1145038,3535184958,ROUND,0.80,G,VVS1,EX,EX,EX,FAINT,5.84-5.89*3.7,,63.1,57,GIA,1497,INDIA,,,"PINPOINT, CLOUD, FEATHER",NO
1730373,6237772156,ROUND,0.80,G,VVS1,EX,EX,EX,FAINT,5.95-6*3.61,,60.5,58,GIA,1558,INDIA,,,PINPOINT,NO
1111324,2231832078,ROUND,0.80,G,VVS1,EX,EX,EX,NONE,5.84-5.89*3.73,,63.7,56,GIA,1740,INDIA,,,"PINPOINT, FEATHER, INDENTED NATURAL, SURFACE GRAINING",NO
1730475,2231772163,ROUND,0.84,H,VVS1,EX,EX,EX,NONE,6.01-6.06*3.78,,62.6,56,GIA,1708,INDIA,,,FEATHER,NO
1612797,1232832345,ROUND,0.82,H,VVS1,EX,EX,EX,NONE,5.9-5.95*3.7,,62.4,59,GIA,1529,INDIA,,,FEATHER,NO
1423744,5232828106,ROUND,0.82,H,VVS1,EX,EX,EX,NONE,6.02-6.04*3.71,,61.5,59,GIA,1639,INDIA,,,"PINPOINT, FEATHER",NO
1439772,5232844723,ROUND,0.82,H,VVS1,EX,EX,EX,NONE,5.93-5.97*3.72,,62.4,58,GIA,1515,INDIA,,,"PINPOINT, CLOUD, FEATHER",NO
1649727,5231823487,ROUND,0.80,H,VVS1,EX,EX,EX,NONE,5.86-5.89*3.68,,62.7,58,GIA,1478,INDIA,,,"PINPOINT, FEATHER",NO
1771588,6545430905,ROUND,0.80,H,VVS1,EX,EX,EX,MED,5.84-5.88*3.73,,63.6,57,GIA,1129,INDIA,,,CLOUD,NO
1137483,2235840201,ROUND,0.80,H,VVS1,EX,EX,EX,NONE,5.88-5.92*3.69,,62.6,59,GIA,1505,INDIA,,,FEATHER,NO
1496885,1236720349,ROUND,0.80,H,VVS1,EX,EX,EX,FAINT,5.87-5.9*3.72,,63.2,55,GIA,1223,INDIA,,,PINPOINT,NO
1632172,5231841296,ROUND,0.80,H,VVS1,EX,EX,EX,NONE,5.91-5.94*3.65,,61.6,58,GIA,1425,INDIA,,,"PINPOINT, INDENTED NATURAL",NO
7649974,2537810825,ROUND,0.80,H,VVS1,EX,EX,EX,NONE,5.92-5.96*3.63,,61.1,59,GIA,1465,INDIA,,,FEATHER,NO
1735200,1236821138,ROUND,0.80,H,VVS1,EX,EX,EX,NONE,5.86-5.9*3.69,,62.7,60,GIA,1478,INDIA,,,"PINPOINT, FEATHER",NO
1280590,5232832535,ROUND,0.80,H,VVS1,EX,EX,EX,NONE,5.87-5.91*3.68,,62.5,57,GIA,1478,INDIA,,,PINPOINT,NO
1108512,2235823528,ROUND,0.80,H,VVS1,EX,EX,EX,NONE,6.05-6.07*3.56,,58.7,62,GIA,1505,INDIA,,,FEATHER,NO
1353180,2235751711,ROUND,0.80,H,VVS1,EX,EX,EX,NONE,5.95-5.97*3.61,,60.5,59,GIA,1465,INDIA,,,"PINPOINT, FEATHER",NO
1526837,6535211575,ROUND,0.80,H,VVS1,EX,EX,EX,FAINT,5.88-5.93*3.69,,62.5,57,GIA,1214,INDIA,,,"PINPOINT, FEATHER",NO
1900638,1232841273,ROUND,0.80,H,VVS1,EX,EX,EX,NONE,5.85-5.89*3.74,,63.6,58,GIA,1478,INDIA,,,FEATHER,NO
1508196,5232770436,ROUND,0.86,I,VVS1,EX,EX,EX,NONE,6.01-6.04*3.79,,62.9,57,GIA,1490,INDIA,,,FEATHER,NO
1668520,5232729647,ROUND,0.80,I,VVS1,EX,EX,EX,NONE,5.88-5.92*3.7,,62.8,55,GIA,1258,INDIA,,,FEATHER,NO
1511829,5231833803,ROUND,0.80,I,VVS1,EX,EX,EX,FAINT,5.87-5.92*3.67,,62.2,59,GIA,1142,INDIA,,,"PINPOINT, CLOUD",NO
1695151,6522790600,ROUND,0.81,J,VVS1,EX,EX,EX,FAINT,5.91-5.96*3.72,,62.6,58,GIA,878,INDIA,,,"PINPOINT, FEATHER",NO
1215623,5232804821,ROUND,0.80,J,VVS1,EX,EX,EX,NONE,5.88-5.91*3.72,,63.1,55,GIA,1025,INDIA,,,"PINPOINT, INTERNAL GRAINING",NO
1864806,1232846155,ROUND,0.86,D,VVS2,EX,EX,EX,FAINT,6.04-6.09*3.81,,62.7,56,GIA,2543,INDIA,,,"PINPOINT, SURFACE GRAINING",NO
1184869,2231840260,ROUND,0.81,D,VVS2,EX,EX,EX,NONE,5.92-5.96*3.67,,61.8,59,GIA,2235,INDIA,,,"PINPOINT, FEATHER, INTERNAL GRAINING, NEEDLE",NO
1670292,7548337214,ROUND,0.81,D,VVS2,EX,EX,EX,NONE,5.9-5.95*3.68,,62.1,59,GIA,2315,INDIA,,,"CLOUD, PINPOINT",NO
1266689,2235827982,ROUND,0.80,D,VVS2,EX,EX,EX,NONE,5.86-5.91*3.69,,62.7,59,GIA,2326,INDIA,,,"PINPOINT, FEATHER",NO
1591613,1535151894,ROUND,0.80,D,VVS2,EX,EX,EX,FAINT,5.86-5.91*3.66,,62.3,58,GIA,1719,INDIA,,,"CLOUD, PINPOINT",NO
1612214,2233818939,ROUND,0.80,D,VVS2,EX,EX,EX,STG,5.87-5.91*3.69,,62.6,58,GIA,1459,INDIA,,,"NEEDLE, PINPOINT",NO
1102821,1232833701,ROUND,0.80,D,VVS2,EX,EX,EX,NONE,5.92-5.97*3.63,,61,59,GIA,2287,INDIA,,,NEEDLE,NO
1447014,6233833777,ROUND,0.81,E,VVS2,EX,EX,EX,FAINT,5.92-5.95*3.67,,61.9,58,GIA,1897,INDIA,,,"PINPOINT, CLOUD, NEEDLE, FEATHER",NO
1583326,6233833726,ROUND,0.81,E,VVS2,EX,EX,EX,NONE,5.94-5.98*3.68,,61.7,58,GIA,2120,INDIA,,,PINPOINT,NO
1371026,2235844633,ROUND,0.80,E,VVS2,EX,EX,EX,NONE,5.87-5.91*3.68,,62.5,58,GIA,2057,INDIA,,,"PINPOINT, NEEDLE, CLOUD",NO
1117491,2233833713,ROUND,0.80,E,VVS2,EX,EX,EX,STG,6.03-6.07*3.58,,59.2,60,GIA,1727,INDIA,,,PINPOINT,NO
1888010,2231763128,ROUND,0.80,E,VVS2,EX,EX,EX,NONE,5.9-5.95*3.67,,61.9,57,GIA,2057,INDIA,,,"PINPOINT, FEATHER",NO
7389310,5231691947,ROUND,0.85,F,VVS2,EX,EX,EX,STG,6-6.06*3.72,,61.7,59,GIA,1605,INDIA,,,"FEATHER, PINPOINT",NO
1966734,5232832631,ROUND,0.83,F,VVS2,EX,EX,EX,FAINT,5.93-5.98*3.74,,62.8,58,GIA,1885,INDIA,,,PINPOINT,NO
1781587,2235833778,ROUND,0.81,F,VVS2,EX,EX,EX,NONE,5.93-5.96*3.67,,61.8,58,GIA,2158,INDIA,,,PINPOINT,NO
1535820,6233833798,ROUND,0.80,F,VVS2,EX,EX,EX,NONE,5.85-5.9*3.69,,62.8,58,GIA,1992,INDIA,,,"CLOUD, PINPOINT",NO
1458388,6237818962,ROUND,0.80,F,VVS2,EX,EX,EX,NONE,5.88-5.92*3.68,,62.3,59,GIA,1957,INDIA,,,"PINPOINT, FEATHER, CLOUD",NO
1851517,6233832335,ROUND,0.80,F,VVS2,EX,EX,EX,FAINT,5.89-5.93*3.71,,62.7,59,GIA,1800,INDIA,,,"PINPOINT, CLOUD",NO
1816538,5232770370,ROUND,0.80,F,VVS2,EX,EX,EX,NONE,5.87-5.9*3.68,,62.5,59,GIA,1992,INDIA,,,FEATHER,NO
1601016,5231829164,ROUND,0.80,F,VVS2,EX,EX,EX,NONE,5.88-5.93*3.7,,62.7,59,GIA,1957,INDIA,,,"CLOUD, PINPOINT",NO
1591329,2235763037,ROUND,0.80,F,VVS2,EX,EX,EX,NONE,5.88-5.92*3.67,,62.1,56,GIA,1957,INDIA,,,CLOUD,NO
1552051,2231828076,ROUND,0.80,F,VVS2,EX,EX,EX,NONE,5.9-5.94*3.66,,61.8,59,GIA,1957,INDIA,,,"NEEDLE, PINPOINT, CLOUD",NO
1662011,1236851511,ROUND,0.80,F,VVS2,EX,EX,EX,NONE,5.86-5.9*3.68,,62.5,58,GIA,1957,INDIA,,,"FEATHER, PINPOINT, CLOUD",NO
1205369,6237841323,ROUND,0.80,F,VVS2,EX,EX,EX,STG,5.9-5.94*3.68,,62.1,59,GIA,1398,INDIA,,,"CLOUD, PINPOINT, FEATHER, INDENTED NATURAL",NO
1427263,2235844711,ROUND,0.80,F,VVS2,EX,EX,EX,NONE,5.85-5.89*3.73,,63.6,56,GIA,2027,INDIA,,,"FEATHER, PINPOINT",NO
1242301,1232832340,ROUND,0.80,F,VVS2,EX,EX,EX,FAINT,5.87-5.91*3.67,,62.4,58,GIA,1800,INDIA,,,"CLOUD, PINPOINT",NO
1379639,2235833792,ROUND,0.80,F,VVS2,EX,EX,EX,NONE,5.84-5.89*3.68,,62.7,58,GIA,2044,INDIA,,,"FEATHER, PINPOINT",NO
1188915,2235751652,ROUND,0.80,F,VVS2,EX,EX,EX,NONE,5.88-5.91*3.69,,62.6,59,GIA,1939,INDIA,,,"CRYSTAL, PINPOINT, CLOUD",NO
1627436,2231829143,ROUND,0.80,F,VVS2,EX,EX,EX,FAINT,5.85-5.89*3.69,,62.8,58,GIA,1712,INDIA,,,"PINPOINT, NEEDLE, CLOUD, INDENTED NATURAL",NO
1314253,1232833750,ROUND,0.85,G,VVS2,EX,EX,EX,NONE,6.01-6.05*3.79,,62.9,56,GIA,2039,INDIA,,,"CLOUD, PINPOINT, FEATHER",NO
1938418,2235827908,ROUND,0.81,G,VVS2,EX,EX,EX,NONE,5.9-5.95*3.69,,62.4,59,GIA,1573,INDIA,,,CLOUD,NO
1423953,2235844709,ROUND,0.81,G,VVS2,EX,EX,EX,NONE,5.9-5.95*3.7,,62.5,59,GIA,1573,INDIA,,,"NEEDLE, PINPOINT",NO
1979996,5231832487,ROUND,0.80,G,VVS2,EX,EX,EX,NONE,5.87-5.9*3.68,,62.6,58,GIA,1615,INDIA,,,PINPOINT,NO
1803488,5231840314,ROUND,0.80,G,VVS2,EX,EX,EX,NONE,5.88-5.92*3.65,,61.8,59,GIA,1615,INDIA,,,CLOUD,NO
1627386,7546432332,ROUND,0.80,G,VVS2,EX,EX,EX,NONE,5.87-5.91*3.69,,62.7,59,GIA,1599,INDIA,,,"PINPOINT, CLOUD",NO
1845169,2235841311,ROUND,0.80,G,VVS2,EX,EX,EX,NONE,5.88-5.9*3.7,,62.9,57,GIA,1615,INDIA,,,"NEEDLE, FEATHER, PINPOINT",NO
1445442,2231840250,ROUND,0.80,G,VVS2,EX,EX,EX,NONE,5.87-5.91*3.69,,62.7,57,GIA,1615,INDIA,,,"PINPOINT, CLOUD",NO
1107483,5231851509,ROUND,0.80,G,VVS2,EX,EX,EX,NONE,5.87-5.9*3.68,,62.6,57,GIA,1584,INDIA,,,"PINPOINT, FEATHER",NO
1334124,6541432763,ROUND,0.80,G,VVS2,EX,EX,EX,NONE,5.89-5.93*3.69,,62.4,60,GIA,1584,INDIA,,,"NEEDLE, PINPOINT, FEATHER",NO
1833624,6237844577,ROUND,0.80,G,VVS2,EX,EX,EX,NONE,5.85-5.9*3.73,,63.5,55,GIA,1523,INDIA,,,"FEATHER, SURFACE GRAINING",NO
1112745,2546432539,ROUND,0.82,H,VVS2,EX,EX,EX,NONE,5.92-5.96*3.72,,62.6,58,GIA,1401,INDIA,,,"CLOUD, PINPOINT",NO
1398354,2235832526,ROUND,0.82,H,VVS2,EX,EX,EX,FAINT,5.92-5.96*3.72,,62.6,57,GIA,1299,INDIA,,,"NEEDLE, PINPOINT, CLOUD",NO
1307365,6233841317,ROUND,0.80,H,VVS2,EX,EX,EX,NONE,5.87-5.92*3.64,,61.8,58,GIA,1330,INDIA,,,"PINPOINT, NEEDLE, CAVITY, FEATHER",NO
1922852,2235833822,ROUND,0.80,I,VVS2,EX,EX,EX,FAINT,5.85-5.89*3.68,,62.7,58,GIA,1054,INDIA,,,"PINPOINT, CLOUD, SURFACE GRAINING",NO
1903349,5231851549,ROUND,0.86,D,VS1,EX,EX,EX,NONE,6.01-6.05*3.79,,62.9,56,GIA,2782,INDIA,,,"NEEDLE, FEATHER",NO
1738973,5231844670,ROUND,0.85,D,VS1,EX,EX,EX,FAINT,6.01-6.06*3.74,,61.9,56,GIA,2568,INDIA,,,"CRYSTAL, PINPOINT",NO
1199786,2235726040,ROUND,0.85,D,VS1,EX,EX,EX,FAINT,5.98-6.02*3.76,,62.7,58,GIA,1881,INDIA,,,"CRYSTAL, PINPOINT",NO
1425747,5232832523,ROUND,0.84,D,VS1,EX,EX,EX,NONE,5.95-6*3.75,,62.7,59,GIA,2163,INDIA,,,"CRYSTAL, NEEDLE, PINPOINT",NO
1931769,2235841300,ROUND,0.82,D,VS1,EX,EX,EX,NONE,6.01-6.04*3.7,,61.4,58,GIA,2443,INDIA,,,"FEATHER, CLOUD, PINPOINT",NO
1924343,1538548089,ROUND,0.82,D,VS1,EX,EX,EX,MED,5.91-5.95*3.71,,62.5,58,GIA,1501,INDIA,,,"CRYSTAL, PINPOINT",NO
1121448,2235840235,ROUND,0.80,D,VS1,EX,EX,EX,STG,5.89-5.93*3.7,,62.7,55,GIA,1430,INDIA,,,"CLOUD, PINPOINT",NO
1290714,2231833700,ROUND,0.80,D,VS1,EX,EX,EX,FAINT,5.87-5.91*3.69,,62.7,59,GIA,1788,INDIA,,,"CRYSTAL, CLOUD",NO
1816174,6233833708,ROUND,0.80,D,VS1,EX,EX,EX,MED,5.87-5.9*3.67,,62.4,59,GIA,1515,INDIA,,,CRYSTAL,NO
1563300,6237771993,ROUND,0.87,E,VS1,EX,EX,EX,NONE,6.08-6.1*3.76,,61.8,59,GIA,2122,INDIA,,,"FEATHER, PINPOINT, CLOUD",NO
1157158,5536760763,ROUND,0.85,E,VS1,EX,EX,EX,FAINT,5.99-6.04*3.77,,62.6,58,GIA,1799,INDIA,,,"CRYSTAL, CLOUD, FEATHER",NO
1750392,6237823463,ROUND,0.85,E,VS1,EX,EX,EX,NONE,5.99-6.04*3.74,,62.2,58,GIA,1919,INDIA,,,"FEATHER, CLOUD, NEEDLE",NO
1531927,5231802882,ROUND,0.84,E,VS1,EX,EX,EX,NONE,5.96-6*3.75,,62.7,58,GIA,1863,INDIA,,,"CRYSTAL, FEATHER, NEEDLE, PINPOINT",NO
1638084,6237828011,ROUND,0.84,E,VS1,EX,EX,EX,STG,5.95-6*3.72,,62.2,58,GIA,1389,INDIA,,,"CRYSTAL, PINPOINT",NO
1389588,2235833773,ROUND,0.81,E,VS1,EX,EX,EX,NONE,5.92-5.96*3.67,,61.8,59,GIA,1845,INDIA,,,"CRYSTAL, NEEDLE, PINPOINT",NO
1633495,6233831899,ROUND,0.80,E,VS1,EX,EX,EX,NONE,5.89-5.92*3.68,,62.3,59,GIA,1822,INDIA,,,"CLOUD, CRYSTAL, FEATHER",NO
1279372,1236746265,ROUND,0.80,E,VS1,EX,EX,EX,NONE,5.88-5.92*3.71,,62.8,56,GIA,1855,INDIA,,,"FEATHER, PINPOINT",NO
1167473,2235770366,ROUND,0.80,E,VS1,EX,EX,EX,NONE,5.97-6.01*3.6,,60.1,59,GIA,1855,INDIA,,,"FEATHER, PINPOINT",NO
1632284,2233832301,ROUND,0.80,E,VS1,EX,EX,EX,NONE,5.94-5.99*3.66,,61.4,60,GIA,1822,INDIA,,,"CRYSTAL, PINPOINT",NO
1112424,1232832077,ROUND,0.83,F,VS1,EX,EX,EX,NONE,5.94-5.98*3.74,,62.6,58,GIA,1817,INDIA,,,"FEATHER, NEEDLE",NO
7251922,5232818937,ROUND,0.83,F,VS1,EX,EX,EX,NONE,5.99-6.04*3.71,,61.6,58,GIA,1770,INDIA,,,"CRYSTAL, FEATHER, PINPOINT",NO
1383772,7533809157,ROUND,0.82,F,VS1,EX,EX,EX,NONE,5.93-5.95*3.73,,62.7,58,GIA,1749,INDIA,,,"CRYSTAL, FEATHER, NEEDLE, PINPOINT",NO
1193495,1232823534,ROUND,0.82,F,VS1,EX,EX,EX,NONE,5.95-5.98*3.69,,61.9,58,GIA,1749,INDIA,,,"CLOUD, CRYSTAL, NEEDLE, PINPOINT",NO
1361587,2537749821,ROUND,0.82,F,VS1,EX,EX,EX,NONE,5.96-5.99*3.7,,62,59,GIA,1749,INDIA,,,"CLOUD, FEATHER, NEEDLE, PINPOINT",NO
1961948,2546378437,ROUND,0.82,F,VS1,EX,EX,EX,NONE,6.06-6.1*3.64,,59.8,60,GIA,2092,INDIA,,,"CRYSTAL, NEEDLE, PINPOINT",NO
1912346,6531323927,ROUND,0.82,F,VS1,EX,EX,EX,NONE,5.93-5.97*3.71,,62.4,57,GIA,1795,HONG KONG,,,"CRYSTAL, FEATHER",NO
1306503,5231823746,ROUND,0.82,F,VS1,EX,EX,EX,NONE,5.93-5.97*3.73,,62.7,57,GIA,1749,INDIA,,,"CRYSTAL, FEATHER, NEEDLE, PINPOINT",NO
1169387,2231799519,ROUND,0.82,F,VS1,EX,EX,EX,FAINT,5.96-6*3.71,,62.1,58,GIA,1593,INDIA,,,"CRYSTAL, FEATHER, CLOUD, NEEDLE",NO
1237271,2231821191,ROUND,0.82,F,VS1,EX,EX,EX,NONE,5.93-5.97*3.72,,62.5,59,GIA,1749,INDIA,,,"CRYSTAL, CLOUD, NEEDLE, PINPOINT",NO
1554968,5231823491,ROUND,0.81,F,VS1,EX,EX,EX,MED,5.91-5.95*3.68,,62,59,GIA,1450,INDIA,,,CRYSTAL,NO
1934592,2235832562,ROUND,0.81,F,VS1,EX,EX,EX,NONE,5.9-5.94*3.71,,62.6,59,GIA,1774,INDIA,,,CRYSTAL,NO
1450499,1232844802,ROUND,0.80,F,VS1,EX,EX,EX,NONE,5.88-5.93*3.68,,62.4,58,GIA,1767,INDIA,,,"CLOUD, FEATHER, NEEDLE, PINPOINT",NO
1593889,2231833710,ROUND,0.80,F,VS1,EX,EX,EX,NONE,5.87-5.92*3.68,,62.5,59,GIA,1752,INDIA,,,"CLOUD, PINPOINT, NEEDLE",NO
1648909,1232828027,ROUND,0.80,F,VS1,EX,EX,EX,MED,5.85-5.9*3.68,,62.5,59,GIA,1554,INDIA,,,"FEATHER, PINPOINT",NO
1507707,7541432353,ROUND,0.80,F,VS1,EX,EX,EX,NONE,5.87-5.91*3.68,,62.5,59,GIA,1752,INDIA,,,"CRYSTAL, CLOUD, PINPOINT",NO
1864151,5231841290,ROUND,0.80,F,VS1,EX,EX,EX,NONE,5.86-5.9*3.69,,62.7,57,GIA,1767,INDIA,,,"CRYSTAL, FEATHER, PINPOINT",NO
1760220,5543145504,ROUND,0.80,F,VS1,EX,EX,EX,STG,5.89-5.93*3.71,,62.8,59,GIA,1279,INDIA,,,"CRYSTAL, FEATHER",NO
1185445,5232840194,ROUND,0.80,F,VS1,EX,EX,EX,NONE,5.87-5.91*3.69,,62.6,58,GIA,1736,INDIA,,,"CRYSTAL, PINPOINT",NO
1131994,7543378554,ROUND,0.80,F,VS1,EX,EX,EX,NONE,5.85-5.9*3.69,,62.8,58,GIA,1736,INDIA,,,"CLOUD, FEATHER, PINPOINT",NO
1135390,7542147098,ROUND,0.85,G,VS1,EX,EX,EX,NONE,6.01-6.05*3.79,,62.8,55,GIA,1845,INDIA,,,"FEATHER, CLOUD, PINPOINT, NEEDLE",NO
1188018,6237818928,ROUND,0.85,G,VS1,EX,EX,EX,NONE,5.98-6.02*3.76,,62.7,57,GIA,1756,INDIA,,,"CRYSTAL, CLOUD",NO
1376034,2231828108,ROUND,0.83,G,VS1,EX,EX,EX,NONE,5.95-5.99*3.72,,62.4,58,GIA,1599,INDIA,,,"CRYSTAL, NEEDLE, FEATHER, PINPOINT",NO
1378626,2233851531,ROUND,0.82,G,VS1,EX,EX,EX,NONE,5.91-5.95*3.73,,62.9,58,GIA,1623,INDIA,,,"CRYSTAL, CLOUD, NEEDLE, PINPOINT",NO
1270332,1538713087,ROUND,0.82,G,VS1,EX,EX,EX,NONE,6.01-6.05*3.71,,61.6,59,GIA,1623,INDIA,,,"CLOUD, NEEDLE, PINPOINT",NO
1779837,5231833799,ROUND,0.81,G,VS1,EX,EX,EX,STG,5.89-5.93*3.71,,62.7,56,GIA,1111,INDIA,,,"CRYSTAL, FEATHER, PINPOINT",NO
1323465,6237821182,ROUND,0.81,G,VS1,EX,EX,EX,NONE,5.94-5.97*3.74,,62.9,55,GIA,1575,INDIA,,,"CLOUD, CRYSTAL, NEEDLE, PINPOINT",NO
1323503,2233821197,ROUND,0.80,G,VS1,EX,EX,EX,NONE,5.85-5.9*3.69,,62.8,58,GIA,1555,INDIA,,,"CLOUD, PINPOINT",NO
1692495,2235833857,ROUND,0.80,G,VS1,EX,EX,EX,FAINT,5.93-5.98*3.62,,60.7,59,GIA,1403,INDIA,,,"CRYSTAL, FEATHER, CLOUD, NEEDLE",NO
1133308,2235828036,ROUND,0.80,G,VS1,EX,EX,EX,NONE,5.86-5.91*3.68,,62.5,57,GIA,1542,INDIA,,,"CRYSTAL, CLOUD",NO
1741326,5231841308,ROUND,0.80,G,VS1,EX,EX,EX,FAINT,5.85-5.9*3.74,,63.7,56,GIA,1403,INDIA,,,"FEATHER, PINPOINT",NO
1785789,6535545327,ROUND,0.80,G,VS1,EX,EX,EX,STG,5.87-5.91*3.7,,62.8,57,GIA,1111,INDIA,,,"FEATHER, PINPOINT",NO
1236154,1232753181,ROUND,0.84,H,VS1,EX,EX,EX,FAINT,6.01-6.06*3.77,,62.5,56,GIA,1333,INDIA,,,"CLOUD, CRYSTAL, PINPOINT",NO
1566321,2233831827,ROUND,0.82,H,VS1,EX,EX,EX,NONE,5.92-5.97*3.71,,62.5,58,GIA,1301,INDIA,,,"CRYSTAL, NEEDLE, PINPOINT, CLOUD",NO
1110225,6237832080,ROUND,0.82,H,VS1,EX,EX,EX,NONE,5.89-5.95*3.72,,62.8,58,GIA,1301,INDIA,,,"CLOUD, CRYSTAL, PINPOINT",NO
1898669,1232833818,ROUND,0.80,H,VS1,EX,EX,EX,NONE,5.86-5.89*3.68,,62.7,58,GIA,1316,INDIA,,,"FEATHER, PINPOINT",NO
1446434,5232833768,ROUND,0.83,I,VS1,EX,EX,EX,NONE,5.94-5.98*3.74,,62.7,59,GIA,1165,INDIA,,,"CRYSTAL, CLOUD, NEEDLE, PINPOINT",NO
1227588,5231828053,ROUND,0.81,I,VS1,EX,EX,EX,NONE,5.88-5.93*3.69,,62.5,57,GIA,1116,INDIA,,,"CRYSTAL, NEEDLE, PINPOINT",NO
1157696,5231833706,ROUND,0.81,I,VS1,EX,EX,EX,NONE,5.88-5.93*3.68,,62.3,58,GIA,1137,INDIA,,,"CLOUD, PINPOINT, NEEDLE",NO
1847099,6237841314,ROUND,0.80,I,VS1,EX,EX,EX,NONE,5.86-5.91*3.68,,62.5,59,GIA,1154,INDIA,,,"CLOUD, NEEDLE",NO
1300431,1232827927,ROUND,0.80,I,VS1,EX,EX,EX,NONE,5.88-5.93*3.71,,62.8,56,GIA,1103,INDIA,,,CRYSTAL,NO
1409758,2235840199,ROUND,0.83,D,VS2,EX,EX,EX,NONE,5.99-6.02*3.72,,61.9,57,GIA,1841,INDIA,,,"CLOUD, CRYSTAL, FEATHER",NO
1933801,1232772008,ROUND,0.82,D,VS2,EX,EX,EX,NONE,5.93-5.97*3.73,,62.8,56,GIA,1743,INDIA,,,CRYSTAL,NO
1286851,1236827992,ROUND,0.81,D,VS2,EX,EX,EX,NONE,5.93-5.97*3.65,,61.4,59,GIA,1677,INDIA,,,CRYSTAL,NO
1601355,6237832319,ROUND,0.80,D,VS2,EX,EX,EX,NONE,5.84-5.89*3.68,,62.8,58,GIA,1730,INDIA,,,"NEEDLE, CRYSTAL, FEATHER",NO
1857865,1232823740,ROUND,0.88,E,VS2,EX,EX,EX,NONE,6.12-6.16*3.81,,62.1,59,GIA,2017,INDIA,,,"CRYSTAL, FEATHER",NO
1277950,1236803911,ROUND,0.85,E,VS2,EX,EX,EX,NONE,6.04-6.07*3.74,,61.7,58,GIA,1830,INDIA,,,"CRYSTAL, NEEDLE, FEATHER",NO
1312888,6515596049,ROUND,0.84,E,VS2,EX,EX,EX,NONE,5.96-6.01*3.74,,62.5,58,GIA,1692,INDIA,,,"Crystal, Cloud",NO
1628609,1533458151,ROUND,0.84,E,VS2,EX,EX,EX,NONE,6.04-6.06*3.78,,62.5,55,GIA,1677,INDIA,,,"CRYSTAL, FEATHER, NEEDLE",NO
1119009,2235804866,ROUND,0.84,E,VS2,EX,EX,EX,NONE,5.98-6.03*3.77,,62.7,58,GIA,1633,INDIA,,,"CRYSTAL, CLOUD, FEATHER",NO
1108215,2235802840,ROUND,0.84,E,VS2,EX,EX,EX,NONE,5.96-6.01*3.76,,62.8,58,GIA,1633,INDIA,,,"CLOUD, CRYSTAL",NO
1686125,1543430783,ROUND,0.82,E,VS2,EX,EX,EX,NONE,5.91-5.95*3.72,,62.8,59,GIA,1651,INDIA,,,"CLOUD, FEATHER, CRYSTAL",NO
1317392,2538810603,ROUND,0.81,E,VS2,EX,EX,EX,NONE,5.89-5.93*3.7,,62.5,59,GIA,1575,INDIA,,,"CLOUD, CRYSTAL, FEATHER, KNOT",NO
1155121,1232751690,ROUND,0.81,E,VS2,EX,EX,EX,NONE,5.88-5.93*3.7,,62.7,58,GIA,1631,INDIA,,,FEATHER,NO
1549773,6237829150,ROUND,0.81,E,VS2,EX,EX,EX,NONE,5.94-5.98*3.65,,61.3,59,GIA,1547,INDIA,,,"FEATHER, CRYSTAL",NO
1688641,1236802876,ROUND,0.80,E,VS2,EX,EX,EX,NONE,5.87-5.92*3.7,,62.7,54,GIA,1555,INDIA,,,CLOUD,NO
1700217,1232824895,ROUND,0.80,E,VS2,EX,EX,EX,NONE,5.86-5.91*3.74,,63.6,56,GIA,1528,INDIA,,,"CRYSTAL, CLOUD",NO
1715394,2231802910,ROUND,0.82,F,VS2,EX,EX,EX,NONE,5.95-5.99*3.66,,61.4,59,GIA,1518,INDIA,,,"CLOUD, CRYSTAL, KNOT",NO
1249490,5231811290,ROUND,0.82,F,VS2,EX,EX,EX,NONE,5.93-5.97*3.68,,61.8,59,GIA,1518,INDIA,,,CLOUD,NO
1164465,7531151709,ROUND,0.80,F,VS2,EX,EX,EX,FAINT,5.87-5.92*3.68,,62.4,59,GIA,1319,INDIA,,,"CRYSTAL, CLOUD, FEATHER",NO
1443268,1232844804,ROUND,0.80,F,VS2,EX,EX,EX,NONE,5.89-5.93*3.67,,62,58,GIA,1533,INDIA,,,"CRYSTAL, NEEDLE, FEATHER",NO
1339551,2231762980,ROUND,0.89,G,VS2,EX,EX,EX,NONE,6.1-6.14*3.84,,62.8,57,GIA,1722,INDIA,,,"CLOUD, FEATHER, CRYSTAL",NO
1192718,7548378448,ROUND,0.86,G,VS2,EX,EX,EX,NONE,6.01-6.05*3.77,,62.6,59,GIA,1638,INDIA,,,"CLOUD, CRYSTAL, FEATHER",NO
1887752,5533984205,ROUND,0.86,G,VS2,EX,EX,EX,NONE,6.03-6.08*3.8,,62.8,58,GIA,1599,INDIA,,,"CRYSTAL, CLOUD",NO
1282583,1543145929,ROUND,0.85,G,VS2,EX,EX,EX,NONE,5.99-6.03*3.76,,62.5,57,GIA,1504,INDIA,,,"CRYSTAL, FEATHER, CLOUD",NO
7007216,2233804879,ROUND,0.85,G,VS2,EX,EX,EX,NONE,6.08-6.1*3.76,,61.8,55,GIA,1594,INDIA,,,"CRYSTAL, NEEDLE, FEATHER",NO
1919094,5232832554,ROUND,0.83,G,VS2,EX,EX,EX,NONE,5.95-6*3.72,,62.2,59,GIA,1443,INDIA,,,"CLOUD, CRYSTAL",NO
1119968,2231832069,ROUND,0.83,G,VS2,EX,EX,EX,NONE,5.94-5.97*3.73,,62.7,58,GIA,1443,INDIA,,,"CLOUD, CRYSTAL, FEATHER",NO
1785828,1543378668,ROUND,0.81,G,VS2,EX,EX,EX,STG,5.91-5.95*3.69,,62.2,60,GIA,1053,INDIA,,,"CRYSTAL, FEATHER",NO
1618170,2231832308,ROUND,0.81,G,VS2,EX,EX,EX,NONE,5.92-5.95*3.72,,62.7,58,GIA,1408,INDIA,,,"CLOUD, CRYSTAL, FEATHER",NO
1763818,2235844571,ROUND,0.81,G,VS2,EX,EX,EX,NONE,5.87-5.92*3.69,,62.6,59,GIA,1421,INDIA,,,"CLOUD, CRYSTAL, NEEDLE",NO
1767909,6233821174,ROUND,0.86,H,VS2,EX,EX,EX,NONE,6.01-6.05*3.78,,62.6,59,GIA,1433,INDIA,,,"CRYSTAL, CLOUD",NO
1193156,2235828085,ROUND,0.86,H,VS2,EX,EX,EX,FAINT,6.03-6.07*3.74,,61.8,59,GIA,1306,INDIA,,,CRYSTAL,NO
1966784,2235841280,ROUND,0.84,H,VS2,EX,EX,EX,NONE,5.99-6.03*3.77,,62.8,55,GIA,1264,INDIA,,,"CRYSTAL, FEATHER",NO
1343221,2544378283,ROUND,0.84,H,VS2,EX,EX,EX,NONE,6.01-6.05*3.79,,62.9,54,GIA,1332,INDIA,,,"CLOUD, CRYSTAL",NO
7106170,2546156539,ROUND,0.84,H,VS2,EX,EX,EX,FAINT,6-6.03*3.77,,62.7,57,GIA,1231,INDIA,,,"CRYSTAL, FEATHER, CLOUD",NO
1949912,2231841301,ROUND,0.80,H,VS2,EX,EX,EX,NONE,5.84-5.89*3.71,,63.2,57,GIA,1247,INDIA,,,FEATHER,NO
1356278,2235840218,ROUND,0.87,I,VS2,EX,EX,EX,NONE,6.1-6.14*3.8,,62.1,58,GIA,1289,INDIA,,,"CRYSTAL, FEATHER",NO
1742818,2235824931,ROUND,0.86,I,VS2,EX,EX,EX,NONE,6.08-6.12*3.77,,61.9,58,GIA,1274,INDIA,,,"FEATHER, CLOUD",NO
1489325,6237829146,ROUND,0.85,I,VS2,EX,EX,EX,NONE,6.04-6.08*3.7,,61,59,GIA,1240,INDIA,,,"CRYSTAL, FEATHER",NO
1114177,2235763272,ROUND,0.83,I,VS2,EX,EX,EX,NONE,5.92-5.97*3.74,,62.9,57,GIA,976,INDIA,,,"CRYSTAL, CLOUD, NEEDLE",NO
1739316,6237778564,ROUND,0.82,I,VS2,EX,EX,EX,NONE,5.92-5.96*3.7,,62.3,58,GIA,1003,INDIA,,,"CRYSTAL, CLOUD",NO
1555849,7531749564,ROUND,0.81,I,VS2,EX,EX,EX,NONE,5.89-5.94*3.7,,62.5,58,GIA,972,INDIA,,,"CRYSTAL, CLOUD",NO
1457860,2235821171,ROUND,0.80,I,VS2,EX,EX,EX,NONE,5.87-5.91*3.66,,62.2,60,GIA,960,INDIA,,,"CRYSTAL, CLOUD, INDENTED NATURAL",NO
1971988,5232841285,ROUND,0.80,I,VS2,EX,EX,EX,NONE,5.88-5.92*3.7,,62.7,54,GIA,1016,INDIA,,,"CLOUD, CRYSTAL",NO
1207474,1236846171,ROUND,0.80,I,VS2,EX,EX,EX,NONE,5.92-5.96*3.67,,61.8,57,GIA,960,INDIA,,,"CLOUD, CRYSTAL, FEATHER",NO
1222803,7542147125,ROUND,0.80,I,VS2,EX,EX,EX,NONE,5.85-5.89*3.68,,62.7,59,GIA,988,INDIA,,,CRYSTAL,NO
1405249,2233823584,ROUND,0.80,I,VS2,EX,EX,EX,NONE,5.88-5.91*3.67,,62.3,58,GIA,1054,INDIA,,,FEATHER,NO
1483282,2233772024,ROUND,0.80,I,VS2,EX,EX,EX,NONE,5.86-5.91*3.7,,62.9,56,GIA,978,INDIA,,,"CRYSTAL, CLOUD, FEATHER",NO
1176448,2547148622,ROUND,0.80,J,VS2,EX,EX,EX,FAINT,5.89-5.92*3.71,,62.8,56,GIA,766,INDIA,,,"CRYSTAL, FEATHER",NO
1254256,5543267446,ROUND,0.78,D,IF,EX,EX,EX,NONE,5.85-5.89*3.65,,62.3,56,GIA,3180,INDIA,,,MINOR DETAILS OF POLISH,NO
1596868,2235772020,ROUND,0.77,D,IF,EX,EX,EX,NONE,5.84-5.88*3.62,,61.7,59,GIA,2837,INDIA,,,MINOR DETAILS OF POLISH,NO
1321359,2231621364,ROUND,0.77,D,IF,EX,EX,EX,NONE,5.81-5.86*3.62,,62,57,GIA,2807,INDIA,,,MINOR DETAILS OF POLISH,NO
1687971,6531455638,ROUND,0.76,D,IF,EX,EX,EX,NONE,5.83-5.86*3.61,,61.7,58,GIA,2800,INDIA,,,MINOR DETAILS OF POLISH,NO
1814362,1236763131,ROUND,0.76,D,IF,EX,EX,EX,NONE,5.81-5.83*3.6,,61.9,59,GIA,2800,INDIA,,,MINOR DETAILS OF POLISH,NO
1826492,2235770407,ROUND,0.76,D,IF,EX,EX,EX,FAINT,5.78-5.82*3.59,,61.9,58,GIA,2264,INDIA,,,MINOR DETAILS OF POLISH,NO
1283982,2544089892,ROUND,0.75,D,IF,EX,EX,EX,NONE,5.77-5.81*3.58,,61.8,58,GIA,2764,INDIA,,,MINOR DETAILS OF POLISH,NO
1954706,2231829145,ROUND,0.75,D,IF,EX,EX,EX,NONE,5.75-5.79*3.62,,62.7,56,GIA,2764,INDIA,,,MINOR DETAILS OF POLISH,NO
7520749,1232840266,ROUND,0.73,D,IF,EX,EX,EX,MED,5.74-5.76*3.59,,62.4,55,GIA,2003,INDIA,,,MINOR DETAILS OF POLISH,NO
1194442,7548147264,ROUND,0.70,D,IF,EX,EX,EX,STG,5.62-5.66*3.53,,62.6,56,GIA,1454,INDIA,,,MINOR DETAILS OF POLISH,NO
1728468,1236844646,ROUND,0.70,D,IF,EX,EX,EX,MED,5.63-5.68*3.54,,62.5,58,GIA,1921,INDIA,,,MINOR DETAILS OF POLISH,NO
1316633,2235708070,ROUND,0.70,D,IF,EX,EX,EX,NONE,5.68-5.72*3.51,,61.7,57,GIA,2387,INDIA,,,MINOR DETAILS OF POLISH,NO
1707751,6237833809,ROUND,0.70,D,IF,EX,EX,EX,NONE,5.66-5.7*3.51,,61.8,58,GIA,2442,INDIA,,,MINOR DETAILS OF POLISH,NO
1147870,2231844593,ROUND,0.79,E,IF,EX,EX,EX,NONE,5.83-5.87*3.66,,62.5,59,GIA,2925,INDIA,,,MINOR DETAILS OF POLISH,NO
1952679,2231772153,ROUND,0.75,E,IF,EX,EX,EX,FAINT,5.74-5.79*3.57,,61.9,59,GIA,2107,INDIA,,,MINOR DETAILS OF POLISH,NO
1625155,6541148589,ROUND,0.74,E,IF,EX,EX,EX,FAINT,5.69-5.74*3.59,,62.8,58,GIA,1984,INDIA,,,MINOR DETAILS OF POLISH,NO
1652642,6237844609,ROUND,0.73,E,IF,EX,EX,EX,NONE,5.69-5.73*3.57,,62.5,59,GIA,2330,INDIA,,,MINOR DETAILS OF POLISH,NO
1527144,2233824905,ROUND,0.71,E,IF,EX,EX,EX,NONE,5.66-5.71*3.55,,62.5,58,GIA,1994,INDIA,,,"SURFACE GRAINING, MINOR DETAILS OF POLISH",NO
1454811,5232833774,ROUND,0.70,E,IF,EX,EX,EX,NONE,5.62-5.67*3.52,,62.3,58,GIA,2100,INDIA,,,MINOR DETAILS OF POLISH,NO
1588796,1548431468,ROUND,0.73,F,IF,EX,EX,EX,MED,5.72-5.76*3.57,,62.1,59,GIA,1533,INDIA,,,MINOR DETAILS OF POLISH,NO
1665829,1543432556,ROUND,0.71,F,IF,EX,EX,EX,FAINT,5.63-5.68*3.55,,62.7,58,GIA,1650,INDIA,,,MINOR DETAILS OF POLISH,NO
1806293,5232841573,ROUND,0.71,F,IF,EX,EX,EX,NONE,5.72-5.76*3.54,,61.6,57,GIA,1908,INDIA,,,MINOR DETAILS OF POLISH,NO
1923285,1236844774,ROUND,0.70,F,IF,EX,EX,EX,NONE,5.75-5.8*3.43,,59.3,60,GIA,1921,INDIA,,,MINOR DETAILS OF POLISH,NO
1301583,5231751701,ROUND,0.77,G,IF,EX,EX,EX,NONE,5.77-5.82*3.63,,62.7,59,GIA,1702,INDIA,,,MINOR DETAILS OF POLISH,NO
1900833,6237823527,ROUND,0.75,G,IF,EX,EX,EX,NONE,5.74-5.78*3.6,,62.5,59,GIA,1693,INDIA,,,MINOR DETAILS OF POLISH,NO
1615945,2231832299,ROUND,0.71,G,IF,EX,EX,EX,NONE,5.67-5.71*3.54,,62.2,59,GIA,1620,INDIA,,,MINOR DETAILS OF POLISH,NO
1665455,6532627055,ROUND,0.71,G,IF,EX,EX,EX,FAINT,5.66-5.72*3.55,,62.4,57,GIA,1269,INDIA,,,MINOR DETAILS OF POLISH,NO
1970729,2547433164,ROUND,0.71,G,IF,EX,EX,EX,NONE,5.65-5.68*3.52,,62.1,58,GIA,1670,INDIA,,,MINOR DETAILS OF POLISH,NO
1805627,2231823734,ROUND,0.70,G,IF,EX,EX,EX,NONE,5.62-5.67*3.56,,63,57,GIA,1515,INDIA,,,"SURFACE GRAINING, MINOR DETAILS OF POLISH",NO
1744366,2231841302,ROUND,0.76,H,IF,EX,EX,EX,NONE,5.77-5.82*3.62,,62.4,59,GIA,1389,INDIA,,,MINOR DETAILS OF POLISH,NO
1918158,5232804838,ROUND,0.71,H,IF,EX,EX,EX,NONE,5.65-5.69*3.55,,62.6,58,GIA,1054,INDIA,,,MINOR DETAILS OF POLISH,NO
1766425,5231802904,ROUND,0.70,H,IF,EX,EX,EX,NONE,5.62-5.67*3.52,,62.4,59,GIA,1053,INDIA,,,MINOR DETAILS OF POLISH,NO
1172561,2233829115,ROUND,0.72,J,IF,EX,EX,EX,NONE,5.66-5.7*3.57,,62.9,57,GIA,900,INDIA,,,MINOR DETAILS OF POLISH,NO
1806558,7491435778,ROUND,0.70,J,IF,EX,EX,EX,FAINT,5.7-5.74*3.44,,60.2,60,GIA,790,INDIA,,,Minor Details of Polish,NO
1239135,7501604816,ROUND,0.76,K,IF,EX,EX,EX,NONE,5.8-5.85*3.61,,61.9,56,GIA,880,INDIA,,,Minor Details of Polish,NO
1977216,7541022697,ROUND,0.78,D,VVS1,EX,EX,EX,NONE,5.93-5.94*3.61,,60.8,58,GIA,2544,INDIA,,,"PINPOINT, INTERNAL GRAINING, SURFACE GRAINING",NO
1380492,2235832567,ROUND,0.76,D,VVS1,EX,EX,EX,MED,5.81-5.85*3.61,,61.9,57,GIA,1692,INDIA,,,PINPOINT,NO
1460723,7538011230,ROUND,0.75,D,VVS1,EX,EX,EX,FAINT,5.74-5.79*3.61,,62.6,57,GIA,1789,INDIA,,,PINPOINT,NO
1391003,2233667163,ROUND,0.75,D,VVS1,EX,EX,EX,FAINT,5.84-5.87*3.58,,61.1,59,GIA,1789,INDIA,,,PINPOINT,NO
1398709,5231726041,ROUND,0.75,D,VVS1,EX,EX,EX,FAINT,5.78-5.82*3.59,,61.9,59,GIA,1811,INDIA,,,"PINPOINT, FEATHER",NO
1399246,2231833770,ROUND,0.72,D,VVS1,EX,EX,EX,STG,5.67-5.71*3.56,,62.5,58,GIA,1264,INDIA,,,"PINPOINT, FEATHER",NO
1319361,2235828133,ROUND,0.70,D,VVS1,EX,EX,EX,NONE,5.68-5.72*3.44,,60.4,62,GIA,2063,INDIA,,,FEATHER,NO
1500551,5232804859,ROUND,0.70,D,VVS1,EX,EX,EX,STG,5.66-5.7*3.5,,61.6,62,GIA,1098,INDIA,,,"PINPOINT, FEATHER, INDENTED NATURAL",NO
1644770,5232824922,ROUND,0.70,D,VVS1,EX,EX,EX,NONE,5.66-5.7*3.46,,61,61,GIA,1954,INDIA,,,"NEEDLE, CLOUD, PINPOINT, FEATHER",NO
1348221,5231777171,ROUND,0.70,D,VVS1,EX,EX,EX,NONE,5.61-5.65*3.49,,62,59,GIA,1976,INDIA,,,"CLOUD, FEATHER",NO
7480047,5232827755,ROUND,0.70,D,VVS1,EX,EX,EX,NONE,5.72-5.77*3.44,,59.9,59,GIA,2042,INDIA,,,"PINPOINT, FEATHER",NO
1563082,2231833769,ROUND,0.70,D,VVS1,EX,EX,EX,NONE,5.6-5.64*3.52,,62.6,58,GIA,1888,INDIA,,,"INTERNAL GRAINING, SURFACE GRAINING",NO
1150366,6233844595,ROUND,0.70,D,VVS1,EX,EX,EX,NONE,5.69-5.73*3.46,,60.7,60,GIA,2107,INDIA,,,PINPOINT,NO
1213545,6535613298,ROUND,0.76,E,VVS1,EX,EX,EX,FAINT,5.77-5.82*3.64,,62.9,55,GIA,1752,INDIA,,,CLOUD,NO
1772809,2233714113,ROUND,0.76,E,VVS1,EX,EX,EX,FAINT,5.78-5.82*3.61,,62.3,59,GIA,1793,INDIA,,,PINPOINT,NO
1800495,2537810573,ROUND,0.75,E,VVS1,EX,EX,EX,FAINT,5.76-5.79*3.59,,62.2,59,GIA,1729,INDIA,,,PINPOINT,NO
1649790,2231851514,ROUND,0.72,E,VVS1,EX,EX,EX,FAINT,5.71-5.76*3.54,,61.7,59,GIA,1699,INDIA,,,PINPOINT,NO
1591854,2235823454,ROUND,0.72,E,VVS1,EX,EX,EX,STG,5.66-5.71*3.56,,62.6,59,GIA,1067,INDIA,,,"PINPOINT, FEATHER",NO
1455897,2235832492,ROUND,0.70,E,VVS1,EX,EX,EX,FAINT,5.6-5.64*3.53,,62.9,59,GIA,1479,INDIA,,,"INTERNAL GRAINING, FEATHER, SURFACE GRAINING",NO
1701392,2231804865,ROUND,0.70,E,VVS1,EX,EX,EX,MED,5.77-5.81*3.43,,59.2,59,GIA,1229,INDIA,,,INTERNAL GRAINING,NO
1885222,2547430864,ROUND,0.70,E,VVS1,EX,EX,EX,FAINT,5.62-5.67*3.52,,62.4,58,GIA,1537,INDIA,,,"PINPOINT, FEATHER, SURFACE GRAINING",NO
1488243,2231833762,ROUND,0.70,E,VVS1,EX,EX,EX,FAINT,5.68-5.71*3.52,,61.8,57,GIA,1575,INDIA,,,PINPOINT,NO
1969819,2546157589,ROUND,0.77,F,VVS1,EX,EX,EX,NONE,5.86-5.89*3.63,,61.8,58,GIA,1973,INDIA,,,FEATHER,NO
1357200,2235763270,ROUND,0.75,F,VVS1,EX,EX,EX,FAINT,5.81-5.85*3.59,,61.5,59,GIA,1589,INDIA,,,PINPOINT,NO
1551767,6233833772,ROUND,0.75,F,VVS1,EX,EX,EX,FAINT,5.75-5.79*3.61,,62.5,57,GIA,1571,INDIA,,,"PINPOINT, CLOUD, FEATHER",NO
1770773,2235844563,ROUND,0.73,F,VVS1,EX,EX,EX,NONE,5.71-5.74*3.56,,62.2,59,GIA,1799,INDIA,,,PINPOINT,NO
1387759,1232751650,ROUND,0.72,F,VVS1,EX,EX,EX,NONE,5.67-5.71*3.58,,62.9,55,GIA,1668,INDIA,,,"PINPOINT, NEEDLE, CLOUD, FEATHER",NO
1949952,5231841328,ROUND,0.70,F,VVS1,EX,EX,EX,NONE,5.62-5.67*3.55,,62.8,57,GIA,1690,INDIA,,,"PINPOINT, FEATHER",NO
1939671,2235841275,ROUND,0.70,F,VVS1,EX,EX,EX,FAINT,5.67-5.7*3.51,,61.7,58,GIA,1242,INDIA,,,"NEEDLE, PINPOINT, INTERNAL GRAINING, FEATHER",NO
1116091,6233844713,ROUND,0.75,G,VVS1,EX,EX,EX,NONE,5.73-5.77*3.6,,62.6,59,GIA,1523,INDIA,,,"PINPOINT, FEATHER, SURFACE GRAINING",NO
1422586,1232828120,ROUND,0.75,G,VVS1,EX,EX,EX,NONE,5.8-5.83*3.55,,61,58,GIA,1492,INDIA,,,"PINPOINT, SURFACE GRAINING",NO
1532198,2231811362,ROUND,0.73,G,VVS1,EX,EX,EX,NONE,5.71-5.76*3.61,,62.9,55,GIA,1482,INDIA,,,FEATHER,NO
1349182,2235818812,ROUND,0.71,G,VVS1,EX,EX,EX,NONE,5.67-5.72*3.57,,62.6,59,GIA,1398,INDIA,,,PINPOINT,NO
1790461,2235823483,ROUND,0.71,G,VVS1,EX,EX,EX,NONE,5.72-5.76*3.52,,61.3,59,GIA,1383,INDIA,,,"CLOUD, FEATHER",NO
1715115,6532753064,ROUND,0.71,G,VVS1,EX,EX,EX,NONE,5.64-5.69*3.54,,62.4,58,GIA,1383,INDIA,,,"PINPOINT, FEATHER",NO
1679836,2231802871,ROUND,0.70,G,VVS1,EX,EX,EX,NONE,5.68-5.7*3.5,,61.4,59,GIA,1349,INDIA,,,NEEDLE,NO
1810524,6531749869,ROUND,0.70,G,VVS1,EX,EX,EX,NONE,5.61-5.66*3.52,,62.5,59,GIA,1334,INDIA,,,"PINPOINT, CLOUD, FEATHER",NO
1872612,5232751749,ROUND,0.70,G,VVS1,EX,EX,EX,NONE,5.63-5.66*3.53,,62.6,58,GIA,1334,INDIA,,,"CLOUD, FEATHER",NO
1855233,6233718969,ROUND,0.70,G,VVS1,EX,EX,EX,NONE,5.63-5.66*3.52,,62.4,60,GIA,1334,INDIA,,,"CLOUD, PINPOINT, FEATHER",NO
1512841,5232829142,ROUND,0.70,G,VVS1,EX,EX,EX,NONE,5.6-5.65*3.52,,62.6,59,GIA,1349,INDIA,,,"CLOUD, FEATHER",NO
1436609,5231840224,ROUND,0.75,H,VVS1,EX,EX,EX,FAINT,5.74-5.78*3.61,,62.6,59,GIA,1096,INDIA,,,PINPOINT,NO
1132149,2231824947,ROUND,0.70,H,VVS1,EX,EX,EX,NONE,5.61-5.66*3.52,,62.5,58,GIA,964,INDIA,,,"INTERNAL GRAINING, FEATHER, SURFACE GRAINING",NO
1498050,2231833791,ROUND,0.70,H,VVS1,EX,EX,EX,NONE,5.62-5.67*3.52,,62.4,59,GIA,1035,INDIA,,,"PINPOINT, FEATHER",NO
1528746,5232828077,ROUND,0.70,H,VVS1,EX,EX,EX,NONE,5.6-5.64*3.57,,63.6,58,GIA,988,INDIA,,,FEATHER,NO
1193896,2233844548,ROUND,0.75,I,VVS1,EX,EX,EX,NONE,5.73-5.76*3.6,,62.7,58,GIA,1179,INDIA,,,FEATHER,NO
1287423,2235832636,ROUND,0.70,I,VVS1,EX,EX,EX,NONE,5.62-5.65*3.55,,62.9,54,GIA,978,INDIA,,,"PINPOINT, FEATHER",NO
1100928,2235833705,ROUND,0.70,J,VVS1,EX,EX,EX,NONE,5.63-5.68*3.51,,62,60,GIA,880,INDIA,,,FEATHER,NO
1501796,6491777852,ROUND,0.70,J,VVS1,EX,EX,EX,NONE,5.6-5.64*3.55,,63.2,55,GIA,811,INDIA,,,Feather,NO
1954961,2497666475,ROUND,0.70,L,VVS1,EX,EX,EX,NONE,5.66-5.69*3.50,,61.7,58,GIA,700,INDIA,,,Feather,NO
1377263,2233770326,ROUND,0.79,D,VVS2,EX,EX,EX,NONE,5.85-5.89*3.69,,62.9,59,GIA,2044,INDIA,,,"NEEDLE, PINPOINT, FEATHER",NO
1709713,7531184659,ROUND,0.75,D,VVS2,EX,EX,EX,STG,5.77-5.8*3.61,,62.4,58,GIA,1072,INDIA,,,PINPOINT,NO
1390370,5232804902,ROUND,0.74,D,VVS2,EX,EX,EX,NONE,5.76-5.81*3.62,,62.7,55,GIA,1732,INDIA,,,PINPOINT,NO
1782983,5231844557,ROUND,0.70,D,VVS2,EX,EX,EX,NONE,5.59-5.64*3.53,,62.8,57,GIA,1621,INDIA,,,"NEEDLE, PINPOINT, FEATHER",NO
1819934,1539405705,ROUND,0.70,D,VVS2,EX,EX,EX,NONE,5.61-5.66*3.53,,62.6,59,GIA,1570,INDIA,,,"CLOUD, FEATHER, PINPOINT",NO
1855903,2537405565,ROUND,0.70,D,VVS2,EX,EX,EX,STG,5.62-5.67*3.5,,62,59,GIA,914,INDIA,,,PINPOINT,NO
1699260,1549337228,ROUND,0.70,D,VVS2,EX,EX,EX,NONE,5.63-5.66*3.5,,62.1,59,GIA,1656,INDIA,,,PINPOINT,NO
1305555,1232833715,ROUND,0.70,D,VVS2,EX,EX,EX,NONE,5.61-5.66*3.56,,63.2,54,GIA,1587,INDIA,,,"NEEDLE, FEATHER, CLOUD, PINPOINT",NO
1827963,2235804898,ROUND,0.70,D,VVS2,EX,EX,EX,NONE,5.68-5.72*3.45,,60.5,61,GIA,1587,INDIA,,,"PINPOINT, FEATHER",NO
1193241,6542183926,ROUND,0.75,E,VVS2,EX,EX,EX,NONE,5.81-5.85*3.58,,61.4,59,GIA,1756,INDIA,,,"CLOUD, PINPOINT",NO
1907232,1232829131,ROUND,0.73,E,VVS2,EX,EX,EX,FAINT,5.72-5.76*3.54,,61.7,58,GIA,1374,INDIA,,,PINPOINT,NO
1598624,1236840327,ROUND,0.71,E,VVS2,EX,EX,EX,NONE,5.64-5.69*3.56,,62.8,59,GIA,1532,INDIA,,,"PINPOINT, CLOUD",NO
1121902,2235802845,ROUND,0.70,E,VVS2,EX,EX,EX,NONE,5.6-5.64*3.52,,62.6,59,GIA,1463,INDIA,,,"FEATHER, CLOUD, PINPOINT",NO
1748857,1232799533,ROUND,0.70,E,VVS2,EX,EX,EX,STG,5.65-5.69*3.56,,62.8,57,GIA,964,INDIA,,,PINPOINT,NO
1626222,5232833807,ROUND,0.70,E,VVS2,EX,EX,EX,NONE,5.6-5.64*3.54,,62.9,57,GIA,1495,INDIA,,,"PINPOINT, CLOUD",NO
1635514,2544423558,ROUND,0.76,F,VVS2,EX,EX,EX,NONE,5.84-5.86*3.6,,61.6,56,GIA,1842,INDIA,,,PINPOINT,NO
1432104,6237829130,ROUND,0.75,F,VVS2,EX,EX,EX,FAINT,5.81-5.84*3.6,,61.8,59,GIA,1572,INDIA,,,"PINPOINT, FEATHER, CLOUD",NO
1429241,6233821116,ROUND,0.73,F,VVS2,EX,EX,EX,MED,5.76-5.8*3.52,,61,59,GIA,1148,INDIA,,,PINPOINT,NO
1939327,1232829133,ROUND,0.70,F,VVS2,EX,EX,EX,MED,5.63-5.65*3.55,,62.9,57,GIA,1055,INDIA,,,"PINPOINT, CLOUD, FEATHER",NO
1601238,6545431421,ROUND,0.70,F,VVS2,EX,EX,EX,FAINT,5.62-5.67*3.52,,62.3,59,GIA,1238,INDIA,,,PINPOINT,NO
1495359,1538795924,ROUND,0.75,G,VVS2,EX,EX,EX,NONE,5.74-5.77*3.61,,62.7,57,GIA,1328,INDIA,,,"FEATHER, PINPOINT",NO
1931903,2235844757,ROUND,0.75,G,VVS2,EX,EX,EX,NONE,5.74-5.79*3.59,,62.2,58,GIA,1371,INDIA,,,PINPOINT,NO
1736469,6237749026,ROUND,0.75,G,VVS2,EX,EX,EX,NONE,5.74-5.77*3.61,,62.7,58,GIA,1328,INDIA,,,PINPOINT,NO
1794498,5232811279,ROUND,0.75,G,VVS2,EX,EX,EX,NONE,5.75-5.8*3.59,,62.2,58,GIA,1342,INDIA,,,FEATHER,NO
1617600,6542378251,ROUND,0.74,G,VVS2,EX,EX,EX,NONE,5.72-5.77*3.62,,62.9,59,GIA,1324,INDIA,,,"FEATHER, CLOUD, PINPOINT",NO
1251985,5231802885,ROUND,0.73,G,VVS2,EX,EX,EX,FAINT,5.71-5.75*3.57,,62.3,58,GIA,1070,INDIA,,,"CLOUD, PINPOINT",NO
1855536,2547433020,ROUND,0.73,G,VVS2,EX,EX,EX,NONE,5.69-5.74*3.57,,62.5,59,GIA,1320,INDIA,,,PINPOINT,NO
1456480,1539454345,ROUND,0.72,G,VVS2,EX,EX,EX,NONE,5.68-5.72*3.56,,62.4,58,GIA,1177,INDIA,,,"NEEDLE, FEATHER, PINPOINT",NO
1661333,5232831890,ROUND,0.72,G,VVS2,EX,EX,EX,NONE,5.68-5.71*3.58,,62.7,58,GIA,1193,INDIA,,,"PINPOINT, CLOUD, SURFACE GRAINING",NO
1738510,6545157673,ROUND,0.70,G,VVS2,EX,EX,EX,STG,5.73-5.77*3.47,,60.4,59,GIA,826,INDIA,,,"CLOUD, PINPOINT",NO
1662459,6237831891,ROUND,0.70,G,VVS2,EX,EX,EX,NONE,5.68-5.72*3.44,,60.3,61,GIA,1133,INDIA,,,"PINPOINT, CLOUD, INDENTED NATURAL",NO
1640935,7543432739,ROUND,0.70,G,VVS2,EX,EX,EX,NONE,5.63-5.67*3.53,,62.4,59,GIA,1240,INDIA,,,PINPOINT,NO
1611760,6233833724,ROUND,0.70,G,VVS2,EX,EX,EX,NONE,5.64-5.68*3.56,,62.9,57,GIA,1213,INDIA,,,PINPOINT,NO
1422391,2536752814,ROUND,0.70,G,VVS2,EX,EX,EX,NONE,5.66-5.69*3.53,,62.2,60,GIA,1173,INDIA,,,"CLOUD, PINPOINT, FEATHER",NO
1139034,5232840215,ROUND,0.70,G,VVS2,EX,EX,EX,NONE,5.64-5.69*3.5,,61.7,58,GIA,1226,INDIA,,,"PINPOINT, NEEDLE, FEATHER, CLOUD",NO
1402664,5232720496,ROUND,0.70,G,VVS2,EX,EX,EX,NONE,5.62-5.66*3.52,,62.4,59,GIA,1144,INDIA,,,"PINPOINT, CLOUD",NO
1208031,1539613841,ROUND,0.70,G,VVS2,EX,EX,EX,NONE,5.61-5.66*3.51,,62.2,62,GIA,1120,INDIA,,,"CLOUD, PINPOINT, FEATHER",NO
1914070,2231778551,ROUND,0.70,G,VVS2,EX,EX,EX,NONE,5.6-5.65*3.55,,63.1,55,GIA,1146,INDIA,,,"CLOUD, FEATHER, PINPOINT",NO
1884714,6233846160,ROUND,0.74,H,VVS2,EX,EX,EX,NONE,5.71-5.76*3.59,,62.7,59,GIA,998,INDIA,,,"CLOUD, PINPOINT",NO
1503646,5232821137,ROUND,0.73,H,VVS2,EX,EX,EX,NONE,5.68-5.73*3.57,,62.6,59,GIA,961,INDIA,,,"CLOUD, PINPOINT",NO
1257909,2231833752,ROUND,0.70,H,VVS2,EX,EX,EX,NONE,5.61-5.65*3.54,,62.9,57,GIA,944,INDIA,,,"CLOUD, PINPOINT",NO
1972713,6237841309,ROUND,0.75,I,VVS2,EX,EX,EX,NONE,5.75-5.79*3.6,,62.5,59,GIA,1089,INDIA,,,PINPOINT,NO
1852062,1232818879,ROUND,0.70,I,VVS2,EX,EX,EX,NONE,5.62-5.65*3.5,,62.1,58,GIA,856,INDIA,,,"PINPOINT, CLOUD, INTERNAL GRAINING",NO
1353533,2486895798,ROUND,0.75,L,VVS2,EX,EX,EX,NONE,5.74-5.79*3.60,,62.5,58,GIA,700,INDIA,,,Pinpoint,NO
1452366,5231799523,ROUND,0.79,D,VS1,EX,EX,EX,NONE,5.84-5.89*3.67,,62.5,58,GIA,1748,INDIA,,,"CRYSTAL, CLOUD, NEEDLE, FEATHER",NO
1613360,1232824879,ROUND,0.75,D,VS1,EX,EX,EX,FAINT,5.78-5.82*3.64,,62.7,55,GIA,1468,INDIA,,,CRYSTAL,NO
1807715,2235832446,ROUND,0.72,D,VS1,EX,EX,EX,STG,5.68-5.73*3.56,,62.4,58,GIA,1027,INDIA,,,"CRYSTAL, PINPOINT",NO
1274338,5232832530,ROUND,0.72,D,VS1,EX,EX,EX,NONE,5.69-5.72*3.56,,62.3,59,GIA,1517,INDIA,,,"CLOUD, PINPOINT",NO
1317271,1232844583,ROUND,0.71,D,VS1,EX,EX,EX,NONE,5.66-5.7*3.52,,62.1,59,GIA,1450,INDIA,,,"CRYSTAL, FEATHER, NEEDLE",NO
1310717,5232828135,ROUND,0.71,D,VS1,EX,EX,EX,MED,5.63-5.67*3.54,,62.7,58,GIA,1118,INDIA,,,"CLOUD, NEEDLE, PINPOINT",NO
1300937,2231823522,ROUND,0.70,D,VS1,EX,EX,EX,FAINT,5.63-5.67*3.55,,62.8,57,GIA,1236,INDIA,,,"CLOUD, PINPOINT",NO
1410689,1232827974,ROUND,0.70,D,VS1,EX,EX,EX,NONE,5.62-5.67*3.52,,62.4,60,GIA,1415,INDIA,,,"CLOUD, PINPOINT",NO
1310231,5232828150,ROUND,0.76,E,VS1,EX,EX,EX,NONE,5.78-5.82*3.63,,62.6,57,GIA,1593,INDIA,,,"CRYSTAL, CLOUD, NEEDLE, PINPOINT",NO
1532224,6542378295,ROUND,0.75,E,VS1,EX,EX,EX,NONE,5.77-5.81*3.58,,61.8,58,GIA,1572,INDIA,,,"CLOUD, PINPOINT",NO
1599746,5232832317,ROUND,0.74,E,VS1,EX,EX,EX,NONE,5.77-5.81*3.58,,61.9,56,GIA,1417,INDIA,,,"CRYSTAL, CLOUD",NO
1766238,5231763212,ROUND,0.73,E,VS1,EX,EX,EX,FAINT,5.68-5.73*3.55,,62.3,58,GIA,1163,INDIA,,,"CRYSTAL, FEATHER, NEEDLE",NO
1834196,2235851518,ROUND,0.70,E,VS1,EX,EX,EX,NONE,5.63-5.66*3.53,,62.5,56,GIA,1327,INDIA,,,"CLOUD, NEEDLE, FEATHER",NO
7901007,1236840257,ROUND,0.70,E,VS1,EX,EX,EX,NONE,5.68-5.72*3.52,,61.7,60,GIA,1327,INDIA,,,"FEATHER, NEEDLE, PINPOINT",NO
7908231,6545148596,ROUND,0.70,E,VS1,EX,EX,EX,FAINT,5.67-5.71*3.5,,61.5,60,GIA,1185,INDIA,,,"FEATHER, PINPOINT",NO
1793853,1232821166,ROUND,0.70,E,VS1,EX,EX,EX,MED,5.64-5.67*3.51,,62.2,59,GIA,988,INDIA,,,"CRYSTAL, PINPOINT",NO
1334073,2233832621,ROUND,0.70,E,VS1,EX,EX,EX,FAINT,5.63-5.67*3.52,,62.3,59,GIA,1171,INDIA,,,"CRYSTAL, PINPOINT",NO
1608317,5232829167,ROUND,0.70,E,VS1,EX,EX,EX,NONE,5.75-5.8*3.43,,59.4,59,GIA,1270,INDIA,,,"FEATHER, CLOUD, CRYSTAL",NO
1523022,5231832468,ROUND,0.70,E,VS1,EX,EX,EX,FAINT,5.61-5.65*3.52,,62.5,59,GIA,1171,INDIA,,,"CRYSTAL, PINPOINT",NO
1866197,7548378243,ROUND,0.70,E,VS1,EX,EX,EX,NONE,5.64-5.68*3.5,,61.8,59,GIA,1298,INDIA,,,"CLOUD, PINPOINT",NO
1167432,5231832442,ROUND,0.70,E,VS1,EX,EX,EX,FAINT,5.61-5.66*3.51,,62.3,59,GIA,1171,INDIA,,,"CRYSTAL, NEEDLE, CLOUD, PINPOINT",NO
1562875,5536456868,ROUND,0.70,E,VS1,EX,EX,EX,NONE,5.67-5.71*3.46,,60.7,61,GIA,1270,INDIA,,,FEATHER,NO
1341828,5231832571,ROUND,0.70,E,VS1,EX,EX,EX,NONE,5.66-5.7*3.51,,61.8,57,GIA,1312,INDIA,,,"CLOUD, CRYSTAL, NEEDLE, ETCH CHANNEL",NO
1370689,6545147342,ROUND,0.75,F,VS1,EX,EX,EX,FAINT,5.75-5.79*3.6,,62.4,57,GIA,1328,INDIA,,,"CRYSTAL, FEATHER, NEEDLE, PINPOINT",NO
1852686,5231745976,ROUND,0.73,F,VS1,EX,EX,EX,NONE,5.69-5.74*3.59,,62.8,58,GIA,1279,INDIA,,,"CRYSTAL, PINPOINT",NO
1646096,2233804826,ROUND,0.73,F,VS1,EX,EX,EX,STG,5.73-5.78*3.58,,62.2,59,GIA,890,INDIA,,,"FEATHER, CLOUD",NO
1635732,1232804896,ROUND,0.73,F,VS1,EX,EX,EX,NONE,5.71-5.76*3.53,,61.5,59,GIA,1293,INDIA,,,"CLOUD, PINPOINT",NO
1340234,6233832617,ROUND,0.73,F,VS1,EX,EX,EX,MED,5.7-5.74*3.55,,62.1,59,GIA,1070,INDIA,,,"CRYSTAL, CLOUD",NO
1372565,5232762986,ROUND,0.72,F,VS1,EX,EX,EX,NONE,5.68-5.73*3.58,,62.8,58,GIA,1261,INDIA,,,"NEEDLE, PINPOINT",NO
1575416,2235821196,ROUND,0.72,F,VS1,EX,EX,EX,NONE,5.7-5.75*3.57,,62.3,59,GIA,1316,INDIA,,,"CLOUD, FEATHER, NEEDLE, PINPOINT",NO
1814190,2233844569,ROUND,0.71,F,VS1,EX,EX,EX,NONE,5.62-5.67*3.53,,62.5,59,GIA,1271,INDIA,,,"CRYSTAL, FEATHER, PINPOINT",NO
7262682,5232818929,ROUND,0.70,F,VS1,EX,EX,EX,NONE,5.67-5.71*3.51,,61.7,59,GIA,1226,INDIA,,,"CRYSTAL, CLOUD, FEATHER",NO
1141897,2231802814,ROUND,0.70,F,VS1,EX,EX,EX,NONE,5.58-5.64*3.5,,62.4,60,GIA,1240,INDIA,,,"CLOUD, CRYSTAL, FEATHER",NO
7006828,1236841332,ROUND,0.70,F,VS1,EX,EX,EX,NONE,5.74-5.79*3.42,,59.4,61,GIA,1279,INDIA,,,"FEATHER, NEEDLE, PINPOINT",NO
1305373,1232832534,ROUND,0.70,F,VS1,EX,EX,EX,NONE,5.67-5.71*3.47,,60.9,59,GIA,1266,INDIA,,,"CLOUD, CRYSTAL, FEATHER, NEEDLE",NO
1930497,1236827883,ROUND,0.70,F,VS1,EX,EX,EX,NONE,5.63-5.66*3.55,,62.9,58,GIA,1240,INDIA,,,"CRYSTAL, CLOUD, NEEDLE, PINPOINT",NO
1599367,3535545232,ROUND,0.70,F,VS1,EX,EX,EX,NONE,5.61-5.65*3.49,,62,61,GIA,1279,INDIA,,,FEATHER,NO
1326027,2231832573,ROUND,0.70,F,VS1,EX,EX,EX,NONE,5.65-5.7*3.51,,61.8,58,GIA,1386,INDIA,,,"FEATHER, PINPOINT",NO
1646233,5232833760,ROUND,0.76,G,VS1,EX,EX,EX,NONE,5.76-5.8*3.62,,62.6,59,GIA,1359,INDIA,,,"CLOUD, NEEDLE, PINPOINT",NO
1381639,1232751648,ROUND,0.76,G,VS1,EX,EX,EX,NONE,5.76-5.8*3.64,,62.9,57,GIA,1333,INDIA,,,"CLOUD, PINPOINT",NO
1598448,5232832330,ROUND,0.76,G,VS1,EX,EX,EX,NONE,5.79-5.82*3.62,,62.4,59,GIA,1359,INDIA,,,"CRYSTAL, FEATHER, NEEDLE, PINPOINT",NO
1459904,5232823468,ROUND,0.75,G,VS1,EX,EX,EX,FAINT,5.75-5.79*3.61,,62.6,59,GIA,1198,INDIA,,,"CLOUD, PINPOINT",NO
1683300,2235829170,ROUND,0.75,G,VS1,EX,EX,EX,FAINT,5.73-5.77*3.6,,62.6,59,GIA,1211,INDIA,,,"CRYSTAL, CLOUD, NEEDLE, PINPOINT",NO
1504194,6237802867,ROUND,0.74,G,VS1,EX,EX,EX,MED,5.75-5.77*3.61,,62.6,57,GIA,938,INDIA,,,"CRYSTAL, PINPOINT",NO
1720403,2235829077,ROUND,0.74,G,VS1,EX,EX,EX,FAINT,5.8-5.83*3.6,,61.9,59,GIA,1130,INDIA,,,"CRYSTAL, PINPOINT, NEEDLE",NO
1191004,2231762996,ROUND,0.72,G,VS1,EX,EX,EX,NONE,5.71-5.74*3.59,,62.6,58,GIA,1162,INDIA,,,"CLOUD, NEEDLE, PINPOINT",NO
1489464,5231833801,ROUND,0.71,G,VS1,EX,EX,EX,NONE,5.67-5.72*3.5,,61.5,59,GIA,1171,INDIA,,,"CLOUD, PINPOINT",NO
1189899,6237828084,ROUND,0.71,G,VS1,EX,EX,EX,FAINT,5.66-5.71*3.58,,63,59,GIA,1023,INDIA,,,"CRYSTAL, FEATHER, CLOUD, NEEDLE",NO
1647899,1537761158,ROUND,0.71,G,VS1,EX,EX,EX,NONE,5.66-5.7*3.56,,62.6,58,GIA,1146,INDIA,,,"CLOUD, FEATHER, NEEDLE, PINPOINT",NO
1332828,6233833679,ROUND,0.71,G,VS1,EX,EX,EX,NONE,5.7-5.74*3.53,,61.7,59,GIA,1196,INDIA,,,"CRYSTAL, CLOUD, NEEDLE, PINPOINT",NO
1414732,6542433564,ROUND,0.71,G,VS1,EX,EX,EX,NONE,5.64-5.69*3.53,,62.4,59,GIA,1171,INDIA,,,"CLOUD, FEATHER, PINPOINT",NO
1863367,2235833826,ROUND,0.71,G,VS1,EX,EX,EX,NONE,5.67-5.69*3.57,,62.8,57,GIA,1171,INDIA,,,"CRYSTAL, CLOUD, NEEDLE, PINPOINT",NO
1668025,2537806477,ROUND,0.70,G,VS1,EX,EX,EX,NONE,5.62-5.67*3.47,,61.4,61,GIA,1167,INDIA,,,"FEATHER, PINPOINT",NO
1522312,1232832469,ROUND,0.70,G,VS1,EX,EX,EX,NONE,5.66-5.71*3.52,,62,59,GIA,1154,INDIA,,,CLOUD,NO
1745577,2235832351,ROUND,0.70,G,VS1,EX,EX,EX,NONE,5.63-5.67*3.47,,61.4,60,GIA,1154,INDIA,,,"CRYSTAL, CLOUD, NEEDLE, PINPOINT",NO
1133063,2231802846,ROUND,0.70,G,VS1,EX,EX,EX,NONE,5.63-5.67*3.51,,62.2,60,GIA,1142,INDIA,,,"CLOUD, FEATHER, NEEDLE",NO
1771733,6542430897,ROUND,0.70,G,VS1,EX,EX,EX,NONE,5.62-5.66*3.5,,62.1,58,GIA,1154,INDIA,,,"FEATHER, CLOUD, PINPOINT",NO
1765474,5231840326,ROUND,0.70,G,VS1,EX,EX,EX,NONE,5.63-5.67*3.54,,62.6,59,GIA,1167,INDIA,,,"CRYSTAL, CLOUD",NO
1258622,2235833730,ROUND,0.70,G,VS1,EX,EX,EX,NONE,5.65-5.7*3.47,,61.2,61,GIA,1154,INDIA,,,"CLOUD, CRYSTAL, PINPOINT",NO
1501666,6545432337,ROUND,0.70,G,VS1,EX,EX,EX,NONE,5.65-5.7*3.48,,61.3,59,GIA,1154,INDIA,,,"CLOUD, CRYSTAL, FEATHER",NO
1359495,2231823456,ROUND,0.70,G,VS1,EX,EX,EX,NONE,5.59-5.63*3.57,,63.6,56,GIA,1167,INDIA,,,FEATHER,NO
1563054,5232833796,ROUND,0.70,G,VS1,EX,EX,EX,NONE,5.63-5.67*3.56,,63,58,GIA,1154,INDIA,,,"CRYSTAL, FEATHER, CLOUD, PINPOINT",NO
1730870,2233833789,ROUND,0.71,H,VS1,EX,EX,EX,NONE,5.63-5.67*3.54,,62.7,58,GIA,910,INDIA,,,"FEATHER, NEEDLE, PINPOINT",NO
1938659,2235833781,ROUND,0.70,I,VS1,EX,EX,EX,NONE,5.6-5.64*3.53,,62.8,59,GIA,857,INDIA,,,"FEATHER, PINPOINT",NO
2126140,3515652727,ROUND,0.77,M,VS1,EX,EX,EX,FAINT,5.85-5.88*3.64,,62,57,GIA,483,INDIA,,,"CLOUD, FEATHER",NO
1289834,5533632131,ROUND,0.79,D,VS2,EX,EX,EX,NONE,5.86-5.9*3.66,,62.3,57,GIA,1480,INDIA,,,"CLOUD, FEATHER",NO
1273493,7536547489,ROUND,0.76,D,VS2,EX,EX,EX,NONE,5.81-5.86*3.59,,61.5,58,GIA,1390,INDIA,,,"CRYSTAL, FEATHER",NO
1639072,2235763221,ROUND,0.71,D,VS2,EX,EX,EX,NONE,5.66-5.71*3.53,,62.1,59,GIA,1233,INDIA,,,"CRYSTAL, CLOUD, FEATHER",NO
1855733,2235746204,ROUND,0.71,D,VS2,EX,EX,EX,FAINT,5.66-5.7*3.55,,62.4,59,GIA,997,INDIA,,,"CRYSTAL, FEATHER",NO
1414988,2235827975,ROUND,0.70,D,VS2,EX,EX,EX,NONE,5.75-5.79*3.47,,60.1,59,GIA,1216,INDIA,,,"CRYSTAL, FEATHER, CLOUD",NO
1684435,6233804882,ROUND,0.70,D,VS2,EX,EX,EX,NONE,5.65-5.7*3.52,,62,60,GIA,1216,INDIA,,,"CRYSTAL, CLOUD, FEATHER",NO
1862485,2231818739,ROUND,0.70,D,VS2,EX,EX,EX,NONE,5.81-5.86*3.43,,58.8,59,GIA,1190,INDIA,,,"FEATHER, CLOUD",NO
1558014,5232772147,ROUND,0.77,E,VS2,EX,EX,EX,FAINT,5.82-5.85*3.64,,62.5,59,GIA,1176,INDIA,,,"CLOUD, FEATHER",NO
1767274,5232770458,ROUND,0.76,E,VS2,EX,EX,EX,VST,5.86-5.91*3.61,,61.4,56,GIA,897,INDIA,,,"CRYSTAL, CLOUD, FEATHER",NO
1878372,2231818692,ROUND,0.72,E,VS2,EX,EX,EX,NONE,5.71-5.75*3.52,,61.5,59,GIA,1150,INDIA,,,CLOUD,NO
1140231,6237804491,ROUND,0.71,E,VS2,EX,EX,EX,FAINT,5.66-5.7*3.56,,62.7,56,GIA,986,INDIA,,,"CLOUD, CRYSTAL",NO
1548585,6541378274,ROUND,0.70,E,VS2,EX,EX,EX,NONE,5.6-5.63*3.53,,62.8,57,GIA,1118,INDIA,,,"CLOUD, CRYSTAL",NO
1696787,2231840329,ROUND,0.70,E,VS2,EX,EX,EX,NONE,5.64-5.68*3.49,,61.6,59,GIA,1142,INDIA,,,CLOUD,NO
1219658,6541431482,ROUND,0.70,E,VS2,EX,EX,EX,NONE,5.59-5.64*3.53,,62.8,58,GIA,1130,INDIA,,,"CLOUD, FEATHER",NO
1171927,6237840245,ROUND,0.70,E,VS2,EX,EX,EX,FAINT,5.63-5.66*3.52,,62.4,58,GIA,996,INDIA,,,"CRYSTAL, FEATHER",NO
1222189,5232778582,ROUND,0.70,E,VS2,EX,EX,EX,NONE,5.66-5.71*3.47,,61,61,GIA,1118,INDIA,,,FEATHER,NO
1769949,5231821177,ROUND,0.70,E,VS2,EX,EX,EX,NONE,5.74-5.77*3.44,,59.9,60,GIA,1118,INDIA,,,"FEATHER, CLOUD",NO
1669576,1232841295,ROUND,0.70,E,VS2,EX,EX,EX,FAINT,5.78-5.82*3.44,,59.4,59,GIA,996,INDIA,,,"FEATHER, CRYSTAL",NO
1252383,6237833735,ROUND,0.70,E,VS2,EX,EX,EX,NONE,5.63-5.67*3.53,,62.4,58,GIA,1142,INDIA,,,"FEATHER, CLOUD",NO
1583044,2233804988,ROUND,0.73,F,VS2,EX,EX,EX,NONE,5.68-5.72*3.57,,62.6,58,GIA,1114,INDIA,,,CRYSTAL,NO
1535433,1232793610,ROUND,0.72,F,VS2,EX,EX,EX,NONE,5.68-5.72*3.57,,62.7,58,GIA,1076,INDIA,,,"CLOUD, FEATHER",NO
1689591,1543144887,ROUND,0.70,F,VS2,EX,EX,EX,NONE,5.62-5.66*3.54,,62.7,59,GIA,1046,INDIA,,,"CRYSTAL, CLOUD",NO
1353593,6233840207,ROUND,0.70,F,VS2,EX,EX,EX,NONE,5.63-5.66*3.54,,62.6,56,GIA,1069,INDIA,,,"CLOUD, FEATHER",NO
1542022,1537750563,ROUND,0.70,F,VS2,EX,EX,EX,NONE,5.65-5.7*3.48,,61.4,60,GIA,1046,INDIA,,,CRYSTAL,NO
1423590,2231829100,ROUND,0.70,F,VS2,EX,EX,EX,NONE,5.62-5.66*3.52,,62.5,60,GIA,1046,INDIA,,,"CRYSTAL, CLOUD, FEATHER",NO
1399847,7541145936,ROUND,0.70,F,VS2,EX,EX,EX,NONE,5.65-5.69*3.52,,62,60,GIA,1046,INDIA,,,"CLOUD, FEATHER, CRYSTAL",NO
1576836,5231833755,ROUND,0.70,F,VS2,EX,EX,EX,FAINT,5.6-5.64*3.52,,62.7,58,GIA,955,INDIA,,,"CRYSTAL, CLOUD",NO
1169221,1232832438,ROUND,0.70,F,VS2,EX,EX,EX,NONE,5.63-5.67*3.49,,61.7,60,GIA,1171,INDIA,,,FEATHER,NO
1864733,6541378619,ROUND,0.75,G,VS2,EX,EX,EX,NONE,5.74-5.78*3.6,,62.5,57,GIA,1225,INDIA,,,CLOUD,NO
1812703,1236832453,ROUND,0.75,G,VS2,EX,EX,EX,NONE,5.76-5.8*3.62,,62.6,57,GIA,1213,INDIA,,,CRYSTAL,NO
1133431,6541378656,ROUND,0.75,G,VS2,EX,EX,EX,NONE,5.74-5.78*3.61,,62.6,59,GIA,1225,INDIA,,,"CLOUD, CRYSTAL",NO
1411234,2546432950,ROUND,0.75,G,VS2,EX,EX,EX,NONE,5.77-5.81*3.58,,61.9,58,GIA,1213,INDIA,,,"CLOUD, CRYSTAL",NO
1104550,2233829101,ROUND,0.72,G,VS2,EX,EX,EX,NONE,5.68-5.72*3.56,,62.5,59,GIA,1045,INDIA,,,"CLOUD, CRYSTAL",NO
1197541,6237844551,ROUND,0.70,G,VS2,EX,EX,EX,NONE,5.6-5.65*3.52,,62.6,59,GIA,1037,INDIA,,,"CRYSTAL, CLOUD",NO
1422123,2235832505,ROUND,0.70,G,VS2,EX,EX,EX,NONE,5.74-5.79*3.43,,59.5,60,GIA,1069,INDIA,,,CRYSTAL,NO
1603118,2231824913,ROUND,0.70,G,VS2,EX,EX,EX,NONE,5.77-5.81*3.43,,59.2,59,GIA,1016,INDIA,,,"FEATHER, CRYSTAL",NO
1719769,6233833800,ROUND,0.70,G,VS2,EX,EX,EX,FAINT,5.71-5.72*3.5,,61.2,60,GIA,900,INDIA,,,CRYSTAL,NO
1780921,1232833782,ROUND,0.70,G,VS2,EX,EX,EX,FAINT,5.6-5.65*3.52,,62.6,57,GIA,900,INDIA,,,"CRYSTAL, CLOUD, FEATHER",NO
1804127,5231833819,ROUND,0.70,G,VS2,EX,EX,EX,NONE,5.61-5.65*3.5,,62.2,59,GIA,1048,INDIA,,,"CLOUD, CRYSTAL",NO
1407613,2235829113,ROUND,0.70,G,VS2,EX,EX,EX,FAINT,5.65-5.69*3.53,,62.4,59,GIA,868,INDIA,,,"CLOUD, CRYSTAL, FEATHER",NO
1648649,6542423587,ROUND,0.70,G,VS2,EX,EX,EX,NONE,5.7-5.74*3.46,,60.4,59,GIA,1016,INDIA,,,CRYSTAL,NO
1758203,2235827955,ROUND,0.70,G,VS2,EX,EX,EX,FAINT,5.64-5.67*3.52,,62.2,58,GIA,931,INDIA,,,FEATHER,NO
1568326,2235804987,ROUND,0.70,G,VS2,EX,EX,EX,FAINT,5.65-5.69*3.52,,62,58,GIA,868,INDIA,,,CRYSTAL,NO
1942488,2235770476,ROUND,0.70,G,VS2,EX,EX,EX,FAINT,5.75-5.79*3.44,,59.5,59,GIA,857,INDIA,,,"CLOUD, CRYSTAL",NO
1832711,5231802927,ROUND,0.70,G,VS2,EX,EX,EX,FAINT,5.69-5.74*3.53,,61.8,59,GIA,857,INDIA,,,"CRYSTAL, CLOUD",NO
1667677,2235770472,ROUND,0.71,H,VS2,EX,EX,EX,NONE,5.66-5.7*3.57,,62.8,57,GIA,802,INDIA,,,"CRYSTAL, FEATHER",NO
1709745,2235726051,ROUND,0.70,H,VS2,EX,EX,EX,FAINT,5.64-5.67*3.5,,61.9,59,GIA,734,INDIA,,,FEATHER,NO
1176507,6237832344,ROUND,0.70,H,VS2,EX,EX,EX,NONE,5.6-5.65*3.53,,62.7,58,GIA,837,INDIA,,,"CRYSTAL, CLOUD, FEATHER",NO
1446906,5231818846,ROUND,0.70,H,VS2,EX,EX,EX,NONE,5.59-5.63*3.53,,62.9,59,GIA,790,INDIA,,,"CRYSTAL, CLOUD, FEATHER",NO
1498452,2235833761,ROUND,0.75,I,VS2,EX,EX,EX,NONE,5.79-5.84*3.53,,60.7,59,GIA,926,INDIA,,,"CRYSTAL, CLOUD",NO
1592175,7543148129,ROUND,0.70,I,VS2,EX,EX,EX,NONE,5.62-5.66*3.54,,62.7,58,GIA,691,INDIA,,,CRYSTAL,NO
1351060,5533456894,ROUND,0.70,I,VS2,EX,EX,EX,NONE,5.62-5.66*3.53,,62.6,56,GIA,724,INDIA,,,FEATHER,NO
1784593,5543144869,ROUND,0.70,I,VS2,EX,EX,EX,NONE,5.6-5.65*3.56,,63.2,58,GIA,691,INDIA,,,"CRYSTAL, CLOUD, FEATHER",NO
1358303,2235840247,ROUND,0.79,J,VS2,EX,EX,EX,NONE,5.85-5.9*3.68,,62.6,58,GIA,844,INDIA,,,"CRYSTAL, CLOUD, FEATHER",NO
1875522,2235802825,ROUND,0.70,J,VS2,EX,EX,EX,FAINT,5.72-5.75*3.47,,60.5,61,GIA,579,INDIA,,,"CRYSTAL, CLOUD, PINPOINT, NEEDLE",NO
1104219,5231726102,ROUND,0.68,D,IF,EX,EX,EX,STG,5.56-5.6*3.49,,62.5,59,GIA,1340,INDIA,,,MINOR DETAILS OF POLISH,NO
1890485,1232726112,ROUND,0.68,D,IF,EX,EX,EX,FAINT,5.55-5.59*3.48,,62.5,58,GIA,1927,INDIA,,,MINOR DETAILS OF POLISH,NO
1817325,6233770404,ROUND,0.68,D,IF,EX,EX,EX,NONE,5.57-5.61*3.49,,62.4,56,GIA,2262,INDIA,,,MINOR DETAILS OF POLISH,NO
1375591,5232844636,ROUND,0.67,D,IF,EX,EX,EX,NONE,5.57-5.59*3.45,,61.8,58,GIA,1981,INDIA,,,MINOR DETAILS OF POLISH,NO
1844376,5231770371,ROUND,0.67,D,IF,EX,EX,EX,NONE,5.57-5.59*3.47,,62.2,57,GIA,1940,INDIA,,,MINOR DETAILS OF POLISH,NO
1700764,6237691916,ROUND,0.66,D,IF,EX,EX,EX,NONE,5.55-5.59*3.44,,61.7,58,GIA,1911,INDIA,,,MINOR DETAILS OF POLISH,NO
1310314,6532838800,ROUND,0.66,D,IF,EX,EX,EX,NONE,5.52-5.57*3.42,,61.6,60,GIA,1911,INDIA,,,MINOR DETAILS OF POLISH,NO
1581440,1533388178,ROUND,0.64,D,IF,EX,EX,EX,NONE,5.58-5.61*3.36,,60.1,59,GIA,1971,INDIA,,,MINOR DETAILS OF POLISH,NO
1380958,2235778606,ROUND,0.63,D,IF,EX,EX,EX,NONE,5.55-5.59*3.36,,60.4,58,GIA,1940,INDIA,,,MINOR DETAILS OF POLISH,NO
1823471,5232804872,ROUND,0.63,D,IF,EX,EX,EX,NONE,5.52-5.53*3.35,,60.6,59,GIA,1979,INDIA,,,MINOR DETAILS OF POLISH,NO
1776200,6233804874,ROUND,0.62,D,IF,EX,EX,EX,STG,5.47-5.5*3.36,,61.3,59,GIA,1337,INDIA,,,MINOR DETAILS OF POLISH,NO
1288924,1548432319,ROUND,0.60,D,IF,EX,EX,EX,NONE,5.4-5.44*3.37,,62.3,55,GIA,1922,INDIA,,,MINOR DETAILS OF POLISH,NO
1979291,2233763136,ROUND,0.60,D,IF,EX,EX,EX,NONE,5.37-5.39*3.36,,62.5,58,GIA,1700,INDIA,,,MINOR DETAILS OF POLISH,NO
1102967,5231772093,ROUND,0.66,E,IF,EX,EX,EX,NONE,5.57-5.59*3.47,,62.1,59,GIA,1545,INDIA,,,MINOR DETAILS OF POLISH,NO
1954126,5536627637,ROUND,0.65,E,IF,EX,EX,EX,NONE,5.51-5.56*3.45,,62.3,58,GIA,1506,INDIA,,,MINOR DETAILS OF POLISH,NO
1942925,2231818909,ROUND,0.64,E,IF,EX,EX,EX,NONE,5.58-5.62*3.4,,60.7,59,GIA,1624,INDIA,,,MINOR DETAILS OF POLISH,NO
1409647,6515380346,ROUND,0.63,E,IF,EX,EX,EX,NONE,5.47-5.49*3.38,,61.7,60,GIA,1583,INDIA,,,Minor Details of Polish,NO
1727346,1232829092,ROUND,0.63,E,IF,EX,EX,EX,MED,5.53-5.56*3.35,,60.4,59,GIA,1242,INDIA,,,MINOR DETAILS OF POLISH,NO
1101498,5232844714,ROUND,0.62,E,IF,EX,EX,EX,FAINT,5.45-5.46*3.4,,62.4,54,GIA,1375,INDIA,,,MINOR DETAILS OF POLISH,NO
1668751,5231832445,ROUND,0.60,E,IF,EX,EX,EX,MED,5.42-5.44*3.3,,60.8,61,GIA,1124,INDIA,,,MINOR DETAILS OF POLISH,NO
1530690,2536749255,ROUND,0.65,F,IF,EX,EX,EX,NONE,5.52-5.55*3.43,,62,59,GIA,1356,INDIA,,,MINOR DETAILS OF POLISH,NO
1572341,1515285858,ROUND,0.62,F,IF,EX,EX,EX,NONE,5.52-5.55*3.37,,61,54,GIA,1399,INDIA,,,Minor Details of Polish,NO
1467103,6532159283,ROUND,0.60,F,IF,EX,EX,EX,NONE,5.4-5.44*3.33,,61.4,61,GIA,1226,INDIA,,,MINOR DETAILS OF POLISH,NO
1755734,5231770438,ROUND,0.60,F,IF,EX,EX,EX,MED,5.38-5.41*3.34,,62,59,GIA,919,INDIA,,,MINOR DETAILS OF POLISH,NO
1252207,2235832611,ROUND,0.60,F,IF,EX,EX,EX,NONE,5.46-5.49*3.26,,59.5,60,GIA,1353,INDIA,,,MINOR DETAILS OF POLISH,NO
1644372,1236762936,ROUND,0.60,G,IF,EX,EX,EX,NONE,5.35-5.39*3.33,,62,59,GIA,892,INDIA,,,MINOR DETAILS OF POLISH,NO
1648050,5231833751,ROUND,0.67,D,VVS1,EX,EX,EX,MED,5.57-5.6*3.47,,62.2,59,GIA,1387,INDIA,,,PINPOINT,NO
1974499,2233821178,ROUND,0.65,D,VVS1,EX,EX,EX,NONE,5.5-5.55*3.4,,61.5,58,GIA,1666,INDIA,,,"PINPOINT, INTERNAL GRAINING, FEATHER",NO
1953125,1236687766,ROUND,0.65,D,VVS1,EX,EX,EX,FAINT,5.55-5.6*3.43,,61.5,59,GIA,1377,INDIA,,,INTERNAL GRAINING,NO
1484515,2547366175,ROUND,0.65,D,VVS1,EX,EX,EX,NONE,5.51-5.55*3.44,,62.3,59,GIA,1730,INDIA,,,"PINPOINT, CLOUD",NO
1471106,6515601819,ROUND,0.63,D,VVS1,EX,EX,EX,NONE,5.5-5.55*3.39,,61.4,54,GIA,1832,INDIA,,,Pinpoint,NO
1520580,2235833804,ROUND,0.60,D,VVS1,EX,EX,EX,NONE,5.46-5.49*3.28,,59.9,59,GIA,1745,INDIA,,,"CLOUD, FEATHER",NO
1586942,5232833720,ROUND,0.60,D,VVS1,EX,EX,EX,NONE,5.41-5.44*3.32,,61.2,58,GIA,1774,INDIA,,,"PINPOINT, FEATHER",NO
1912884,2235688035,ROUND,0.60,D,VVS1,EX,EX,EX,NONE,5.34-5.38*3.36,,62.6,60,GIA,1449,INDIA,,,FEATHER,NO
1949467,6542183902,ROUND,0.60,D,VVS1,EX,EX,EX,NONE,5.36-5.39*3.37,,62.7,55,GIA,1419,INDIA,,,"NEEDLE, PINPOINT, CLOUD",NO
1263915,1232691888,ROUND,0.60,D,VVS1,EX,EX,EX,NONE,5.37-5.39*3.33,,61.9,60,GIA,1360,INDIA,,,"PINPOINT, CLOUD, INTERNAL GRAINING, FEATHER",NO
1332298,6492914793,ROUND,0.68,E,VVS1,EX,EX,EX,MED,5.71-5.75*3.46,,60.3,60,GIA,1302,INDIA,,,Feather,NO
1334546,5231802818,ROUND,0.62,E,VVS1,EX,EX,EX,MED,5.42-5.44*3.4,,62.6,59,GIA,1003,INDIA,,,FEATHER,NO
1385746,5232844591,ROUND,0.62,E,VVS1,EX,EX,EX,NONE,5.41-5.45*3.42,,62.9,57,GIA,1530,INDIA,,,FEATHER,NO
1965240,5232772158,ROUND,0.62,E,VVS1,EX,EX,EX,FAINT,5.45-5.49*3.39,,61.9,59,GIA,1082,INDIA,,,PINPOINT,NO
1806406,1515505717,ROUND,0.60,E,VVS1,EX,EX,EX,NONE,5.4-5.44*3.31,,61.1,61,GIA,1353,INDIA,,,"Pinpoint, Feather",NO
1977507,1548378231,ROUND,0.60,E,VVS1,EX,EX,EX,NONE,5.4-5.44*3.35,,61.9,58,GIA,1430,INDIA,,,FEATHER,NO
1847150,5232841289,ROUND,0.60,E,VVS1,EX,EX,EX,FAINT,5.4-5.44*3.33,,61.4,61,GIA,1073,INDIA,,,"PINPOINT, FEATHER",NO
1149237,1232686061,ROUND,0.66,F,VVS1,EX,EX,EX,STG,5.51-5.55*3.48,,62.8,59,GIA,854,INDIA,,,PINPOINT,NO
1661385,5536180387,ROUND,0.66,F,VVS1,EX,EX,EX,NONE,5.65-5.69*3.42,,60.4,59,GIA,1244,INDIA,,,PINPOINT,NO
7900947,6233832536,ROUND,0.65,F,VVS1,EX,EX,EX,FAINT,5.53-5.57*3.44,,61.9,60,GIA,1081,INDIA,,,"PINPOINT, FEATHER",NO
1586428,2231712102,ROUND,0.60,F,VVS1,EX,EX,EX,NONE,5.52-5.56*3.25,,58.7,60,GIA,1064,INDIA,,,"CLOUD, PINPOINT, FEATHER",NO
1318159,6237844586,ROUND,0.60,F,VVS1,EX,EX,EX,NONE,5.39-5.43*3.32,,61.4,60,GIA,1153,INDIA,,,"CLOUD, PINPOINT, FEATHER, SURFACE GRAINING",NO
1349705,2231827961,ROUND,0.63,G,VVS1,EX,EX,EX,NONE,5.52-5.55*3.34,,60.3,59,GIA,909,INDIA,,,"PINPOINT, FEATHER",NO
1636700,5231833825,ROUND,0.63,G,VVS1,EX,EX,EX,NONE,5.48-5.52*3.4,,61.9,59,GIA,879,INDIA,,,"CLOUD, PINPOINT, FEATHER",NO
1936840,6532012437,ROUND,0.60,G,VVS1,EX,EX,EX,NONE,5.43-5.49*3.27,,59.8,62,GIA,790,INDIA,,,"PINPOINT, FEATHER",NO
1725618,2235712114,ROUND,0.60,G,VVS1,EX,EX,EX,NONE,5.38-5.42*3.28,,60.7,61,GIA,809,INDIA,,,FEATHER,NO
1303727,1529925975,ROUND,0.60,G,VVS1,EX,EX,EX,NONE,5.45-5.49*3.24,,59.2,62,GIA,800,INDIA,,,FEATHER,NO
1756329,6237745846,ROUND,0.60,G,VVS1,EX,EX,EX,NONE,5.36-5.4*3.34,,62.2,61,GIA,809,INDIA,,,FEATHER,NO
1446938,1538545221,ROUND,0.60,G,VVS1,EX,EX,EX,NONE,5.38-5.42*3.33,,61.6,60,GIA,809,INDIA,,,"PINPOINT, FEATHER",NO
1164897,5231829114,ROUND,0.60,I,VVS1,EX,EX,EX,NONE,5.36-5.41*3.36,,62.5,55,GIA,659,INDIA,,,FEATHER,NO
1590251,6542379825,ROUND,0.63,D,VVS2,EX,EX,EX,STG,5.55-5.57*3.41,,61.2,57,GIA,912,INDIA,,,CLOUD,NO
1763349,5231748987,ROUND,0.60,D,VVS2,EX,EX,EX,NONE,5.39-5.43*3.29,,60.7,61,GIA,971,INDIA,,,"NEEDLE, PINPOINT, FEATHER, INDENTED NATURAL",NO
1948346,2231841329,ROUND,0.60,D,VVS2,EX,EX,EX,NONE,5.39-5.43*3.32,,61.3,61,GIA,1051,INDIA,,,PINPOINT,NO
1376026,6237751718,ROUND,0.61,E,VVS2,EX,EX,EX,STG,5.41-5.45*3.39,,62.4,58,GIA,741,INDIA,,,"FEATHER, PINPOINT",NO
1170171,5536760731,ROUND,0.60,E,VVS2,EX,EX,EX,NONE,5.36-5.39*3.37,,62.7,57,GIA,896,INDIA,,,"CLOUD, PINPOINT",NO
1620772,2235746170,ROUND,0.60,E,VVS2,EX,EX,EX,NONE,5.38-5.41*3.31,,61.5,59,GIA,875,INDIA,,,"PINPOINT, CLOUD",NO
1736540,2534180262,ROUND,0.60,E,VVS2,EX,EX,EX,NONE,5.35-5.39*3.37,,62.7,60,GIA,896,INDIA,,,"NEEDLE, PINPOINT",NO
1700239,1232765135,ROUND,0.60,E,VVS2,EX,EX,EX,NONE,5.35-5.39*3.33,,62,61,GIA,906,INDIA,,,PINPOINT,NO
1915410,6542378685,ROUND,0.60,E,VVS2,EX,EX,EX,NONE,5.37-5.4*3.35,,62.1,57,GIA,927,INDIA,,,"PINPOINT, CLOUD",NO
1233806,1236832353,ROUND,0.60,E,VVS2,EX,EX,EX,NONE,5.35-5.39*3.38,,62.9,57,GIA,1000,INDIA,,,"FEATHER, PINPOINT",NO
1470486,6237823470,ROUND,0.61,F,VVS2,EX,EX,EX,NONE,5.41-5.44*3.37,,62.1,59,GIA,842,INDIA,,,"CLOUD, FEATHER, PINPOINT",NO
1687639,2235746274,ROUND,0.60,F,VVS2,EX,EX,EX,NONE,5.36-5.38*3.35,,62.4,60,GIA,828,INDIA,,,"FEATHER, CLOUD, PINPOINT",NO
1635849,1549432700,ROUND,0.60,F,VVS2,EX,EX,EX,NONE,5.35-5.4*3.35,,62.4,59,GIA,837,INDIA,,,"PINPOINT, CLOUD, INDENTED NATURAL",NO
1355443,6532415382,ROUND,0.63,G,VVS2,EX,EX,EX,NONE,5.48-5.51*3.44,,62.6,57,GIA,741,INDIA,,,"FEATHER, PINPOINT",NO
1384557,5536809149,ROUND,0.62,G,VVS2,EX,EX,EX,NONE,5.46-5.48*3.35,,61.2,59,GIA,712,INDIA,,,"CLOUD, PINPOINT, FEATHER",NO
1676961,6535152208,ROUND,0.61,G,VVS2,EX,EX,EX,NONE,5.39-5.42*3.38,,62.6,55,GIA,700,INDIA,,,"CLOUD, FEATHER",NO
1844675,1537454170,ROUND,0.60,G,VVS2,EX,EX,EX,NONE,5.37-5.41*3.34,,62,58,GIA,689,INDIA,,,"PINPOINT, NEEDLE, FEATHER",NO
1592547,6532458014,ROUND,0.60,G,VVS2,EX,EX,EX,NONE,5.42-5.45*3.31,,60.9,61,GIA,689,INDIA,,,"PINPOINT, FEATHER",NO
1140588,6535179542,ROUND,0.60,G,VVS2,EX,EX,EX,NONE,5.32-5.36*3.38,,63.3,57,GIA,689,INDIA,,,"NEEDLE, PINPOINT",NO
1120034,6531403013,ROUND,0.60,G,VVS2,EX,EX,EX,NONE,5.4-5.43*3.33,,61.5,59,GIA,689,INDIA,,,"NEEDLE, PINPOINT",NO
1862647,6532810693,ROUND,0.60,G,VVS2,EX,EX,EX,NONE,5.35-5.4*3.35,,62.3,56,GIA,689,INDIA,,,"NEEDLE, PINPOINT",NO
1193238,5232772061,ROUND,0.60,G,VVS2,EX,EX,EX,NONE,5.38-5.42*3.35,,62,60,GIA,689,INDIA,,,"CLOUD, NEEDLE, PINPOINT",NO
1634216,2536152318,ROUND,0.60,G,VVS2,EX,EX,EX,NONE,5.43-5.45*3.29,,60.4,61,GIA,689,INDIA,,,"FEATHER, PINPOINT",NO
1420569,2231832517,ROUND,0.60,G,VVS2,EX,EX,EX,NONE,5.38-5.42*3.33,,61.6,60,GIA,706,INDIA,,,"NEEDLE, PINPOINT, CLOUD, FEATHER",NO
1298043,2231762987,ROUND,0.60,G,VVS2,EX,EX,EX,NONE,5.44-5.46*3.31,,60.8,58,GIA,689,INDIA,,,"NEEDLE, PINPOINT, CLOUD",NO
1523253,1232777183,ROUND,0.60,G,VVS2,EX,EX,EX,NONE,5.34-5.38*3.32,,61.9,60,GIA,706,INDIA,,,PINPOINT,NO
1568827,1537403193,ROUND,0.60,G,VVS2,EX,EX,EX,NONE,5.37-5.4*3.35,,62.2,59,GIA,689,INDIA,,,"FEATHER, CLOUD, PINPOINT",NO
1276708,1232821135,ROUND,0.60,H,VVS2,EX,EX,EX,FAINT,5.42-5.45*3.33,,61.2,61,GIA,577,INDIA,,,PINPOINT,NO
1189240,1533184587,ROUND,0.60,H,VVS2,EX,EX,EX,NONE,5.42-5.46*3.33,,61.2,60,GIA,621,INDIA,,,FEATHER,NO
1378217,1236802824,ROUND,0.60,H,VVS2,EX,EX,EX,NONE,5.41-5.45*3.31,,60.9,60,GIA,621,INDIA,,,FEATHER,NO
1667144,2235829174,ROUND,0.60,H,VVS2,EX,EX,EX,NONE,5.37-5.41*3.36,,62.3,58,GIA,621,INDIA,,,"CLOUD, PINPOINT",NO
1133276,1232818694,ROUND,0.69,D,VS1,EX,EX,EX,NONE,5.66-5.7*3.5,,61.7,60,GIA,1298,INDIA,,,"FEATHER, NEEDLE, PINPOINT",NO
1787029,5232844559,ROUND,0.60,D,VS1,EX,EX,EX,NONE,5.46-5.48*3.3,,60.3,61,GIA,1185,INDIA,,,CRYSTAL,NO
7174935,5231805269,ROUND,0.60,D,VS1,EX,EX,EX,FAINT,5.32-5.37*3.37,,63,55,GIA,790,INDIA,,,"CRYSTAL, FEATHER, NEEDLE, PINPOINT",NO
1811303,5231804997,ROUND,0.60,D,VS1,EX,EX,EX,NONE,5.38-5.42*3.31,,61.4,62,GIA,884,INDIA,,,"CLOUD, NEEDLE, PINPOINT",NO
1927765,1232749059,ROUND,0.60,E,VS1,EX,EX,EX,NONE,5.37-5.4*3.34,,62,60,GIA,804,INDIA,,,CLOUD,NO
1803962,1232829137,ROUND,0.60,E,VS1,EX,EX,EX,NONE,5.39-5.44*3.31,,61,59,GIA,804,INDIA,,,"CRYSTAL, CLOUD, FEATHER, NEEDLE",NO
1899391,1232840310,ROUND,0.69,F,VS1,EX,EX,EX,NONE,5.59-5.64*3.52,,62.7,58,GIA,1131,INDIA,,,"CRYSTAL, FEATHER, CLOUD, PINPOINT",NO
1462304,6535809072,ROUND,0.60,F,VS1,EX,EX,EX,NONE,5.38-5.42*3.31,,61.3,62,GIA,750,INDIA,,,"CRYSTAL, FEATHER, NEEDLE, PINPOINT",NO
1576794,1236708102,ROUND,0.60,F,VS1,EX,EX,EX,NONE,5.35-5.39*3.36,,62.5,59,GIA,758,INDIA,,,"CLOUD, CRYSTAL, FEATHER, NEEDLE",NO
1463941,6233851487,ROUND,0.60,F,VS1,EX,EX,EX,NONE,5.4-5.43*3.39,,62.5,57,GIA,871,INDIA,,,"FEATHER, CLOUD",NO
7905113,3535388369,ROUND,0.61,G,VS1,EX,EX,EX,NONE,5.51-5.53*3.34,,60.6,57,GIA,684,INDIA,,,"CRYSTAL, FEATHER",NO
1595090,2235831880,ROUND,0.60,G,VS1,EX,EX,EX,NONE,5.36-5.4*3.33,,61.9,60,GIA,703,INDIA,,,CLOUD,NO
1513557,6237746228,ROUND,0.60,G,VS1,EX,EX,EX,NONE,5.45-5.48*3.28,,60,59,GIA,696,INDIA,,,"FEATHER, PINPOINT",NO
1973810,1232772103,ROUND,0.60,G,VS1,EX,EX,EX,NONE,5.39-5.42*3.32,,61.5,61,GIA,649,INDIA,,,"FEATHER, NEEDLE",NO
1119182,5232833694,ROUND,0.60,G,VS1,EX,EX,EX,NONE,5.43-5.45*3.33,,61.2,61,GIA,688,INDIA,,,CLOUD,NO
1373044,2231832547,ROUND,0.60,H,VS1,EX,EX,EX,NONE,5.34-5.39*3.35,,62.3,59,GIA,600,INDIA,,,"CRYSTAL, FEATHER, NEEDLE, PINPOINT",NO
7102811,5232804868,ROUND,0.60,I,VS1,EX,EX,EX,NONE,5.48-5.53*3.25,,59.1,60,GIA,556,INDIA,,,"CLOUD, FEATHER, NEEDLE",NO
1110441,2235751703,ROUND,0.60,E,VS2,EX,EX,EX,NONE,5.38-5.4*3.34,,62,59,GIA,719,INDIA,,,"CRYSTAL, FEATHER",NO
7794709,1545148476,ROUND,0.63,F,VS2,EX,EX,EX,NONE,5.51-5.56*3.38,,61.1,58,GIA,807,INDIA,,,"CRYSTAL, CLOUD",NO
1324624,2231777235,ROUND,0.61,F,VS2,EX,EX,EX,NONE,5.38-5.43*3.39,,62.8,56,GIA,706,INDIA,,,"CLOUD, CRYSTAL",NO
1581377,5231771992,ROUND,0.60,F,VS2,EX,EX,EX,NONE,5.34-5.38*3.35,,62.5,57,GIA,695,INDIA,,,"CLOUD, FEATHER",NO
1185416,2231802892,ROUND,0.60,F,VS2,EX,EX,EX,NONE,5.39-5.4*3.3,,61.1,62,GIA,687,INDIA,,,"CRYSTAL, FEATHER",NO
1899067,5231844629,ROUND,0.60,F,VS2,EX,EX,EX,NONE,5.36-5.4*3.33,,61.9,59,GIA,710,INDIA,,,"CLOUD, CRYSTAL",NO
1811943,2235745911,ROUND,0.63,G,VS2,EX,EX,EX,NONE,5.48-5.51*3.42,,62.1,59,GIA,659,INDIA,,,"CLOUD, CRYSTAL",NO
1317763,5231823517,ROUND,0.60,G,VS2,EX,EX,EX,NONE,5.4-5.43*3.34,,61.7,59,GIA,635,INDIA,,,CRYSTAL,NO
1719218,5536375467,ROUND,0.60,G,VS2,EX,EX,EX,NONE,5.38-5.42*3.34,,61.8,59,GIA,635,INDIA,,,FEATHER,NO
1129012,5232832073,ROUND,0.60,G,VS2,EX,EX,EX,NONE,5.37-5.41*3.34,,61.9,60,GIA,642,INDIA,,,"CLOUD, CRYSTAL",NO
1364268,2235770462,ROUND,0.60,G,VS2,EX,EX,EX,NONE,5.32-5.36*3.35,,62.8,58,GIA,628,INDIA,,,"CRYSTAL, FEATHER",NO
1163172,2235729688,ROUND,0.61,H,VS2,EX,EX,EX,NONE,5.38-5.42*3.36,,62.3,59,GIA,553,INDIA,,,"CRYSTAL, FEATHER",NO
1552998,6237751681,ROUND,0.69,I,VS2,EX,EX,EX,NONE,5.64-5.67*3.49,,61.8,60,GIA,644,INDIA,,,CRYSTAL,NO
1400331,1543148483,ROUND,0.63,I,VS2,EX,EX,EX,NONE,5.42-5.46*3.4,,62.5,59,GIA,552,HONG KONG,,,"CRYSTAL, CLOUD",NO
1707459,6535537990,ROUND,0.58,D,IF,EX,EX,EX,NONE,5.31-5.34*3.33,,62.6,58,GIA,1447,INDIA,,,MINOR DETAILS OF POLISH,NO
1609273,7538627855,ROUND,0.58,D,IF,EX,EX,EX,NONE,5.32-5.36*3.32,,62.2,58,GIA,1447,INDIA,,,MINOR DETAILS OF POLISH,NO
1151689,7538627722,ROUND,0.58,D,IF,EX,EX,EX,NONE,5.33-5.36*3.33,,62.4,59,GIA,1447,INDIA,,,MINOR DETAILS OF POLISH,NO
1310050,6535627826,ROUND,0.58,D,IF,EX,EX,EX,NONE,5.37-5.39*3.27,,60.8,58,GIA,1447,INDIA,,,MINOR DETAILS OF POLISH,NO
1688920,2235802889,ROUND,0.58,D,IF,EX,EX,EX,NONE,5.31-5.34*3.27,,61.4,59,GIA,1465,INDIA,,,MINOR DETAILS OF POLISH,NO
1627751,6542378377,ROUND,0.58,D,IF,EX,EX,EX,NONE,5.34-5.37*3.33,,62.2,58,GIA,1465,INDIA,,,MINOR DETAILS OF POLISH,NO
1414111,2235820875,ROUND,0.57,D,IF,EX,EX,EX,NONE,5.3-5.33*3.32,,62.4,55,GIA,1404,INDIA,,,MINOR DETAILS OF POLISH,NO
1100273,2231802842,ROUND,0.57,D,IF,EX,EX,EX,NONE,5.23-5.28*3.31,,62.9,55,GIA,1404,INDIA,,,MINOR DETAILS OF POLISH,NO
1788731,5232746146,ROUND,0.57,D,IF,EX,EX,EX,NONE,5.25-5.28*3.31,,62.9,58,GIA,1369,INDIA,,,MINOR DETAILS OF POLISH,NO
1435833,5232840192,ROUND,0.50,D,IF,EX,EX,EX,FAINT,5.13-5.16*3.08,,60,60,GIA,1170,INDIA,,,MINOR DETAILS OF POLISH,NO
1414519,5232844597,ROUND,0.50,D,IF,EX,EX,EX,NONE,5.05-5.1*3.13,,61.7,61,GIA,1386,INDIA,,,MINOR DETAILS OF POLISH,NO
1488494,6233770347,ROUND,0.56,E,IF,EX,EX,EX,NONE,5.25-5.28*3.3,,62.6,59,GIA,1076,INDIA,,,MINOR DETAILS OF POLISH,NO
1793326,2231772160,ROUND,0.56,E,IF,EX,EX,EX,NONE,5.26-5.29*3.27,,61.9,59,GIA,1076,INDIA,,,MINOR DETAILS OF POLISH,NO
1908260,2231770477,ROUND,0.54,E,IF,EX,EX,EX,NONE,5.22-5.27*3.23,,61.6,59,GIA,1091,INDIA,,,MINOR DETAILS OF POLISH,NO
1322860,2536121591,ROUND,0.53,E,IF,EX,EX,EX,NONE,5.26-5.29*3.14,,59.6,60,GIA,1071,INDIA,,,MINOR DETAILS OF POLISH,NO
1487644,2231829128,ROUND,0.53,E,IF,EX,EX,EX,NONE,5.18-5.21*3.22,,62.1,59,GIA,1019,INDIA,,,"SURFACE GRAINING, MINOR DETAILS OF POLISH",NO
1190169,6545026826,ROUND,0.50,E,IF,EX,EX,EX,NONE,5.07-5.11*3.15,,61.8,59,GIA,1010,INDIA,,,MINOR DETAILS OF POLISH,NO
1703926,2231831910,ROUND,0.50,E,IF,EX,EX,EX,NONE,5.16-5.18*3.06,,59.1,62,GIA,1023,INDIA,,,MINOR DETAILS OF POLISH,NO
1412834,5232712137,ROUND,0.58,F,IF,EX,EX,EX,NONE,5.46-5.48*3.26,,59.7,60,GIA,1123,INDIA,,,MINOR DETAILS OF POLISH,NO
1549565,1232778608,ROUND,0.55,F,IF,EX,EX,EX,NONE,5.21-5.26*3.28,,62.6,59,GIA,890,INDIA,,,MINOR DETAILS OF POLISH,NO
1126328,2235821136,ROUND,0.55,F,IF,EX,EX,EX,NONE,5.24-5.27*3.23,,61.6,60,GIA,913,INDIA,,,MINOR DETAILS OF POLISH,NO
1695102,6531993580,ROUND,0.52,F,IF,EX,EX,EX,NONE,5.14-5.17*3.17,,61.5,59,GIA,841,INDIA,,,MINOR DETAILS OF POLISH,NO
1270252,6233746252,ROUND,0.52,F,IF,EX,EX,EX,NONE,5.19-5.22*3.18,,61,59,GIA,841,INDIA,,,MINOR DETAILS OF POLISH,NO
1667856,2235832448,ROUND,0.52,F,IF,EX,EX,EX,NONE,5.14-5.19*3.18,,61.5,59,GIA,819,INDIA,,,"SURFACE GRAINING, MINOR DETAILS OF POLISH",NO
1769422,2231748984,ROUND,0.51,F,IF,EX,EX,EX,NONE,5.09-5.12*3.19,,62.4,59,GIA,825,INDIA,,,MINOR DETAILS OF POLISH,NO
1534799,5231811357,ROUND,0.50,F,IF,EX,EX,EX,NONE,5.01-5.06*3.15,,62.5,60,GIA,819,INDIA,,,MINOR DETAILS OF POLISH,NO
1351198,2231829126,ROUND,0.50,F,IF,EX,EX,EX,NONE,5.13-5.15*3.16,,61.4,58,GIA,819,INDIA,,,MINOR DETAILS OF POLISH,NO
1154228,6535760740,ROUND,0.50,F,IF,EX,EX,EX,NONE,5.06-5.1*3.13,,61.6,61,GIA,809,INDIA,,,MINOR DETAILS OF POLISH,NO
1289503,5232840331,ROUND,0.50,F,IF,EX,EX,EX,NONE,5.12-5.13*3.14,,61.3,59,GIA,830,INDIA,,,MINOR DETAILS OF POLISH,NO
1331585,6233821149,ROUND,0.50,F,IF,EX,EX,EX,NONE,5.21-5.23*3.04,,58.3,61,GIA,809,INDIA,,,MINOR DETAILS OF POLISH,NO
1973560,2235749086,ROUND,0.50,F,IF,EX,EX,EX,NONE,5.02-5.05*3.17,,63,56,GIA,809,INDIA,,,MINOR DETAILS OF POLISH,NO
1860082,6541156814,ROUND,0.54,G,IF,EX,EX,EX,NONE,5.2-5.23*3.26,,62.5,58,GIA,716,INDIA,,,MINOR DETAILS OF POLISH,NO
1496914,2536749272,ROUND,0.52,G,IF,EX,EX,EX,NONE,5.22-5.27*3.17,,60.4,59,GIA,690,INDIA,,,MINOR DETAILS OF POLISH,NO
1421956,6535627298,ROUND,0.57,H,IF,EX,EX,EX,NONE,5.41-5.43*3.22,,59.3,59,GIA,656,INDIA,,,MINOR DETAILS OF POLISH,NO
1654531,5232831901,ROUND,0.51,H,IF,EX,EX,EX,NONE,5.16-5.19*3.18,,61.5,58,GIA,616,INDIA,,,MINOR DETAILS OF POLISH,NO
1541645,5232714070,ROUND,0.52,J,IF,EX,EX,EX,NONE,5.2-5.24*3.15,,60.3,59,GIA,476,INDIA,,,MINOR DETAILS OF POLISH,NO
1215599,2233763024,ROUND,0.57,D,VVS1,EX,EX,EX,NONE,5.29-5.33*3.29,,62,59,GIA,1208,INDIA,,,"PINPOINT, FEATHER",NO
1817667,5232687735,ROUND,0.56,D,VVS1,EX,EX,EX,NONE,5.24-5.27*3.28,,62.4,56,GIA,1187,INDIA,,,PINPOINT,NO
1567596,1232772028,ROUND,0.54,D,VVS1,EX,EX,EX,NONE,5.17-5.2*3.25,,62.7,58,GIA,1171,INDIA,,,PINPOINT,NO
1294999,2534271455,ROUND,0.51,D,VVS1,EX,EX,EX,NONE,5.11-5.14*3.18,,62.1,54,GIA,1106,INDIA,,,PINPOINT,NO
1223275,1232802875,ROUND,0.50,D,VVS1,EX,EX,EX,NONE,5.15-5.19*3.03,,58.7,61,GIA,1072,INDIA,,,FEATHER,NO
1674359,2233763220,ROUND,0.50,D,VVS1,EX,EX,EX,NONE,5.04-5.07*3.18,,62.8,59,GIA,1084,INDIA,,,FEATHER,NO
1449455,7546159290,ROUND,0.50,D,VVS1,EX,EX,EX,NONE,5.12-5.16*3.08,,59.9,60,GIA,1084,INDIA,,,FEATHER,NO
1213016,6531547977,ROUND,0.50,D,VVS1,EX,EX,EX,NONE,5.1-5.13*3.11,,60.8,61,GIA,1084,INDIA,,,FEATHER,NO
1703132,6531537950,ROUND,0.50,D,VVS1,EX,EX,EX,NONE,5.09-5.14*3.14,,61.4,58,GIA,1084,INDIA,,,FEATHER,NO
1563676,1232706305,ROUND,0.50,D,VVS1,EX,EX,EX,NONE,5.08-5.11*3.13,,61.4,61,GIA,1060,INDIA,,,FEATHER,NO
1294997,2235751676,ROUND,0.50,D,VVS1,EX,EX,EX,NONE,5.1-5.14*3.09,,60.3,60,GIA,1084,INDIA,,,FEATHER,NO
1455346,5232777210,ROUND,0.50,D,VVS1,EX,EX,EX,NONE,5.07-5.11*3.11,,61.1,60,GIA,1084,INDIA,,,FEATHER,NO
1936168,3535627609,ROUND,0.50,D,VVS1,EX,EX,EX,NONE,5.12-5.15*3.1,,60.4,61,GIA,1060,INDIA,,,"PINPOINT, FEATHER",NO
1968043,2231762954,ROUND,0.58,E,VVS1,EX,EX,EX,NONE,5.35-5.38*3.31,,61.6,58,GIA,1037,INDIA,,,PINPOINT,NO
1247215,1236818910,ROUND,0.54,E,VVS1,EX,EX,EX,NONE,5.17-5.2*3.23,,62.3,59,GIA,988,INDIA,,,PINPOINT,NO
1652478,1543228768,ROUND,0.52,E,VVS1,EX,EX,EX,NONE,5.15-5.19*3.18,,61.6,57,GIA,952,INDIA,,,"PINPOINT, FEATHER",NO
1315169,2536179178,ROUND,0.52,E,VVS1,EX,EX,EX,NONE,5.16-5.19*3.13,,60.5,59,GIA,930,INDIA,,,PINPOINT,NO
1836294,7538842446,ROUND,0.52,E,VVS1,EX,EX,EX,NONE,5.18-5.21*3.18,,61.3,59,GIA,930,INDIA,,,PINPOINT,NO
1467948,5231804844,ROUND,0.51,E,VVS1,EX,EX,EX,NONE,5.1-5.14*3.2,,62.4,56,GIA,890,INDIA,,,"CLOUD, PINPOINT, FEATHER",NO
1908106,1539918966,ROUND,0.51,E,VVS1,EX,EX,EX,NONE,5.13-5.16*3.15,,61.2,59,GIA,933,INDIA,,,FEATHER,NO
1442838,3535628188,ROUND,0.50,E,VVS1,EX,EX,EX,NONE,5.04-5.08*3.13,,61.9,62,GIA,883,INDIA,,,FEATHER,NO
1250985,2544337265,ROUND,0.50,E,VVS1,EX,EX,EX,NONE,5.05-5.09*3.16,,62.2,58,GIA,894,INDIA,,,CLOUD,NO
1357074,5231726105,ROUND,0.50,E,VVS1,EX,EX,EX,NONE,5.04-5.07*3.17,,62.7,59,GIA,904,INDIA,,,FEATHER,NO
1972859,7536760663,ROUND,0.50,E,VVS1,EX,EX,EX,NONE,5.09-5.13*3.11,,60.8,60,GIA,894,INDIA,,,"PINPOINT, FEATHER",NO
1130864,2235840214,ROUND,0.50,E,VVS1,EX,EX,EX,NONE,5.1-5.13*3.06,,59.8,61,GIA,915,INDIA,,,FEATHER,NO
1173210,5232714160,ROUND,0.50,E,VVS1,EX,EX,EX,NONE,5.11-5.14*3.08,,60.1,62,GIA,883,INDIA,,,FEATHER,NO
1595520,6541364791,ROUND,0.50,E,VVS1,EX,EX,EX,NONE,5.08-5.11*3.12,,61.2,59,GIA,915,INDIA,,,PINPOINT,NO
1799207,1232803940,ROUND,0.50,E,VVS1,EX,EX,EX,NONE,5.01-5.05*3.12,,62,62,GIA,872,INDIA,,,"PINPOINT, FEATHER",NO
7495458,5232811231,ROUND,0.50,E,VVS1,EX,EX,EX,NONE,5.07-5.11*3.07,,60.3,62,GIA,883,INDIA,,,PINPOINT,NO
1713712,2235712095,ROUND,0.50,E,VVS1,EX,EX,EX,NONE,5.05-5.09*3.14,,62,60,GIA,894,INDIA,,,PINPOINT,NO
1143986,2231746158,ROUND,0.50,E,VVS1,EX,EX,EX,NONE,5.05-5.08*3.17,,62.6,59,GIA,872,INDIA,,,"CLOUD, PINPOINT, FEATHER",NO
1509144,6237777196,ROUND,0.50,E,VVS1,EX,EX,EX,NONE,5.07-5.11*3.13,,61.6,60,GIA,894,INDIA,,,"PINPOINT, FEATHER",NO
1736055,5231762937,ROUND,0.50,E,VVS1,EX,EX,EX,NONE,5.13-5.15*3.13,,60.8,60,GIA,894,INDIA,,,PINPOINT,NO
1503340,5231832603,ROUND,0.50,E,VVS1,EX,EX,EX,FAINT,5.12-5.14*3.13,,61.1,56,GIA,734,INDIA,,,"PINPOINT, FEATHER",NO
1190308,7536761203,ROUND,0.50,E,VVS1,EX,EX,EX,NONE,5.05-5.09*3.12,,61.6,61,GIA,872,INDIA,,,PINPOINT,NO
7728973,1236840297,ROUND,0.50,E,VVS1,EX,EX,EX,NONE,5.06-5.08*3.14,,61.8,60,GIA,894,INDIA,,,"PINPOINT, NEEDLE, CLOUD, FEATHER",NO
1215694,7536792872,ROUND,0.50,E,VVS1,EX,EX,EX,NONE,5.06-5.1*3.15,,62.1,59,GIA,915,INDIA,,,FEATHER,NO
1821920,5232718985,ROUND,0.50,E,VVS1,EX,EX,EX,NONE,5.1-5.13*3.13,,61.2,60,GIA,894,INDIA,,,PINPOINT,NO
1976487,5232772083,ROUND,0.50,E,VVS1,EX,EX,EX,NONE,5.05-5.09*3.15,,62.1,59,GIA,894,INDIA,,,"PINPOINT, FEATHER",NO
1474423,6237762961,ROUND,0.50,E,VVS1,EX,EX,EX,NONE,5.1-5.13*3.08,,60.2,59,GIA,894,INDIA,,,FEATHER,NO
1881719,2231746104,ROUND,0.50,E,VVS1,EX,EX,EX,NONE,5.04-5.08*3.13,,61.9,57,GIA,894,INDIA,,,"PINPOINT, FEATHER",NO
1675650,2536811583,ROUND,0.50,E,VVS1,EX,EX,EX,NONE,5.13-5.16*3.08,,59.8,61,GIA,894,INDIA,,,FEATHER,NO
1185106,6233833693,ROUND,0.58,F,VVS1,EX,EX,EX,MED,5.33-5.36*3.32,,62,58,GIA,665,INDIA,,,PINPOINT,NO
1241995,2235833728,ROUND,0.57,F,VVS1,EX,EX,EX,NONE,5.3-5.32*3.25,,61.2,59,GIA,885,INDIA,,,"PINPOINT, FEATHER",NO
1287599,7536012132,ROUND,0.54,F,VVS1,EX,EX,EX,NONE,5.19-5.22*3.26,,62.5,58,GIA,798,INDIA,,,"PINPOINT, CLOUD",NO
1116191,5231726073,ROUND,0.53,F,VVS1,EX,EX,EX,NONE,5.22-5.25*3.16,,60.3,59,GIA,803,INDIA,,,"PINPOINT, FEATHER",NO
1537419,2235706306,ROUND,0.53,F,VVS1,EX,EX,EX,NONE,5.18-5.22*3.2,,61.7,59,GIA,784,INDIA,,,"CLOUD, PINPOINT",NO
1389435,7532242572,ROUND,0.52,F,VVS1,EX,EX,EX,NONE,5.15-5.18*3.15,,60.9,61,GIA,769,INDIA,,,"CLOUD, FEATHER",NO
1915342,6532374217,ROUND,0.52,F,VVS1,EX,EX,EX,NONE,5.11-5.15*3.22,,62.8,58,GIA,788,INDIA,,,FEATHER,NO
1169058,7546378483,ROUND,0.51,F,VVS1,EX,EX,EX,NONE,5.08-5.12*3.2,,62.6,58,GIA,811,INDIA,,,FEATHER,NO
1574805,2235811333,ROUND,0.51,F,VVS1,EX,EX,EX,NONE,5.18-5.22*3.1,,59.6,60,GIA,773,INDIA,,,PINPOINT,NO
1413964,2547237995,ROUND,0.51,F,VVS1,EX,EX,EX,NONE,5.17-5.19*3.14,,60.6,59,GIA,782,INDIA,,,PINPOINT,NO
1789328,6531546036,ROUND,0.50,F,VVS1,EX,EX,EX,NONE,5.08-5.12*3.1,,60.8,61,GIA,739,INDIA,,,"PINPOINT, FEATHER",NO
1704358,2233803981,ROUND,0.50,F,VVS1,EX,EX,EX,NONE,5.1-5.13*3.13,,61.2,57,GIA,758,INDIA,,,"PINPOINT, FEATHER",NO
1862239,7523933688,ROUND,0.50,F,VVS1,EX,EX,EX,NONE,5.08-5.12*3.14,,61.7,60,GIA,758,INDIA,,,"PINPOINT, FEATHER",NO
1756824,1236762947,ROUND,0.50,F,VVS1,EX,EX,EX,NONE,5.11-5.15*3.11,,60.6,60,GIA,758,INDIA,,,FEATHER,NO
1848399,2235772049,ROUND,0.50,F,VVS1,EX,EX,EX,NONE,5.1-5.15*3.12,,60.8,60,GIA,758,INDIA,,,PINPOINT,NO
1936922,5232833835,ROUND,0.50,F,VVS1,EX,EX,EX,NONE,5.14-5.17*3.08,,59.8,61,GIA,785,INDIA,,,"PINPOINT, FEATHER",NO
1215756,2231726335,ROUND,0.50,F,VVS1,EX,EX,EX,NONE,5.06-5.1*3.14,,61.9,60,GIA,758,INDIA,,,FEATHER,NO
1707546,1236763208,ROUND,0.50,F,VVS1,EX,EX,EX,NONE,5.13-5.16*3.07,,59.6,61,GIA,739,INDIA,,,PINPOINT,NO
1618510,6531498274,ROUND,0.50,F,VVS1,EX,EX,EX,NONE,5.05-5.09*3.14,,62.1,60,GIA,758,INDIA,,,FEATHER,NO
1935348,2235804905,ROUND,0.50,F,VVS1,EX,EX,EX,NONE,5.03-5.07*3.16,,62.6,59,GIA,776,INDIA,,,FEATHER,NO
7444769,5543158981,ROUND,0.50,F,VVS1,EX,EX,EX,NONE,5.13-5.16*3.16,,61.4,59,GIA,776,INDIA,,,FEATHER,NO
1604156,5232763046,ROUND,0.50,F,VVS1,EX,EX,EX,NONE,5.07-5.11*3.08,,60.6,61,GIA,758,INDIA,,,FEATHER,NO
1806883,5231818863,ROUND,0.50,F,VVS1,EX,EX,EX,NONE,5.06-5.1*3.19,,62.9,55,GIA,758,INDIA,,,PINPOINT,NO
1581699,1232771998,ROUND,0.50,F,VVS1,EX,EX,EX,NONE,5.09-5.13*3.12,,60.9,60,GIA,758,INDIA,,,FEATHER,NO
1485663,2235750808,ROUND,0.58,G,VVS1,EX,EX,EX,NONE,5.29-5.32*3.34,,62.9,57,GIA,691,INDIA,,,"CLOUD, FEATHER",NO
1787730,6532810561,ROUND,0.57,G,VVS1,EX,EX,EX,NONE,5.34-5.36*3.26,,60.9,58,GIA,706,INDIA,,,PINPOINT,NO
1459191,2235750862,ROUND,0.54,G,VVS1,EX,EX,EX,NONE,5.27-5.3*3.22,,60.8,59,GIA,660,INDIA,,,PINPOINT,NO
1825747,1535456963,ROUND,0.53,G,VVS1,EX,EX,EX,NONE,5.13-5.18*3.25,,63,56,GIA,648,INDIA,,,"PINPOINT, FEATHER",NO
1133231,1535151827,ROUND,0.53,G,VVS1,EX,EX,EX,NONE,5.17-5.21*3.22,,61.9,58,GIA,648,INDIA,,,"PINPOINT, FEATHER",NO
1693976,6237687742,ROUND,0.52,G,VVS1,EX,EX,EX,NONE,5.17-5.2*3.13,,60.4,57,GIA,652,INDIA,,,PINPOINT,NO
1902489,6233691903,ROUND,0.52,G,VVS1,EX,EX,EX,NONE,5.19-5.22*3.16,,60.8,58,GIA,644,INDIA,,,FEATHER,NO
1506191,6532407647,ROUND,0.51,G,VVS1,EX,EX,EX,NONE,5.14-5.17*3.16,,61.3,59,GIA,640,INDIA,,,PINPOINT,NO
1109812,6532627110,ROUND,0.50,G,VVS1,EX,EX,EX,NONE,5.06-5.08*3.16,,62.3,59,GIA,627,INDIA,,,FEATHER,NO
1650381,1232811372,ROUND,0.50,G,VVS1,EX,EX,EX,NONE,5.09-5.11*3.13,,61.3,59,GIA,627,INDIA,,,FEATHER,NO
1662560,7531456116,ROUND,0.50,G,VVS1,EX,EX,EX,NONE,5.08-5.12*3.12,,61.1,58,GIA,627,INDIA,,,FEATHER,NO
1367686,5231804923,ROUND,0.58,H,VVS1,EX,EX,EX,NONE,5.31-5.35*3.27,,61.3,60,GIA,605,INDIA,,,PINPOINT,NO
1840180,5231833824,ROUND,0.58,H,VVS1,EX,EX,EX,NONE,5.31-5.36*3.3,,61.9,59,GIA,583,INDIA,,,"CLOUD, FEATHER",NO
1417362,2534752800,ROUND,0.57,H,VVS1,EX,EX,EX,NONE,5.29-5.31*3.29,,62.1,58,GIA,573,INDIA,,,PINPOINT,NO
1442646,2538752885,ROUND,0.57,H,VVS1,EX,EX,EX,NONE,5.32-5.35*3.31,,62,58,GIA,573,INDIA,,,"PINPOINT, FEATHER",NO
7374774,2233691966,ROUND,0.57,H,VVS1,EX,EX,EX,NONE,5.34-5.37*3.29,,61.4,59,GIA,573,INDIA,,,PINPOINT,NO
1217920,7533406887,ROUND,0.57,H,VVS1,EX,EX,EX,NONE,5.32-5.33*3.26,,61.3,60,GIA,558,INDIA,,,"PINPOINT, CLOUD",NO
1372873,5546430872,ROUND,0.56,H,VVS1,EX,EX,EX,NONE,5.3-5.35*3.26,,61.1,58,GIA,584,INDIA,,,PINPOINT,NO
1157366,1535152314,ROUND,0.52,H,VVS1,EX,EX,EX,NONE,5.19-5.22*3.16,,60.6,59,GIA,549,INDIA,,,FEATHER,NO
1431696,5232686029,ROUND,0.54,I,VVS1,EX,EX,EX,NONE,5.18-5.21*3.27,,62.9,56,GIA,542,HONG KONG,,,PINPOINT,NO
1909037,5546142552,ROUND,0.50,I,VVS1,EX,EX,EX,NONE,5.08-5.12*3.15,,61.7,59,GIA,498,INDIA,,,FEATHER,NO
1530283,6515692365,ROUND,0.57,D,VVS2,EX,EX,EX,NONE,5.31-5.33*3.3,,61.9,58,GIA,912,INDIA,,,"Needle, Pinpoint, Cloud, Feather",NO
1553616,1535152637,ROUND,0.55,D,VVS2,EX,EX,EX,NONE,5.22-5.26*3.23,,61.7,58,GIA,838,INDIA,,,"NEEDLE, FEATHER, PINPOINT",NO
1818151,1236763172,ROUND,0.50,D,VVS2,EX,EX,EX,NONE,5.11-5.14*3.06,,59.8,61,GIA,781,INDIA,,,PINPOINT,NO
1135987,2233840210,ROUND,0.50,D,VVS2,EX,EX,EX,NONE,5.05-5.09*3.16,,62.4,58,GIA,819,INDIA,,,"CLOUD, NEEDLE, PINPOINT",NO
1889902,6545017954,ROUND,0.50,D,VVS2,EX,EX,EX,NONE,5.03-5.07*3.13,,62,60,GIA,819,INDIA,,,FEATHER,NO
1413702,2235748995,ROUND,0.50,D,VVS2,EX,EX,EX,NONE,5.08-5.13*3.09,,60.6,62,GIA,781,INDIA,,,"PINPOINT, FEATHER",NO
1361402,1232829112,ROUND,0.50,D,VVS2,EX,EX,EX,NONE,5.08-5.11*3.14,,61.6,61,GIA,790,INDIA,,,"NEEDLE, PINPOINT",NO
1330496,1537376862,ROUND,0.50,D,VVS2,EX,EX,EX,NONE,5.04-5.07*3.15,,62.2,59,GIA,819,INDIA,,,"PINPOINT, FEATHER",NO
1133124,5543179888,ROUND,0.50,D,VVS2,EX,EX,EX,NONE,5.18-5.22*3.08,,59.2,59,GIA,781,INDIA,,,"CLOUD, NEEDLE, PINPOINT, FEATHER",NO
1475986,1236746165,ROUND,0.50,D,VVS2,EX,EX,EX,NONE,5.09-5.13*3.06,,59.9,61,GIA,781,INDIA,,,"FEATHER, PINPOINT",NO
1250614,2235714132,ROUND,0.56,E,VVS2,EX,EX,EX,NONE,5.33-5.35*3.25,,60.9,59,GIA,797,INDIA,,,PINPOINT,NO
1487017,2235745998,ROUND,0.54,E,VVS2,EX,EX,EX,NONE,5.23-5.27*3.23,,61.6,59,GIA,731,INDIA,,,"PINPOINT, CLOUD",NO
1213142,1538011846,ROUND,0.53,E,VVS2,EX,EX,EX,NONE,5.2-5.24*3.16,,60.6,59,GIA,723,INDIA,,,"PINPOINT, CLOUD",NO
1804708,6237840316,ROUND,0.50,E,VVS2,EX,EX,EX,FAINT,5.08-5.11*3.13,,61.4,61,GIA,625,INDIA,,,"PINPOINT, FEATHER",NO
1812677,2231777202,ROUND,0.50,E,VVS2,EX,EX,EX,NONE,5.05-5.09*3.14,,61.9,59,GIA,729,INDIA,,,FEATHER,NO
1824852,2537122659,ROUND,0.59,F,VVS2,EX,EX,EX,NONE,5.4-5.42*3.32,,61.4,59,GIA,833,INDIA,,,"NEEDLE, PINPOINT",NO
1408033,5231804864,ROUND,0.57,F,VVS2,EX,EX,EX,NONE,5.27-5.31*3.31,,62.5,57,GIA,661,INDIA,,,"CLOUD, PINPOINT, REFLECTING SURFACE GRAINING, NEEDLE",NO
1936315,1232778523,ROUND,0.57,F,VVS2,EX,EX,EX,NONE,5.29-5.33*3.25,,61.2,59,GIA,715,INDIA,,,PINPOINT,NO
1382394,6545430790,ROUND,0.57,F,VVS2,EX,EX,EX,NONE,5.3-5.34*3.3,,62.1,58,GIA,742,INDIA,,,PINPOINT,NO
1614436,6532811790,ROUND,0.54,F,VVS2,EX,EX,EX,NONE,5.22-5.25*3.24,,61.9,58,GIA,694,INDIA,,,PINPOINT,NO
1893063,7541378383,ROUND,0.51,F,VVS2,EX,EX,EX,NONE,5.12-5.16*3.17,,61.7,58,GIA,656,INDIA,,,"CLOUD, PINPOINT",NO
7416046,5232804973,ROUND,0.50,F,VVS2,EX,EX,EX,NONE,5.13-5.17*3.07,,59.5,60,GIA,659,INDIA,,,FEATHER,NO
1306941,2235841310,ROUND,0.50,F,VVS2,EX,EX,EX,NONE,5.07-5.09*3.15,,61.9,60,GIA,643,INDIA,,,"CLOUD, NEEDLE, PINPOINT",NO
1467929,5232833779,ROUND,0.50,F,VVS2,EX,EX,EX,NONE,5.11-5.14*3.11,,60.7,59,GIA,674,INDIA,,,PINPOINT,NO
1651172,2233831898,ROUND,0.50,F,VVS2,EX,EX,EX,NONE,5.06-5.1*3.14,,61.7,60,GIA,651,INDIA,,,"CLOUD, NEEDLE, PINPOINT",NO
1791072,6531750613,ROUND,0.50,F,VVS2,EX,EX,EX,NONE,5.1-5.13*3.14,,61.3,59,GIA,643,INDIA,,,"PINPOINT, FEATHER",NO
1959357,5231749114,ROUND,0.50,F,VVS2,EX,EX,EX,NONE,5.12-5.15*3.14,,61.2,57,GIA,635,INDIA,,,"CLOUD, PINPOINT, FEATHER",NO
1741512,5231726048,ROUND,0.50,F,VVS2,EX,EX,EX,NONE,5.04-5.07*3.16,,62.5,57,GIA,643,INDIA,,,"FEATHER, PINPOINT",NO
1424174,5231832502,ROUND,0.50,F,VVS2,EX,EX,EX,NONE,5.12-5.15*3.14,,61.2,58,GIA,643,INDIA,,,"NEEDLE, CLOUD",NO
1863003,5232832449,ROUND,0.50,F,VVS2,EX,EX,EX,NONE,5.12-5.15*3.09,,60.1,60,GIA,651,INDIA,,,"NEEDLE, PINPOINT, FEATHER, CLOUD",NO
1818747,5543432168,ROUND,0.50,F,VVS2,EX,EX,EX,NONE,5.11-5.14*3.15,,61.4,59,GIA,674,INDIA,,,PINPOINT,NO
1340400,6233851529,ROUND,0.50,F,VVS2,EX,EX,EX,NONE,5.08-5.12*3.1,,60.7,60,GIA,659,INDIA,,,"CLOUD, PINPOINT",NO
1327769,6531156081,ROUND,0.50,F,VVS2,EX,EX,EX,NONE,5.04-5.08*3.11,,61.5,60,GIA,643,INDIA,,,"FEATHER, PINPOINT",NO
7091988,6535387902,ROUND,0.58,G,VVS2,EX,EX,EX,NONE,5.37-5.4*3.33,,61.8,58,GIA,633,INDIA,,,"NEEDLE, PINPOINT, FEATHER, CLOUD",NO
1783125,6532287542,ROUND,0.55,G,VVS2,EX,EX,EX,NONE,5.24-5.28*3.28,,62.4,58,GIA,601,INDIA,,,"PINPOINT, CLOUD",NO
1552566,2235763294,ROUND,0.55,G,VVS2,EX,EX,EX,NONE,5.2-5.24*3.27,,62.6,57,GIA,616,INDIA,,,"FEATHER, PINPOINT",NO
5003,2407951899,ROUND,0.55,G,VVS2,EX,EX,EX,NONE,5.18-5.21*3.25,,62.6,58,GIA,578,HONG KONG,,,"Cloud,Pinpoint,Indented Natural",NO
1515132,2536388650,ROUND,0.53,G,VVS2,EX,EX,EX,NONE,5.16-5.2*3.22,,62.1,58,GIA,579,INDIA,,,PINPOINT,NO
1719589,1535159144,ROUND,0.53,G,VVS2,EX,EX,EX,NONE,5.14-5.18*3.22,,62.4,59,GIA,594,INDIA,,,PINPOINT,NO
1796890,5231745910,ROUND,0.53,G,VVS2,EX,EX,EX,NONE,5.21-5.23*3.2,,61.2,59,GIA,594,INDIA,,,PINPOINT,NO
1673181,6535391823,ROUND,0.52,G,VVS2,EX,EX,EX,NONE,5.16-5.18*3.2,,61.9,59,GIA,582,INDIA,,,PINPOINT,NO
1704593,2546423982,ROUND,0.50,G,VVS2,EX,EX,EX,NONE,5.07-5.11*3.1,,60.9,61,GIA,574,INDIA,,,"FEATHER, PINPOINT",NO
7230538,2235804975,ROUND,0.50,G,VVS2,EX,EX,EX,NONE,5.13-5.15*3.09,,60,60,GIA,560,INDIA,,,PINPOINT,NO
1777304,2231840313,ROUND,0.50,G,VVS2,EX,EX,EX,NONE,5.06-5.1*3.12,,61.4,60,GIA,560,INDIA,,,"NEEDLE, FEATHER, PINPOINT",NO
1241063,1547423600,ROUND,0.50,H,VVS2,EX,EX,EX,NONE,5.08-5.1*3.15,,61.9,58,GIA,524,INDIA,,,"CLOUD, FEATHER",NO
1652515,6545146974,ROUND,0.54,D,VS1,EX,EX,EX,NONE,5.22-5.26*3.23,,61.6,59,GIA,711,INDIA,,,"CLOUD, PINPOINT",NO
7633120,6233821152,ROUND,0.50,D,VS1,EX,EX,EX,NONE,5.09-5.13*3.12,,61.1,58,GIA,760,INDIA,,,"FEATHER, PINPOINT",NO
7547572,2547142143,ROUND,0.50,D,VS1,EX,EX,EX,NONE,5.06-5.08*3.18,,62.7,58,GIA,753,INDIA,,,FEATHER,NO
1286065,5231772134,ROUND,0.50,D,VS1,EX,EX,EX,NONE,5.08-5.11*3.16,,62,58,GIA,721,INDIA,,,"FEATHER, PINPOINT",NO
1585399,2235833736,ROUND,0.50,D,VS1,EX,EX,EX,NONE,5.13-5.16*3.12,,60.6,60,GIA,768,INDIA,,,"FEATHER, PINPOINT",NO
1402558,2233772015,ROUND,0.55,F,VS1,EX,EX,EX,NONE,5.26-5.3*3.25,,61.6,59,GIA,591,INDIA,,,"CLOUD, CRYSTAL, NEEDLE, PINPOINT",NO
1167704,1232833702,ROUND,0.53,F,VS1,EX,EX,EX,NONE,5.16-5.2*3.22,,62.2,58,GIA,613,INDIA,,,CLOUD,NO
1926448,6541142167,ROUND,0.50,F,VS1,EX,EX,EX,NONE,5.13-5.18*3.09,,59.9,62,GIA,578,INDIA,,,"FEATHER, PINPOINT",NO
1962976,1535627585,ROUND,0.50,F,VS1,EX,EX,EX,NONE,5.09-5.12*3.13,,61.3,61,GIA,578,INDIA,,,"FEATHER, PINPOINT",NO
1161136,6532156049,ROUND,0.50,F,VS1,EX,EX,EX,NONE,5.02-5.06*3.13,,62.1,60,GIA,591,INDIA,,,FEATHER,NO
1945594,1537458124,ROUND,0.50,F,VS1,EX,EX,EX,NONE,5.14-5.15*3.13,,60.8,59,GIA,591,INDIA,,,FEATHER,NO
1341006,1232777248,ROUND,0.58,G,VS1,EX,EX,EX,NONE,5.34-5.37*3.33,,62.2,60,GIA,598,INDIA,,,"CRYSTAL, PINPOINT, NEEDLE",NO
1806464,1513434212,ROUND,0.57,G,VS1,EX,EX,EX,NONE,5.42-5.45*3.23,,59.5,62,GIA,617,INDIA,,,"Feather, Needle, Pinpoint",NO
5001,6282625052,ROUND,0.54,G,VS1,EX,EX,EX,NONE,5.18-5.21*3.23,,62.2,59,GIA,570,HONG KONG,,,"Crystal,Needle,Cloud,Feather",NO
1581351,5232753102,ROUND,0.54,G,VS1,EX,EX,EX,NONE,5.29-5.32*3.17,,59.8,59,GIA,556,INDIA,,,"CLOUD, NEEDLE, PINPOINT",NO
1147910,6525998544,ROUND,0.54,G,VS1,EX,EX,EX,NONE,5.23-5.26*3.17,,60.6,59,GIA,556,INDIA,,,"CRYSTAL, CLOUD, NEEDLE",NO
1646889,2231687697,ROUND,0.54,G,VS1,EX,EX,EX,NONE,5.26-5.29*3.21,,60.9,61,GIA,556,INDIA,,,"FEATHER, CLOUD, PINPOINT",NO
1236063,2235833737,ROUND,0.52,G,VS1,EX,EX,EX,NONE,5.15-5.18*3.16,,61.1,59,GIA,609,INDIA,,,CLOUD,NO
1570315,1236831828,ROUND,0.52,G,VS1,EX,EX,EX,NONE,5.17-5.19*3.16,,61,59,GIA,609,INDIA,,,"CRYSTAL, CLOUD, NEEDLE, PINPOINT",NO
1694761,5232844607,ROUND,0.51,G,VS1,EX,EX,EX,NONE,5.16-5.19*3.16,,61,59,GIA,604,INDIA,,,CRYSTAL,NO
1935200,2235753108,ROUND,0.51,G,VS1,EX,EX,EX,NONE,5.18-5.2*3.1,,59.8,60,GIA,552,HONG KONG,,,"CRYSTAL, NEEDLE, CLOUD, PINPOINT",NO
1898557,1535403036,ROUND,0.51,G,VS1,EX,EX,EX,NONE,5.17-5.21*3.15,,60.7,59,GIA,552,HONG KONG,,,"CRYSTAL, CLOUD, NEEDLE, PINPOINT",NO
1177949,6237726011,ROUND,0.50,G,VS1,EX,EX,EX,NONE,5.15-5.18*3.06,,59.1,62,GIA,554,HONG KONG,,,"FEATHER, PINPOINT",NO
1229874,5536750748,ROUND,0.50,G,VS1,EX,EX,EX,NONE,5.14-5.16*3.06,,59.5,61,GIA,554,HONG KONG,,,"FEATHER, PINPOINT",NO
1134542,5231840196,ROUND,0.50,G,VS1,EX,EX,EX,NONE,5.1-5.12*3.14,,61.4,60,GIA,580,INDIA,,,"CRYSTAL, FEATHER",NO
1499230,6233833780,ROUND,0.50,G,VS1,EX,EX,EX,NONE,5.11-5.14*3.12,,61,61,GIA,573,INDIA,,,"CRYSTAL, CLOUD, FEATHER",NO
1607084,2235763309,ROUND,0.50,G,VS1,EX,EX,EX,NONE,5.08-5.12*3.14,,61.5,58,GIA,541,HONG KONG,,,"CRYSTAL, FEATHER",NO
1847597,6541142584,ROUND,0.50,G,VS1,EX,EX,EX,NONE,5.08-5.12*3.1,,60.8,60,GIA,541,HONG KONG,,,"CLOUD, FEATHER, NEEDLE",NO
1387507,1539627204,ROUND,0.52,H,VS1,EX,EX,EX,NONE,5.13-5.15*3.22,,62.5,58,GIA,477,INDIA,,,"NEEDLE, FEATHER",NO
1754861,6237827998,ROUND,0.51,H,VS1,EX,EX,EX,NONE,5.11-5.13*3.18,,62,57,GIA,474,INDIA,,,"CRYSTAL, NEEDLE, PINPOINT",NO
1178193,5546158462,ROUND,0.50,H,VS1,EX,EX,EX,NONE,5.13-5.15*3.09,,60.1,59,GIA,459,INDIA,,,"FEATHER, NEEDLE, PINPOINT",NO
1485520,2231832639,ROUND,0.50,H,VS1,EX,EX,EX,NONE,5.1-5.12*3.09,,60.5,59,GIA,512,INDIA,,,CLOUD,NO
7699274,1232851520,ROUND,0.50,D,VS2,EX,EX,EX,NONE,5.05-5.07*3.18,,62.8,55,GIA,672,INDIA,,,"FEATHER, CRYSTAL",NO
1751578,2235712175,ROUND,0.56,E,VS2,EX,EX,EX,NONE,5.26-5.3*3.3,,62.6,58,GIA,563,INDIA,,,"CRYSTAL, FEATHER",NO
1688014,2536753009,ROUND,0.56,E,VS2,EX,EX,EX,NONE,5.27-5.31*3.28,,62,59,GIA,577,INDIA,,,"CRYSTAL, FEATHER",NO
1101452,2235832314,ROUND,0.51,E,VS2,EX,EX,EX,FAINT,5.19-5.2*3.16,,60.8,58,GIA,506,INDIA,,,"CRYSTAL, NEEDLE",NO
1790717,5231840336,ROUND,0.50,E,VS2,EX,EX,EX,NONE,5.14-5.17*3.08,,59.8,62,GIA,541,INDIA,,,CLOUD,NO
1960694,6532627301,ROUND,0.59,F,VS2,EX,EX,EX,NONE,5.31-5.34*3.34,,62.8,59,GIA,596,INDIA,,,"CRYSTAL, CLOUD, FEATHER",NO
7372519,2231840270,ROUND,0.59,F,VS2,EX,EX,EX,NONE,5.34-5.38*3.33,,62.1,59,GIA,596,INDIA,,,"CLOUD, CRYSTAL, FEATHER",NO
1380071,2231763252,ROUND,0.56,F,VS2,EX,EX,EX,NONE,5.3-5.32*3.27,,61.5,58,GIA,566,INDIA,,,CRYSTAL,NO
7041819,1236804840,ROUND,0.56,F,VS2,EX,EX,EX,NONE,5.36-5.38*3.21,,59.7,57,GIA,566,INDIA,,,"FEATHER, CRYSTAL",NO
1218697,7548432827,ROUND,0.51,F,VS2,EX,EX,EX,NONE,5.12-5.15*3.12,,60.8,58,GIA,534,INDIA,,,CLOUD,NO
7367197,6535457544,ROUND,0.50,F,VS2,EX,EX,EX,NONE,5.09-5.13*3.1,,60.7,60,GIA,530,INDIA,,,FEATHER,NO
1764062,2235746184,ROUND,0.58,G,VS2,EX,EX,EX,NONE,5.35-5.36*3.3,,61.7,59,GIA,546,INDIA,,,"CLOUD, CRYSTAL",NO
1680572,5232777176,ROUND,0.57,G,VS2,EX,EX,EX,NONE,5.35-5.39*3.26,,60.6,58,GIA,576,INDIA,,,FEATHER,NO
1442692,6532807499,ROUND,0.51,H,VS2,EX,EX,EX,NONE,5.16-5.19*3.18,,61.5,58,GIA,446,INDIA,,,"CRYSTAL, CLOUD, FEATHER",NO
1320366,5231827968,ROUND,0.50,H,VS2,EX,EX,EX,NONE,5.07-5.11*3.14,,61.7,56,GIA,448,INDIA,,,"CRYSTAL, FEATHER",NO
1227216,2534453165,ROUND,0.50,H,VS2,EX,EX,EX,NONE,5.04-5.08*3.16,,62.5,56,GIA,459,INDIA,,,FEATHER,NO
1351954,5533628138,ROUND,0.50,H,VS2,EX,EX,EX,NONE,5.1-5.13*3.12,,61,60,GIA,437,INDIA,,,"CRYSTAL, NEEDLE",NO
1519066,7531454505,ROUND,0.50,H,VS2,EX,EX,EX,NONE,5.09-5.12*3.15,,61.8,59,GIA,459,INDIA,,,FEATHER,NO
1121536,2507460014,ROUND,0.51,I,VS2,EX,EX,EX,NONE,5.11-5.14*3.18,,62,58,GIA,408,INDIA,,,Crystal,NO
1294951,1232720556,ROUND,0.47,D,IF,EX,EX,EX,FAINT,5.02-5.05*3.07,,60.9,59,GIA,801,INDIA,,,MINOR DETAILS OF POLISH,NO
1374951,2231829123,ROUND,0.46,D,IF,EX,EX,EX,NONE,5.01-5.03*3.05,,60.7,55,GIA,920,INDIA,,,MINOR DETAILS OF POLISH,NO
1495693,2235763306,ROUND,0.46,D,IF,EX,EX,EX,NONE,5.01-5.02*3.01,,59.9,59,GIA,902,INDIA,,,MINOR DETAILS OF POLISH,NO
1865866,5231823739,ROUND,0.40,D,IF,EX,EX,EX,NONE,4.81-4.83*2.9,,60.1,59,GIA,706,INDIA,,,MINOR DETAILS OF POLISH,NO
1778645,2235763192,ROUND,0.40,D,IF,EX,EX,EX,NONE,4.77-4.79*2.86,,59.7,60,GIA,698,INDIA,,,MINOR DETAILS OF POLISH,NO
1530313,5231746192,ROUND,0.48,E,IF,EX,EX,EX,STG,5.02-5.06*3.1,,61.5,58,GIA,608,INDIA,,,MINOR DETAILS OF POLISH,NO
1182983,1232844590,ROUND,0.48,E,IF,EX,EX,EX,MED,5.05-5.09*3.1,,61.1,59,GIA,717,INDIA,,,MINOR DETAILS OF POLISH,NO
1258555,2231777238,ROUND,0.47,E,IF,EX,EX,EX,NONE,5.06-5.08*3.03,,59.8,59,GIA,786,INDIA,,,MINOR DETAILS OF POLISH,NO
7665944,2235712115,ROUND,0.47,E,IF,EX,EX,EX,NONE,5.02-5.06*3.06,,60.7,59,GIA,740,INDIA,,,"SURFACE GRAINING, MINOR DETAILS OF POLISH",NO
1620174,6535627099,ROUND,0.47,E,IF,EX,EX,EX,NONE,5.01-5.05*3.06,,60.9,59,GIA,763,INDIA,,,MINOR DETAILS OF POLISH,NO
1531158,2547158816,ROUND,0.46,E,IF,EX,EX,EX,NONE,5.04-5.07*3.01,,59.6,58,GIA,769,INDIA,,,MINOR DETAILS OF POLISH,NO
1523921,7531833529,ROUND,0.46,E,IF,EX,EX,EX,NONE,5.02-5.04*3.05,,60.6,59,GIA,769,INDIA,,,MINOR DETAILS OF POLISH,NO
1550912,6535921883,ROUND,0.46,E,IF,EX,EX,EX,NONE,5.03-5.04*2.99,,59.3,60,GIA,755,INDIA,,,MINOR DETAILS OF POLISH,NO
1671891,2231763219,ROUND,0.46,E,IF,EX,EX,EX,NONE,4.98-5.02*3.01,,60.1,60,GIA,687,INDIA,,,MINOR DETAILS OF POLISH,NO
1550314,3535151921,ROUND,0.45,E,IF,EX,EX,EX,NONE,4.91-4.95*3.02,,61.3,61,GIA,680,INDIA,,,MINOR DETAILS OF POLISH,NO
1798606,2231749107,ROUND,0.40,E,IF,EX,EX,EX,NONE,4.74-4.77*2.91,,61.1,59,GIA,572,INDIA,,,MINOR DETAILS OF POLISH,NO
1664461,2517600335,ROUND,0.48,F,IF,EX,EX,EX,FAINT,5.07-5.09*3.09,,60.9,59,GIA,615,INDIA,,,Minor Details of Polish,NO
1803069,2231777232,ROUND,0.47,F,IF,EX,EX,EX,NONE,5.03-5.05*3.09,,61.3,58,GIA,671,INDIA,,,"SURFACE GRAINING, MINOR DETAILS OF POLISH",NO
1559917,1232621284,ROUND,0.47,F,IF,EX,EX,EX,FAINT,5.07-5.09*3.03,,59.6,59,GIA,589,INDIA,,,MINOR DETAILS OF POLISH,NO
1572011,5231771996,ROUND,0.45,F,IF,EX,EX,EX,NONE,4.98-5.02*3,,59.9,58,GIA,590,INDIA,,,"SURFACE GRAINING, MINOR DETAILS OF POLISH",NO
1733731,2231840322,ROUND,0.42,F,IF,EX,EX,EX,NONE,4.79-4.83*2.97,,61.7,59,GIA,526,INDIA,,,MINOR DETAILS OF POLISH,NO
1177247,5232840204,ROUND,0.48,G,IF,EX,EX,EX,NONE,5-5.03*3.11,,62,57,GIA,692,INDIA,,,MINOR DETAILS OF POLISH,NO
1927880,2235833795,ROUND,0.46,G,IF,EX,EX,EX,NONE,5.03-5.05*3.02,,59.9,62,GIA,575,INDIA,,,"SURFACE GRAINING, MINOR DETAILS OF POLISH",NO
1832285,3535833809,ROUND,0.46,G,IF,EX,EX,EX,NONE,5.02-5.04*3,,59.8,59,GIA,598,INDIA,,,MINOR DETAILS OF POLISH,NO
1262780,6531760871,ROUND,0.43,G,IF,EX,EX,EX,NONE,4.87-4.9*2.97,,60.7,59,GIA,454,INDIA,,,MINOR DETAILS OF POLISH,NO
1138803,6233823743,ROUND,0.40,G,IF,EX,EX,EX,NONE,4.73-4.75*2.91,,61.5,59,GIA,422,INDIA,,,MINOR DETAILS OF POLISH,NO
1499769,2231840236,ROUND,0.47,D,VVS1,EX,EX,EX,NONE,5.07-5.1*3.03,,59.6,59,GIA,973,INDIA,,,PINPOINT,NO
7246636,1543364787,ROUND,0.46,D,VVS1,EX,EX,EX,NONE,4.92-4.95*3.06,,61.9,57,GIA,671,INDIA,,,PINPOINT,NO
1917984,1232762940,ROUND,0.44,D,VVS1,EX,EX,EX,NONE,4.89-4.92*3.01,,61.4,59,GIA,614,INDIA,,,"PINPOINT, FEATHER",NO
1526300,6535444997,ROUND,0.41,D,VVS1,EX,EX,EX,NONE,4.83-4.85*2.9,,59.9,58,GIA,572,INDIA,,,PINPOINT,NO
1172139,2514720642,ROUND,0.41,D,VVS1,EX,EX,EX,NONE,4.79-4.83*2.9,,60.2,59,GIA,591,INDIA,,,Pinpoint,NO
1175495,6532624102,ROUND,0.40,D,VVS1,EX,EX,EX,NONE,4.78-4.82*2.87,,59.9,61,GIA,546,INDIA,,,PINPOINT,NO
1838376,6237772077,ROUND,0.40,D,VVS1,EX,EX,EX,NONE,4.78-4.81*2.94,,61.3,58,GIA,521,INDIA,,,"PINPOINT, FEATHER, SURFACE GRAINING",NO
1367068,6237778576,ROUND,0.40,D,VVS1,EX,EX,EX,NONE,4.79-4.82*2.83,,58.9,60,GIA,533,INDIA,,,PINPOINT,NO
1630453,1547142135,ROUND,0.49,E,VVS1,EX,EX,EX,MED,5.12-5.15*3.08,,60,59,GIA,549,INDIA,,,"PINPOINT, FEATHER",NO
1644597,2235706374,ROUND,0.46,E,VVS1,EX,EX,EX,NONE,4.98-5.01*3.04,,60.8,57,GIA,638,INDIA,,,FEATHER,NO
1616821,5533545391,ROUND,0.46,E,VVS1,EX,EX,EX,NONE,4.99-5.01*3,,59.9,60,GIA,638,INDIA,,,"PINPOINT, FEATHER",NO
1203853,6535377005,ROUND,0.45,E,VVS1,EX,EX,EX,NONE,4.95-4.98*3.01,,60.5,59,GIA,624,INDIA,,,PINPOINT,NO
1123775,6532287074,ROUND,0.45,E,VVS1,EX,EX,EX,NONE,5.01-5.04*2.94,,58.5,61,GIA,636,INDIA,,,FEATHER,NO
1429752,2233746041,ROUND,0.40,E,VVS1,EX,EX,EX,NONE,4.67-4.71*2.92,,62.4,60,GIA,521,INDIA,,,PINPOINT,NO
1355482,2235777180,ROUND,0.40,F,VVS1,EX,EX,EX,NONE,4.79-4.81*2.85,,59.3,61,GIA,469,INDIA,,,FEATHER,NO
1617044,2231772073,ROUND,0.49,G,VVS1,EX,EX,EX,NONE,5.12-5.15*3.11,,60.5,61,GIA,582,INDIA,,,"PINPOINT, FEATHER",NO
7051694,1236753135,ROUND,0.47,G,VVS1,EX,EX,EX,NONE,4.96-5*3.09,,62.2,55,GIA,521,INDIA,,,FEATHER,NO
1625442,2537792813,ROUND,0.46,I,VVS1,EX,EX,EX,FAINT,5.03-5.05*3,,59.5,60,GIA,408,INDIA,,,"PINPOINT, SURFACE GRAINING",NO
1444136,2235821118,ROUND,0.41,D,VVS2,EX,EX,EX,NONE,4.85-4.87*2.89,,59.5,58,GIA,496,INDIA,,,PINPOINT,NO
1268978,2231708061,ROUND,0.40,D,VVS2,EX,EX,EX,NONE,4.69-4.73*2.9,,61.6,61,GIA,452,INDIA,,,"CLOUD, PINPOINT",NO
1477433,6541158980,ROUND,0.40,D,VVS2,EX,EX,EX,NONE,4.76-4.79*2.9,,60.7,60,GIA,478,INDIA,,,"FEATHER, CLOUD",NO
1541780,1549142617,ROUND,0.40,D,VVS2,EX,EX,EX,NONE,4.71-4.75*2.93,,61.9,59,GIA,462,INDIA,,,"CLOUD, NEEDLE, PINPOINT",NO
1677495,6542432169,ROUND,0.40,E,VVS2,EX,EX,EX,NONE,4.79-4.81*2.83,,58.9,60,GIA,409,INDIA,,,"PINPOINT, SURFACE GRAINING",NO
1147951,6237817773,ROUND,0.40,E,VVS2,EX,EX,EX,NONE,4.81-4.83*2.82,,58.5,60,GIA,434,INDIA,,,FEATHER,NO
1959602,2536984508,ROUND,0.47,F,VVS2,EX,EX,EX,FAINT,5.05-5.07*3.03,,59.7,59,GIA,509,INDIA,,,"PINPOINT, CLOUD",NO
1619504,1232729639,ROUND,0.49,G,VVS2,EX,EX,EX,NONE,5.06-5.08*3.15,,62.2,58,GIA,527,INDIA,,,"NEEDLE, PINPOINT, FEATHER, CLOUD",NO
1776971,2544142197,ROUND,0.40,F,VS1,EX,EX,EX,NONE,4.72-4.76*2.9,,61.2,59,GIA,404,INDIA,,,"FEATHER, PINPOINT",NO
1166162,5232770367,ROUND,0.44,D,VS2,EX,EX,EX,NONE,4.82-4.85*3.04,,62.8,58,GIA,429,INDIA,,,"CRYSTAL, FEATHER",NO
1421030,1543142247,ROUND,0.45,F,VS2,EX,EX,EX,FAINT,4.96-4.98*3.01,,60.5,58,GIA,417,INDIA,,,FEATHER,NO
1972148,5231818930,ROUND,0.39,D,IF,EX,EX,EX,NONE,4.7-4.73*2.91,,61.6,60,GIA,636,INDIA,,,MINOR DETAILS OF POLISH,NO
1352916,2235667208,ROUND,0.39,D,IF,EX,EX,EX,NONE,4.75-4.77*2.85,,59.9,60,GIA,636,INDIA,,,MINOR DETAILS OF POLISH,NO
1834617,5231833783,ROUND,0.38,D,IF,EX,EX,EX,NONE,4.7-4.73*2.83,,60,58,GIA,614,INDIA,,,MINOR DETAILS OF POLISH,NO
1534484,5231821131,ROUND,0.37,D,IF,EX,EX,EX,NONE,4.67-4.7*2.79,,59.6,59,GIA,617,INDIA,,,MINOR DETAILS OF POLISH,NO
1105608,2235818689,ROUND,0.37,E,IF,EX,EX,EX,NONE,4.61-4.65*2.82,,61,59,GIA,485,INDIA,,,MINOR DETAILS OF POLISH,NO
1135984,6515904148,ROUND,0.36,E,IF,EX,EX,EX,NONE,4.55-4.57*2.79,,61.2,61,GIA,461,INDIA,,,Minor Details of Polish,NO
1193529,2233642844,ROUND,0.36,E,IF,EX,EX,EX,NONE,4.66-4.69*2.8,,60,60,GIA,461,INDIA,,,MINOR DETAILS OF POLISH,NO
1881725,2546145784,ROUND,0.36,E,IF,EX,EX,EX,NONE,4.65-4.69*2.81,,60.2,58,GIA,461,INDIA,,,MINOR DETAILS OF POLISH,NO
1533442,1535445000,ROUND,0.33,E,IF,EX,EX,EX,NONE,4.51-4.54*2.71,,59.8,57,GIA,423,INDIA,,,MINOR DETAILS OF POLISH,NO
1370881,7532008780,ROUND,0.30,E,IF,EX,EX,EX,NONE,4.27-4.31*2.65,,61.7,61,GIA,358,INDIA,,,MINOR DETAILS OF POLISH,NO
1838954,6531405845,ROUND,0.30,E,IF,EX,EX,EX,NONE,4.34-4.37*2.61,,59.9,61,GIA,358,INDIA,,,MINOR DETAILS OF POLISH,NO
1661106,5232729648,ROUND,0.30,E,IF,EX,EX,EX,NONE,4.34-4.35*2.57,,59,61,GIA,358,INDIA,,,MINOR DETAILS OF POLISH,NO
1563281,7533453953,ROUND,0.30,E,IF,EX,EX,EX,NONE,4.34-4.36*2.65,,61,58,GIA,367,INDIA,,,MINOR DETAILS OF POLISH,NO
1548317,5232706296,ROUND,0.30,E,IF,EX,EX,EX,NONE,4.29-4.33*2.66,,61.7,58,GIA,367,INDIA,,,MINOR DETAILS OF POLISH,NO
1294488,1533179174,ROUND,0.30,E,IF,EX,EX,EX,NONE,4.36-4.38*2.6,,59.5,61,GIA,358,INDIA,,,MINOR DETAILS OF POLISH,NO
1620801,2235746097,ROUND,0.30,E,IF,EX,EX,EX,NONE,4.38-4.42*2.59,,58.8,61,GIA,358,INDIA,,,MINOR DETAILS OF POLISH,NO
1699147,1236833787,ROUND,0.30,E,IF,EX,EX,EX,NONE,4.31-4.34*2.65,,61.2,59,GIA,371,INDIA,,,MINOR DETAILS OF POLISH,NO
1692278,5231631283,ROUND,0.38,F,IF,EX,EX,EX,NONE,4.61-4.63*2.9,,62.7,57,GIA,440,INDIA,,,MINOR DETAILS OF POLISH,NO
1526841,1236714082,ROUND,0.38,F,IF,EX,EX,EX,NONE,4.69-4.71*2.85,,60.6,58,GIA,440,INDIA,,,MINOR DETAILS OF POLISH,NO
1452112,5232777215,ROUND,0.38,F,IF,EX,EX,EX,NONE,4.63-4.65*2.83,,60.9,58,GIA,421,INDIA,,,"SURFACE GRAINING, MINOR DETAILS OF POLISH",NO
1238221,6233688088,ROUND,0.37,F,IF,EX,EX,EX,NONE,4.63-4.65*2.84,,61.3,58,GIA,429,INDIA,,,MINOR DETAILS OF POLISH,NO
1785538,6522750896,ROUND,0.36,F,IF,EX,EX,EX,NONE,4.62-4.65*2.74,,59.2,60,GIA,408,INDIA,,,MINOR DETAILS OF POLISH,NO
1743323,1528371427,ROUND,0.35,F,IF,EX,EX,EX,NONE,4.56-4.59*2.72,,59.6,60,GIA,401,INDIA,,,MINOR DETAILS OF POLISH,NO
1368231,2235688102,ROUND,0.33,F,IF,EX,EX,EX,NONE,4.5-4.54*2.73,,60.4,59,GIA,378,INDIA,,,MINOR DETAILS OF POLISH,NO
1126483,7508867443,ROUND,0.37,G,IF,EX,EX,EX,FAINT,4.63-4.66*2.84,,61.2,60,GIA,348,INDIA,,,Minor Details of Polish,NO
1922152,2547432217,ROUND,0.36,G,IF,EX,EX,EX,NONE,4.62-4.65*2.78,,60,59,GIA,367,INDIA,,,MINOR DETAILS OF POLISH,NO
1305553,2235763257,ROUND,0.34,G,IF,EX,EX,EX,NONE,4.51-4.54*2.76,,60.9,60,GIA,342,INDIA,,,MINOR DETAILS OF POLISH,NO
1820482,5232763180,ROUND,0.33,G,IF,EX,EX,EX,NONE,4.47-4.51*2.69,,59.9,59,GIA,321,INDIA,,,MINOR DETAILS OF POLISH,NO
1805487,1538792800,ROUND,0.32,G,IF,EX,EX,EX,NONE,4.46-4.48*2.69,,60.3,58,GIA,306,INDIA,,,MINOR DETAILS OF POLISH,NO
1825115,6233718989,ROUND,0.31,G,IF,EX,EX,EX,NONE,4.41-4.42*2.63,,59.6,58,GIA,298,INDIA,,,MINOR DETAILS OF POLISH,NO
1851051,1508868457,ROUND,0.36,H,IF,EX,EX,EX,FAINT,4.62-4.64*2.78,,60.1,58,GIA,325,INDIA,,,Minor Details of Polish,NO
1851359,2235688078,ROUND,0.36,H,IF,EX,EX,EX,NONE,4.57-4.59*2.77,,60.4,59,GIA,332,INDIA,,,MINOR DETAILS OF POLISH,NO
1226495,6535180339,ROUND,0.35,H,IF,EX,EX,EX,NONE,4.54-4.57*2.81,,61.6,59,GIA,324,INDIA,,,MINOR DETAILS OF POLISH,NO
1235764,6515992138,ROUND,0.33,H,IF,EX,EX,EX,NONE,4.43-4.47*2.71,,60.9,60,GIA,288,INDIA,,,Minor Details of Polish,NO
1318179,2235763029,ROUND,0.30,H,IF,EX,EX,EX,NONE,4.29-4.31*2.64,,61.4,61,GIA,262,INDIA,,,MINOR DETAILS OF POLISH,NO
1881503,2231746105,ROUND,0.30,H,IF,EX,EX,EX,NONE,4.31-4.35*2.59,,59.8,62,GIA,262,INDIA,,,MINOR DETAILS OF POLISH,NO
1108545,5543297584,ROUND,0.32,D,VVS1,EX,EX,EX,NONE,4.39-4.43*2.69,,61,58,GIA,383,INDIA,,,PINPOINT,NO
1954524,2231746162,ROUND,0.30,D,VVS1,EX,EX,EX,NONE,4.33-4.36*2.59,,59.7,60,GIA,363,INDIA,,,PINPOINT,NO
1480780,2235821161,ROUND,0.30,D,VVS1,EX,EX,EX,NONE,4.35-4.36*2.64,,60.6,57,GIA,363,INDIA,,,PINPOINT,NO
1296006,6511091654,ROUND,0.39,E,VVS1,EX,EX,EX,NONE,4.75-4.76*2.81,,59.1,62,GIA,461,INDIA,,,Pinpoint,NO
1582421,5232844800,ROUND,0.39,E,VVS1,EX,EX,EX,NONE,4.71-4.74*2.86,,60.6,59,GIA,461,INDIA,,,PINPOINT,NO
1733490,5232805264,ROUND,0.38,E,VVS1,EX,EX,EX,NONE,4.67-4.7*2.82,,60.1,59,GIA,412,INDIA,,,"PINPOINT, INTERNAL GRAINING",NO
1176758,1528588687,ROUND,0.38,E,VVS1,EX,EX,EX,NONE,4.68-4.72*2.87,,61.1,58,GIA,440,INDIA,,,"CLOUD, PINPOINT",NO
1503753,2231840256,ROUND,0.37,E,VVS1,EX,EX,EX,NONE,4.62-4.64*2.82,,60.9,59,GIA,465,INDIA,,,"PINPOINT, CLOUD",NO
1621042,1537545681,ROUND,0.34,E,VVS1,EX,EX,EX,NONE,4.54-4.57*2.76,,63.1,58,GIA,406,INDIA,,,PINPOINT,NO
4870,5516934117,ROUND,0.32,E,VVS1,EX,EX,EX,NONE,4.38-4.41*2.75,,62.6,54,GIA,371,HONG KONG,,,Pinpoint,NO
1651066,2547423574,ROUND,0.30,E,VVS1,EX,EX,EX,MED,4.36-4.38*2.62,,60,58,GIA,291,INDIA,,,CLOUD,NO
1454122,2536112693,ROUND,0.30,E,VVS1,EX,EX,EX,NONE,4.26-4.3*2.66,,62.1,59,GIA,340,INDIA,,,PINPOINT,NO
1957111,5231833823,ROUND,0.30,E,VVS1,EX,EX,EX,NONE,4.32-4.36*2.57,,59.3,61,GIA,340,INDIA,,,PINPOINT,NO
1617900,2547381186,ROUND,0.38,F,VVS1,EX,EX,EX,NONE,4.66-4.69*2.86,,61.1,58,GIA,417,INDIA,,,PINPOINT,NO
1286879,7542158995,ROUND,0.37,F,VVS1,EX,EX,EX,NONE,4.6-4.63*2.86,,62.1,57,GIA,398,INDIA,,,"PINPOINT, CLOUD",NO
1306523,6522998492,ROUND,0.37,F,VVS1,EX,EX,EX,NONE,4.66-4.67*2.81,,60.3,59,GIA,406,INDIA,,,PINPOINT,NO
1934964,1538388029,ROUND,0.37,F,VVS1,EX,EX,EX,NONE,4.67-4.69*2.79,,59.7,58,GIA,406,INDIA,,,PINPOINT,NO
1950703,2231844785,ROUND,0.36,F,VVS1,EX,EX,EX,NONE,4.62-4.64*2.84,,61.3,58,GIA,387,INDIA,,,NEEDLE,NO
1604054,1236829166,ROUND,0.33,F,VVS1,EX,EX,EX,NONE,4.49-4.51*2.72,,60.5,59,GIA,340,INDIA,,,FEATHER,NO
1399632,2233833764,ROUND,0.30,F,VVS1,EX,EX,EX,NONE,4.3-4.33*2.63,,60.9,61,GIA,329,INDIA,,,FEATHER,NO
1469253,6522778137,ROUND,0.38,G,VVS1,EX,EX,EX,NONE,4.66-4.68*2.88,,61.6,58,GIA,348,INDIA,,,PINPOINT,NO
1674399,2231631350,ROUND,0.38,G,VVS1,EX,EX,EX,NONE,4.73-4.75*2.84,,59.9,57,GIA,348,INDIA,,,PINPOINT,NO
1303547,2537156087,ROUND,0.36,G,VVS1,EX,EX,EX,NONE,4.64-4.66*2.75,,59.2,58,GIA,332,INDIA,,,FEATHER,NO
1512239,5232667253,ROUND,0.35,G,VVS1,EX,EX,EX,NONE,4.57-4.59*2.79,,60.8,59,GIA,330,INDIA,,,"PINPOINT, FEATHER",NO
1525081,6532498182,ROUND,0.35,G,VVS1,EX,EX,EX,NONE,4.57-4.59*2.74,,59.9,59,GIA,330,INDIA,,,PINPOINT,NO
1905269,7536403088,ROUND,0.35,G,VVS1,EX,EX,EX,NONE,4.51-4.55*2.8,,61.7,58,GIA,337,INDIA,,,FEATHER,NO
1782916,2235631231,ROUND,0.34,G,VVS1,EX,EX,EX,NONE,4.51-4.53*2.74,,60.6,59,GIA,322,INDIA,,,"PINPOINT, FEATHER",NO
1316394,5232691884,ROUND,0.34,G,VVS1,EX,EX,EX,NONE,4.55-4.58*2.72,,59.6,59,GIA,310,INDIA,,,"PINPOINT, INTERNAL GRAINING",NO
1734904,5232827894,ROUND,0.33,G,VVS1,EX,EX,EX,NONE,4.52-4.55*2.69,,59.3,58,GIA,323,INDIA,,,FEATHER,NO
1454486,2235667248,ROUND,0.30,H,VVS1,EX,EX,EX,NONE,4.31-4.34*2.63,,60.8,59,GIA,261,INDIA,,,PINPOINT,NO
1402476,2235772014,ROUND,0.38,D,VVS2,EX,EX,EX,NONE,4.65-4.69*2.84,,60.8,58,GIA,411,INDIA,,,"NEEDLE, PINPOINT",NO
1787026,3545337256,ROUND,0.30,D,VVS2,EX,EX,EX,NONE,4.35-4.38*2.65,,60.8,56,GIA,334,INDIA,,,"CLOUD, PINPOINT",NO
1444788,2231691843,ROUND,0.36,F,VVS2,EX,EX,EX,NONE,4.62-4.63*2.81,,60.7,58,GIA,348,INDIA,,,"PINPOINT, FEATHER, CLOUD",NO
1148426,6237729683,ROUND,0.35,F,VVS2,EX,EX,EX,NONE,4.58-4.61*2.75,,59.8,58,GIA,334,INDIA,,,"CLOUD, PINPOINT",NO
1473657,1236851497,ROUND,0.33,F,VVS2,EX,EX,EX,NONE,4.49-4.51*2.76,,61.3,58,GIA,311,INDIA,,,"CLOUD, PINPOINT",NO
1290184,7542159035,ROUND,0.39,G,VVS2,EX,EX,EX,NONE,4.69-4.71*2.9,,61.6,59,GIA,350,INDIA,,,"FEATHER, CLOUD, PINPOINT",NO
1790935,2536811689,ROUND,0.35,G,VVS2,EX,EX,EX,NONE,4.58-4.6*2.72,,59.3,60,GIA,302,INDIA,,,"CLOUD, PINPOINT",NO
1541072,1539792934,ROUND,0.33,G,VVS2,EX,EX,EX,NONE,4.5-4.52*2.72,,60.3,59,GIA,298,INDIA,,,PINPOINT,NO
1524642,1549432216,ROUND,0.30,D,VS1,EX,EX,EX,NONE,4.37-4.39*2.59,,59,61,GIA,326,INDIA,,,FEATHER,NO
1317348,6531792885,ROUND,0.30,D,VS1,EX,EX,EX,NONE,4.25-4.28*2.62,,61.4,59,GIA,326,INDIA,,,FEATHER,NO
1508304,5232821133,ROUND,0.30,E,VS1,EX,EX,EX,NONE,4.34-4.37*2.62,,60.2,61,GIA,300,INDIA,,,"FEATHER, PINPOINT",NO
1612661,5231840324,ROUND,0.30,F,VS1,EX,EX,EX,NONE,4.26-4.28*2.65,,62.2,61,GIA,276,INDIA,,,"CLOUD, CRYSTAL",NO
1197726,2231833696,ROUND,0.30,F,VS1,EX,EX,EX,NONE,4.32-4.35*2.61,,60.3,59,GIA,290,INDIA,,,"FEATHER, PINPOINT",NO
1759829,2537749697,ROUND,0.38,G,VS1,EX,EX,EX,NONE,4.75-4.77*2.81,,59.1,59,GIA,341,INDIA,,,"CRYSTAL, CLOUD, NEEDLE, PINPOINT",NO
1164675,5232751696,ROUND,0.34,G,VS1,EX,EX,EX,NONE,4.53-4.56*2.73,,60,58,GIA,302,INDIA,,,"CLOUD, PINPOINT, NEEDLE",NO
1645361,2233802847,ROUND,0.30,H,VS1,EX,EX,EX,NONE,4.29-4.32*2.63,,61.2,58,GIA,256,INDIA,,,"FEATHER, PINPOINT",NO
1403166,6541432220,ROUND,0.37,D,VS2,EX,EX,EX,FAINT,4.6-4.63*2.85,,61.8,56,GIA,349,INDIA,,,CLOUD,NO
1477041,2235833771,ROUND,0.36,D,VS2,EX,EX,EX,NONE,4.6-4.63*2.83,,61.3,60,GIA,360,INDIA,,,"FEATHER, CRYSTAL",NO
1808412,1236770372,ROUND,0.32,E,VS2,EX,EX,EX,NONE,4.44-4.46*2.71,,61,58,GIA,301,INDIA,,,FEATHER,NO
1756879,6542381031,ROUND,0.36,F,VS2,EX,EX,EX,NONE,4.6-4.62*2.78,,60.3,59,GIA,315,INDIA,,,CLOUD,NO
4840,5453447384,ROUND,0.37,G,VS2,EX,EX,EX,NONE,4.62-4.66*2.82,,60.6,61,GIA,288,HONG KONG,,,"Crystal, Cloud",NO
4705,3445145347,ROUND,0.33,H,VS2,EX,EX,EX,NONE,4.43-4.46*2.77,,62.4,56,GIA,252,HONG KONG,,,"Cloud, Feather",NO
1920244,7523823869,ROUND,0.24,E,IF,EX,EX,EX,FAINT,4.04-4.05*2.42,,59.8,60,GIA,289,INDIA,,,MINOR DETAILS OF POLISH,NO
1464832,1549031529,ROUND,0.24,E,IF,EX,EX,EX,NONE,4.04-4.06*2.42,,59.8,59,GIA,318,INDIA,,,"SURFACE GRAINING, MINOR DETAILS OF POLISH",NO
1632747,1523967918,ROUND,0.23,E,IF,EX,EX,EX,NONE,4.02-4.04*2.41,,59.9,58,GIA,312,INDIA,,,MINOR DETAILS OF POLISH,NO
1372206,7516145553,ROUND,0.28,F,IF,EX,EX,EX,FAINT,4.21-4.23*2.58,,61.2,57,GIA,302,INDIA,,,Minor Details of Polish,NO
1777977,1539041245,ROUND,0.24,F,IF,EX,EX,EX,NONE,4.02-4.06*2.43,,60.3,59,GIA,272,INDIA,,,MINOR DETAILS OF POLISH,NO
1282300,3535928988,ROUND,0.28,D,VVS1,EX,EX,EX,NONE,4.26-4.28*2.56,,60,60,GIA,360,INDIA,,,FEATHER,NO
1753057,6542031419,ROUND,0.26,D,VVS1,EX,EX,EX,NONE,4.15-4.17*2.5,,60.1,57,GIA,341,INDIA,,,FEATHER,NO
1338955,1533041292,ROUND,0.24,D,VVS1,EX,EX,EX,NONE,4.02-4.04*2.47,,61.2,59,GIA,318,INDIA,,,FEATHER,NO
1135232,6515936714,ROUND,0.24,E,VVS1,EX,EX,EX,NONE,4.01-4.04*2.46,,61.1,61,GIA,295,INDIA,,,Pinpoint,NO
1181141,1549031507,ROUND,0.23,E,VVS1,EX,EX,EX,NONE,4.02-4.04*2.41,,59.7,57,GIA,289,INDIA,,,"PINPOINT, SURFACE GRAINING",NO
1154931,6535928968,ROUND,0.28,F,VVS1,EX,EX,EX,NONE,4.27-4.3*2.52,,58.8,61,GIA,293,INDIA,,,FEATHER,NO
1424442,3545181865,ROUND,0.24,F,VVS1,EX,EX,EX,NONE,4.04-4.06*2.49,,61.4,55,GIA,274,INDIA,,,PINPOINT,NO
1651155,6545181876,ROUND,0.23,F,VVS1,EX,EX,EX,NONE,4.01-4.04*2.41,,59.9,57,GIA,269,INDIA,,,FEATHER,NO
1269723,2548031491,ROUND,0.24,D,VVS2,EX,EX,EX,NONE,4.02-4.05*2.46,,60.9,57,GIA,270,INDIA,,,"FEATHER, INTERNAL GRAINING",NO
1413047,1545181906,ROUND,0.24,E,VVS2,EX,EX,EX,NONE,4.04-4.07*2.47,,60.9,56,GIA,265,INDIA,,,"PINPOINT, CLOUD",NO
1486001,3545181964,ROUND,0.26,D,VS1,EX,EX,EX,NONE,4.08-4.11*2.52,,61.5,59,GIA,297,INDIA,,,"FEATHER, PINPOINT",NO
1828337,1543031453,ROUND,0.24,E,VS1,EX,EX,EX,NONE,4.01-4.03*2.48,,61.7,57,GIA,247,INDIA,,,CLOUD,NO
1827331,1543031416,ROUND,0.24,E,VS1,EX,EX,EX,NONE,4.05-4.08*2.48,,60.9,57,GIA,247,INDIA,,,"CLOUD, PINPOINT",NO
1595291,6485220244,ROUND,0.29,G,VS1,EX,EX,EX,NONE,4.2-4.23*2.63,,62.5,60,GIA,273,INDIA,,,"Feather, Needle",NO
1485002,7461582915,ROUND,0.28,I,VS1,EX,EX,EX,NONE,4.2-4.24*2.58,,61.2,59,GIA,226,INDIA,,,"Feather, Needle, Pinpoint",NO
1351012,3525508475,ROUND,0.21,D,IF,EX,EX,EX,NONE,3.88-3.91*2.35,,60.4,59,GIA,317,INDIA,,,MINOR DETAILS OF POLISH,NO
1799881,1525097425,ROUND,0.18,E,IF,EX,EX,EX,NONE,3.63-3.65*2.22,,60.9,60,GIA,225,INDIA,,,Minor Details of Polish,NO
1311839,7528097409,ROUND,0.20,F,IF,EX,EX,EX,NONE,3.77-3.79*2.31,,60.9,61,GIA,223,INDIA,,,Minor Details of Polish,NO
1450127,6535478705,ROUND,0.19,D,VVS1,EX,EX,EX,NONE,3.75-3.78*2.25,,59.9,59,GIA,235,INDIA,,,PINPOINT,NO
1329226,6535345194,ROUND,0.22,E,VVS1,EX,EX,EX,NONE,3.89-3.91*2.4,,61.6,58,GIA,264,INDIA,,,FEATHER,NO
1310176,2527725884,ROUND,0.19,G,VVS1,EX,EX,EX,NONE,3.69-3.7*2.31,,62.5,57,GIA,185,INDIA,,,FEATHER,NO
1615612,5513617660,ROUND,0.21,D,VVS2,EX,EX,EX,FAINT,3.84-3.87*2.38,,61.8,57,GIA,220,INDIA,,,"Pinpoint, Cloud",NO
1666719,6512055304,ROUND,0.20,D,VVS2,EX,EX,EX,FAINT,3.78-3.81*2.29,,60.3,60,GIA,222,INDIA,,,"Cloud, Pinpoint",NO
1723195,7488344108,ROUND,0.19,E,VVS2,EX,EX,EX,NONE,3.73-3.75*2.24,,59.8,60,GIA,206,INDIA,,,"Needle, Pinpoint",NO
2235262917,2235262917,PEAR,5.03,D,VVS1,,EX,EX,STG,15.55*9.32*5.76,,61.8,62,GIA,143093,INDIA,,,Pinpoint,NO
1669955,2235478450,PEAR,7.09,D,FL,,EX,EX,NONE,16.59*10.77*6.75,,62.6,58,GIA,393070,HONG KONG,,,,NO
7148327,6542284953,PEAR,9.21,W-X,IF,,EX,EX,NONE,16.94*10.89*6.86,,63,59,GIA,95931,HONG KONG,,,,NO
1505248,2235705988,PEAR,4.01,N,IF,,EX,EX,MED,14.45*8.77*5.18,,59.1,55,GIA,17462,INDIA,,,,NO
7810882,6531804117,PEAR,4.01,E,VS1,,EX,EX,FAINT,14.02*8.66*5.48,,63.3,60,GIA,79326,HONG KONG,,,"CRYSTAL, PINPOINT, CLOUD",NO
1285965,7536525967,PEAR,3.51,W-X,VVS1,,VG,VG,FAINT,11.53*7.68*5.37,,70,59,GIA,11007,INDIA,,,FEATHER,NO
7459400,2547320607,PEAR,3.02,D,VS2,,EX,EX,NONE,12.49*7.8*4.84,,62.1,57,GIA,49772,HONG KONG,,,"CRYSTAL, FEATHER, NEEDLE",NO
1157522,6532364269,PEAR,2.02,N,IF,,EX,EX,STG,11.05*7*4.5,,64.4,60,GIA,4072,INDIA,,,,NO
1296790,7235201294,PEAR,2.03,O-P,VVS1,,EX,VG,MED,10.15*6.15*4.29,,69.7,61,GIA,4584,INDIA,,,Feather,NO
7823941,5543320530,PEAR,2.01,J,VVS2,,EX,EX,FAINT,10.84*6.9*4.42,,64,59,GIA,12637,HONG KONG,,,"FEATHER, PINPOINT",NO
1570304,5231130238,PEAR,2.00,S-T,VVS2,,EX,GD,NONE,9.56*6.37*4.33,,68,67,GIA,4480,INDIA,,,"Cloud, Pinpoint",NO
1520542,5231801298,PEAR,2.51,D,VS1,,EX,EX,NONE,11.38*7.47*4.83,,64.6,58,GIA,33699,INDIA,,,CRYSTAL,NO
1351289,1232840153,PEAR,2.01,G,VS2,,EX,EX,FAINT,11.03*6.9*4.44,,64.4,59,GIA,17267,INDIA,,,"FEATHER, CRYSTAL, NEEDLE",NO
1898650,2233820967,PEAR,1.70,F,IF,,EX,EX,NONE,10.42*6.73*4,,59.5,58,GIA,17002,INDIA,,,,NO
1321742,2235828920,PEAR,1.80,D,VVS1,,EX,EX,FAINT,10.45*6.88*4.18,,60.8,60,GIA,16579,INDIA,,,NEEDLE,NO
1123303,6541423856,PEAR,1.70,I,VS2,,EX,EX,NONE,10.98*6.67*3.95,,59.2,62,GIA,8876,INDIA,,,"FEATHER, NEEDLE",NO
1260845,2537911056,PEAR,1.52,Y-Z,IF,,EX,VG,NONE,8.93*5.82*3.98,,68.3,61,GIA,2468,INDIA,,,,NO
3896357,5543235740,PEAR,1.50,E,VVS1,,EX,EX,NONE,9.83*6.39*3.9,,61.1,55,GIA,13103,HONG KONG,,,"PINPOINT, FEATHER",NO
1350619,5231674570,PEAR,1.51,D,VVS2,,EX,EX,NONE,10.15*6.07*3.99,,65.7,61,GIA,11204,INDIA,,,PINPOINT,NO
1912795,1232751212,PEAR,1.50,L,VVS2,,EX,EX,STG,9.8*6.54*3.68,,56.3,63,GIA,2580,INDIA,,,"FEATHER, PINPOINT, INDENTED NATURAL",NO
1664747,1533810716,PEAR,1.50,Y-Z,VVS2,,VG,EX,FAINT,8.59*5.73*4.01,,70,53,GIA,2268,INDIA,,,CLOUD,NO
7717835,2534548634,PEAR,1.52,U-V,VS1,,EX,VG,NONE,9.61*5.79*3.68,,63.6,59,GIA,2128,INDIA,,,"CRYSTAL, CLOUD, FEATHER, PINPOINT, NEEDLE, NATURAL",NO
1840404,6545178980,PEAR,1.21,L,IF,,EX,EX,MED,9.03*5.92*3.79,,64.1,60,GIA,2004,INDIA,,,,NO
7024595,1543235637,PEAR,1.20,F,VVS1,,EX,EX,NONE,9.74*5.8*3.39,,58.4,60,GIA,6580,HONG KONG,,,FEATHER,NO
1485850,6531976900,PEAR,1.30,S-T,VVS1,,EX,VG,FAINT,8.73*5.48*3.76,,68.7,60,GIA,1747,INDIA,,,FEATHER,NO
1702481,6531548364,PEAR,1.29,S-T,VVS1,,VG,VG,FAINT,9.77*5.73*3.34,,58.3,67,GIA,1734,INDIA,,,"FEATHER, CAVITY",NO
1966913,2547019087,PEAR,1.31,W-X,VVS1,,EX,EX,FAINT,8.69*5.61*3.75,,66.9,54,GIA,1687,INDIA,,,FEATHER,NO
3355832,1549235677,PEAR,1.20,D,VVS2,,EX,EX,NONE,8.84*5.82*3.76,,64.6,60,GIA,7038,HONG KONG,,,NEEDLE,NO
7680728,1548320049,PEAR,1.21,I,VVS2,,EX,EX,NONE,9.12*5.92*3.68,,62.1,57,GIA,4286,HONG KONG,,,PINPOINT,NO
7279842,2547235633,PEAR,1.20,J,VVS2,,EX,EX,FAINT,9.37*6.11*3.41,,55.9,65,GIA,2995,HONG KONG,,,FEATHER,NO
1451939,2231811262,PEAR,1.21,D,VS1,,EX,EX,MED,9.37*6.04*3.56,,59,61,GIA,4903,INDIA,,,"CRYSTAL, FEATHER, NEEDLE",NO
1124808,1232832038,PEAR,1.30,H,VS1,,EX,EX,NONE,9.83*5.9*3.84,,65.1,60,GIA,5311,INDIA,,,"CRYSTAL, CLOUD, FEATHER, NEEDLE",NO
7933051,6542320069,PEAR,1.22,H,VS1,,EX,EX,NONE,9.43*6.09*3.43,,56.4,61,GIA,4733,HONG KONG,,,"CRYSTAL, NEEDLE",NO
1110224,5231804462,PEAR,1.21,I,VS1,,EX,EX,STG,9.97*6.04*3.27,,54.1,62,GIA,2907,INDIA,,,"CRYSTAL, FEATHER",NO
1773455,2233833930,PEAR,1.40,I,VS2,,EX,EX,NONE,9.94*6.4*3.66,,57.2,60,GIA,5512,INDIA,,,"CRYSTAL, CLOUD, NEEDLE",NO
1709230,1535529199,PEAR,1.26,W-X,VS2,,EX,EX,NONE,8.31*5.54*3.71,,67,58,GIA,1552,INDIA,,,"CRYSTAL, FEATHER, NEEDLE",NO
1729090,5232773695,PEAR,1.00,E,IF,,EX,EX,NONE,8.41*5.53*3.53,,63.8,58,GIA,4996,INDIA,,,,NO
1781815,2233751185,PEAR,1.02,G,IF,,EX,EX,NONE,8.87*5.64*3.33,,59.1,57,GIA,4298,INDIA,,,,NO
3874618,7541235782,PEAR,1.02,G,IF,,EX,EX,NONE,8.62*5.6*3.51,,62.7,59,GIA,4441,HONG KONG,,,,NO
3854500,7548122112,PEAR,1.01,H,IF,,EX,EX,FAINT,8.39*5.54*3.6,,65,54,GIA,3370,HONG KONG,,,,NO
1796187,2537810798,PEAR,1.11,Y-Z,IF,,VG,VG,NONE,8.55*5.35*3.44,,64.2,62,GIA,1678,INDIA,,,,NO
7538254,1549235777,PEAR,1.01,D,VVS1,,EX,EX,NONE,8.44*5.55*3.57,,64.3,63,GIA,5556,HONG KONG,,,"PINPOINT, FEATHER",NO
1843414,2546166838,PEAR,1.00,D,VVS1,,EX,EX,NONE,8.8*5.46*3.47,,63.6,56,GIA,5318,INDIA,,,FEATHER,NO
1909393,5232834203,PEAR,1.01,F,VVS1,,EX,EX,FAINT,8.84*5.56*3.18,,57.2,62,GIA,4423,INDIA,,,FEATHER,NO
1321301,2231794664,PEAR,1.01,G,VVS1,,EX,EX,FAINT,8.44*5.53*3.59,,65,58,GIA,3682,INDIA,,,FEATHER,NO
7866972,3545319905,PEAR,1.02,D,VVS2,,EX,EX,FAINT,8.78*5.61*3.46,,61.7,62,GIA,4801,HONG KONG,,,"NEEDLE, PINPOINT",NO
1719541,7531747149,PEAR,1.01,D,VVS2,,EX,EX,NONE,8.64*5.58*3.53,,63.2,60,GIA,5132,INDIA,,,"NEEDLE, PINPOINT",NO
7756591,6541029806,PEAR,1.02,E,VVS2,,EX,EX,NONE,8.79*5.71*3.34,,58.5,59,GIA,4848,HONG KONG,,,"PINPOINT, FEATHER",NO
1668402,2231834172,PEAR,1.01,E,VVS2,,EX,EX,NONE,8.99*5.64*3.35,,59.4,59,GIA,4629,INDIA,,,FEATHER,NO
1908497,2233799485,PEAR,1.00,E,VVS2,,EX,EX,NONE,8.51*5.6*3.55,,63.5,57,GIA,4413,INDIA,,,"NEEDLE, PINPOINT",NO
3764221,6535927507,PEAR,1.07,G,VVS2,,EX,EX,NONE,8.69*5.71*3.63,,63.5,59,GIA,4157,HONG KONG,,,"CLOUD, NEEDLE, PINPOINT",NO
1800864,6233823637,PEAR,1.02,H,VVS2,,EX,VG,NONE,8.6*5.58*3.55,,63.5,59,GIA,3336,INDIA,,,"PINPOINT, NEEDLE",NO
1903624,6535438415,PEAR,1.00,H,VVS2,,VG,EX,FAINT,8.66*5.6*3.34,,59.7,55,GIA,2634,INDIA,,,"CLOUD, PINPOINT",NO
1525101,2235799490,PEAR,1.01,I,VVS2,,EX,EX,FAINT,8.6*5.44*3.54,,64.9,55,GIA,2542,INDIA,,,"NEEDLE, PINPOINT, FEATHER",NO
3230757,5536927644,PEAR,1.01,J,VVS2,,EX,EX,FAINT,8.65*5.67*3.35,,59.1,59,GIA,2232,HONG KONG,,,PINPOINT,NO
1623370,1535811047,PEAR,1.03,U-V,VVS2,,EX,EX,NONE,8.44*5.32*3.15,,59.3,61,GIA,1269,INDIA,,,"NEEDLE, PINPOINT, FEATHER, CLOUD",NO
3784235,5543122142,PEAR,1.01,F,VS1,,EX,EX,NONE,8.68*5.61*3.36,,59.8,60,GIA,4212,HONG KONG,,,"CLOUD, CRYSTAL, NEEDLE",NO
1344845,2235823653,PEAR,1.00,F,VS1,,EX,EX,NONE,8.59*5.53*3.39,,61.4,54,GIA,4190,INDIA,,,"CRYSTAL, FEATHER, PINPOINT",NO
1348886,6237801324,PEAR,1.11,G,VS1,,EX,EX,MED,8.99*5.71*3.56,,62.3,58,GIA,2887,INDIA,,,"FEATHER, PINPOINT",NO
1668381,7548155116,PEAR,1.04,G,VS1,,EX,EX,MED,9.02*5.69*3.37,,59.3,60,GIA,2830,INDIA,,,"CRYSTAL, FEATHER, NEEDLE",NO
1312582,2233827884,PEAR,1.01,I,VS1,,EX,EX,FAINT,8.8*5.57*3.42,,61.4,58,GIA,2585,INDIA,,,"NEEDLE, CRYSTAL",NO
1400501,6532750596,PEAR,1.00,I,VS1,,EX,EX,MED,8.62*5.43*3.44,,63.3,57,GIA,2031,INDIA,,,"CRYSTAL, PINPOINT",NO
1623236,3525808581,PEAR,1.02,W-X,VS1,,EX,GD,MED,7.73*5.15*3.51,,68.1,59,GIA,914,INDIA,,,"FEATHER, PINPOINT, CLOUD, NEEDLE",NO
1400295,5536388618,PEAR,1.01,Y-Z,VS1,,EX,GD,MED,7.54*4.99*3.49,,69.9,63,GIA,1075,INDIA,,,FEATHER,NO
7000669,2537926233,PEAR,1.01,D,VS2,,EX,EX,FAINT,8.49*5.54*3.6,,65.1,55,GIA,3469,HONG KONG,,,"TWINNING WISP, CRYSTAL, CLOUD, FEATHER",NO
1952021,6233824924,PEAR,1.01,D,VS2,,EX,EX,NONE,8.58*5.62*3.33,,59.2,55,GIA,4127,INDIA,,,FEATHER,NO
1212485,2235827830,PEAR,1.01,D,VS2,,EX,EX,NONE,8.88*5.82*3.2,,55.1,62,GIA,4017,INDIA,,,CRYSTAL,NO
1765377,5231823614,PEAR,1.01,D,VS2,,EX,EX,NONE,8.1*5.4*3.59,,66.4,56,GIA,3611,INDIA,,,"CRYSTAL, FEATHER, NEEDLE",NO
7575990,5543029279,PEAR,1.00,D,VS2,,EX,EX,NONE,8.68*5.57*3.38,,60.7,62,GIA,3971,HONG KONG,,,"CRYSTAL, NEEDLE",NO
1807922,2235794712,PEAR,1.00,E,VS2,,VG,EX,FAINT,9.54*5.68*2.94,,51.8,66,GIA,3296,INDIA,,,"FEATHER, CRYSTAL",NO
7826717,6542029726,PEAR,1.01,F,VS2,,EX,EX,NONE,8.58*5.52*3.51,,63.6,61,GIA,3721,HONG KONG,,,"FEATHER, CRYSTAL, NEEDLE, PINPOINT",NO
7857446,6532536397,PEAR,1.00,G,VS2,,EX,EX,MED,8.71*5.34*3.45,,64.5,59,GIA,2554,HONG KONG,,,"FEATHER, PINPOINT",NO
1419996,5231801292,PEAR,1.07,I,VS2,,EX,EX,FAINT,9*5.55*3.56,,64.1,59,GIA,2576,INDIA,,,TWINNING WISP,NO
1323568,5232751184,PEAR,1.01,I,VS2,,VG,VG,NONE,8.48*5.66*3.18,,56.2,60,GIA,2051,INDIA,,,"CRYSTAL, FEATHER, NEEDLE, NATURAL",NO
1222655,1236823632,PEAR,1.01,I,VS2,,EX,EX,NONE,8.51*5.59*3.57,,63.8,58,GIA,2591,INDIA,,,"NEEDLE, FEATHER",NO
7797101,2547320120,PEAR,1.05,J,VS2,,EX,EX,NONE,8.83*5.62*3.56,,63.4,59,GIA,2344,HONG KONG,,,"CLOUD, FEATHER, CRYSTAL, NEEDLE",NO
1822009,1537832239,PEAR,1.06,Y-Z,VS2,,EX,VG,FAINT,8.33*5.19*3.35,,64.7,58,GIA,1460,INDIA,,,"TWINNING WISP, FEATHER",NO
3222024,5543234602,PEAR,0.90,J,FL,,EX,EX,NONE,8.22*5.34*3.38,,63.3,58,GIA,2068,HONG KONG,,,,NO
1863167,1232775833,PEAR,0.90,I,IF,,EX,EX,NONE,8.21*5.38*3.35,,62.2,59,GIA,2248,INDIA,,,MINOR DETAILS OF POLISH,NO
1812054,2231821080,PEAR,0.90,I,IF,,EX,EX,NONE,8.07*5.35*3.42,,64,55,GIA,2211,INDIA,,,"SURFACE GRAINING, MINOR DETAILS OF POLISH",NO
1755876,5231832369,PEAR,0.90,H,VVS2,,EX,EX,NONE,8.62*5.42*3.12,,57.5,55,GIA,2396,INDIA,,,"NEEDLE, PINPOINT, CLOUD",NO
1410883,6237823629,PEAR,0.91,D,VS1,,EX,VG,NONE,8.04*5.32*3.49,,65.5,57,GIA,2676,INDIA,,,FEATHER,NO
1784331,5232832416,PEAR,0.91,D,VS1,,EX,VG,MED,8.19*5.39*3.47,,64.4,59,GIA,2332,INDIA,,,"CRYSTAL, FEATHER, PINPOINT",NO
7357616,2235720490,PEAR,0.90,D,VS1,,EX,EX,FAINT,8.11*5.37*3.43,,63.8,59,GIA,2511,INDIA,,,CRYSTAL,NO
1818641,5536430034,PEAR,0.90,E,VS1,,EX,EX,NONE,8.1*5.36*3.39,,63.2,57,GIA,2494,INDIA,,,"CRYSTAL, NEEDLE",NO
1422044,2231771842,PEAR,0.90,H,VS1,,EX,EX,NONE,8.2*5.39*3.26,,60.5,58,GIA,2005,INDIA,,,"CRYSTAL, FEATHER, PINPOINT",NO
1709802,6233824944,PEAR,0.90,H,VS1,,EX,VG,STG,8*5.3*3.46,,65.3,56,GIA,1690,INDIA,,,"CRYSTAL, FEATHER, PINPOINT",NO
1911770,5232794882,PEAR,0.91,D,VS2,,EX,EX,FAINT,8.38*5.35*3.39,,63.3,60,GIA,2247,INDIA,,,"CRYSTAL, FEATHER",NO
1567400,2231720506,PEAR,0.90,D,VS2,,EX,EX,NONE,8.96*5.32*3.07,,57.7,60,GIA,2462,INDIA,,,FEATHER,NO
1716608,2231821079,PEAR,0.90,H,VS2,,EX,EX,NONE,8.45*5.46*3.09,,56.6,63,GIA,1905,INDIA,,,"CRYSTAL, FEATHER, CLOUD",NO
1475186,2235820919,PEAR,0.81,F,IF,,EX,EX,NONE,8.05*5.15*3.27,,63.5,60,GIA,2105,INDIA,,,MINOR DETAILS OF POLISH,NO
1781695,2235831844,PEAR,0.80,F,IF,,EX,EX,STG,8.04*5.29*3.08,,58.2,59,GIA,1326,INDIA,,,MINOR DETAILS OF POLISH,NO
1866070,5232794869,PEAR,0.82,G,IF,,EX,EX,NONE,8.38*5.35*3.13,,58.5,58,GIA,1971,INDIA,,,MINOR DETAILS OF POLISH,NO
1303408,1232834507,PEAR,0.80,D,VVS1,,EX,EX,NONE,7.96*5.24*3.32,,63.4,60,GIA,2119,INDIA,,,INTERNAL GRAINING,NO
1513728,5231832479,PEAR,0.80,G,VVS1,,EX,EX,NONE,7.83*5.18*3.31,,63.9,55,GIA,1772,INDIA,,,FEATHER,NO
1818169,1232832478,PEAR,0.80,G,VVS1,,EX,EX,NONE,8.04*5.29*3.09,,58.4,60,GIA,1828,INDIA,,,"PINPOINT, SURFACE GRAINING",NO
1115444,2233624126,PEAR,0.89,I,VVS1,,VG,EX,FAINT,8.13*5.42*3.35,,61.8,61,GIA,1489,INDIA,,,"PINPOINT, FEATHER",NO
7207248,6542155117,PEAR,0.81,I,VVS1,,EX,VG,NONE,8.02*5.31*3.29,,61.9,63,GIA,1468,INDIA,,,"PINPOINT, CLOUD, FEATHER",NO
1466051,2235832496,PEAR,0.81,D,VVS2,,EX,EX,NONE,7.96*5.18*3.31,,64,58,GIA,1934,INDIA,,,"NEEDLE, PINPOINT",NO
1117345,1232832131,PEAR,0.80,H,VVS2,,EX,EX,NONE,7.89*5.19*3.27,,63,58,GIA,1540,INDIA,,,"NEEDLE, PINPOINT, CLOUD",NO
7188430,1232834302,PEAR,0.81,D,VS1,,EX,EX,NONE,8.64*5.3*2.99,,56.4,58,GIA,1947,INDIA,,,"FEATHER, PINPOINT",NO
1313941,2233824939,PEAR,0.80,D,VS1,,EX,EX,NONE,7.91*5.18*3.28,,63.2,60,GIA,1754,INDIA,,,"CRYSTAL, CLOUD, NEEDLE, PINPOINT",NO
1963453,1232804501,PEAR,0.80,E,VS1,,EX,EX,STG,8.56*5.14*3.01,,58.6,61,GIA,1192,INDIA,,,"CLOUD, FEATHER, NEEDLE",NO
1519389,2546434453,PEAR,0.81,H,VS1,,EX,EX,NONE,7.88*5.18*3.29,,63.5,57,GIA,1506,INDIA,,,"CLOUD, NEEDLE, PINPOINT",NO
1300790,2231827988,PEAR,0.80,H,VS1,,EX,EX,NONE,7.86*5.16*3.12,,60.5,59,GIA,1392,INDIA,,,"CRYSTAL, NEEDLE, PINPOINT",NO
1599420,2231832378,PEAR,0.80,H,VS1,,EX,EX,NONE,8.01*5.28*3.08,,58.4,61,GIA,1470,INDIA,,,"FEATHER, CLOUD",NO
1625338,5232831882,PEAR,0.80,E,VS2,,EX,EX,NONE,8.19*5.18*3.14,,60.7,56,GIA,1672,INDIA,,,"CLOUD, CRYSTAL",NO
1105875,1236834437,PEAR,0.80,F,VS2,,EX,EX,NONE,8.14*5.25*3.14,,59.8,63,GIA,1586,INDIA,,,"CRYSTAL, CLOUD",NO
1518195,1545184008,PEAR,0.80,G,VS2,,EX,EX,NONE,7.93*5.14*3.26,,63.4,59,GIA,1417,INDIA,,,"CLOUD, CRYSTAL",NO
1495678,2231832622,PEAR,0.80,G,VS2,,EX,VG,NONE,7.89*5.09*3.27,,64.3,61,GIA,1513,INDIA,,,"CRYSTAL, CLOUD, FEATHER",NO
1205435,1232820913,PEAR,0.80,H,VS2,,EX,EX,STG,7.84*5.17*3.22,,62.3,56,GIA,1053,INDIA,,,"TWINNING WISP, CRYSTAL, FEATHER",NO
1164404,2233828166,PEAR,0.70,E,IF,,EX,EX,NONE,7.57*4.99*2.99,,60,57,GIA,1638,INDIA,,,"SURFACE GRAINING, MINOR DETAILS OF POLISH",NO
1678402,2538429255,PEAR,0.70,E,IF,,VG,EX,NONE,7.83*4.88*3.09,,63.3,58,GIA,1638,INDIA,,,"SURFACE GRAINING, MINOR DETAILS OF POLISH",NO
1222471,1236834440,PEAR,0.72,F,IF,,EX,EX,FAINT,7.69*4.98*3.16,,63.4,60,GIA,1548,INDIA,,,MINOR DETAILS OF POLISH,NO
1474141,2235799452,PEAR,0.71,G,IF,,EX,VG,FAINT,7.85*5.05*2.98,,59.1,62,GIA,1436,INDIA,,,MINOR DETAILS OF POLISH,NO
1519722,2231720485,PEAR,0.71,H,IF,,EX,EX,NONE,7.91*5.1*2.99,,58.5,62,GIA,1257,INDIA,,,MINOR DETAILS OF POLISH,NO
1254025,6532495768,PEAR,0.71,H,IF,,EX,EX,NONE,7.53*4.95*3.17,,64,58,GIA,1257,INDIA,,,MINOR DETAILS OF POLISH,NO
1408187,5231832507,PEAR,0.70,H,IF,,EX,EX,NONE,7.57*4.97*3.12,,62.7,59,GIA,1269,INDIA,,,MINOR DETAILS OF POLISH,NO
7480048,1236834427,PEAR,0.72,E,VVS1,,EX,VG,NONE,8.48*5.1*2.92,,57.3,60,GIA,1677,INDIA,,,"CLOUD, SURFACE GRAINING",NO
7214424,5231834307,PEAR,0.70,E,VVS1,,EX,EX,NONE,8.45*5.17*2.84,,55,60,GIA,1631,INDIA,,,"FEATHER, SURFACE GRAINING",NO
1393887,7548155026,PEAR,0.70,F,VVS1,,EX,EX,NONE,7.85*4.76*3.11,,65.4,56,GIA,1549,INDIA,,,NEEDLE,NO
1221798,2235811315,PEAR,0.72,G,VVS1,,EX,EX,STG,7.86*4.98*3.04,,61,61,GIA,1016,INDIA,,,PINPOINT,NO
1164852,2536429295,PEAR,0.70,H,VVS1,,EX,EX,NONE,8.11*5.12*2.86,,56,59,GIA,1212,INDIA,,,PINPOINT,NO
1867775,1545381729,PEAR,0.71,I,VVS1,,EX,EX,FAINT,7.64*4.9*3.17,,64.6,58,GIA,1206,INDIA,,,FEATHER,NO
1368567,2235834448,PEAR,0.70,I,VVS1,,EX,EX,NONE,7.81*5.03*2.94,,58.4,60,GIA,1219,INDIA,,,"PINPOINT, CLOUD",NO
1117446,5232834445,PEAR,0.70,I,VVS1,,EX,VG,NONE,7.64*4.99*3.18,,63.8,59,GIA,1205,INDIA,,,"PINPOINT, FEATHER, SURFACE GRAINING",NO
1623380,1232831884,PEAR,0.70,I,VVS1,,EX,EX,NONE,7.64*4.95*3.03,,61.2,56,GIA,1216,INDIA,,,"FEATHER, CAVITY",NO
1349358,2235827978,PEAR,0.75,D,VVS2,,EX,EX,NONE,7.77*4.99*3.24,,64.9,56,GIA,1734,INDIA,,,"PINPOINT, FEATHER, SURFACE GRAINING",NO
1310264,2233832628,PEAR,0.71,D,VVS2,,EX,EX,STG,7.74*5*3.05,,61,61,GIA,1081,INDIA,,,"NEEDLE, PINPOINT",NO
1463778,5231794872,PEAR,0.71,D,VVS2,,EX,VG,FAINT,7.78*4.96*3.13,,63,59,GIA,1447,INDIA,,,"PINPOINT, FEATHER, SURFACE GRAINING",NO
1134540,7543143169,PEAR,0.70,D,VVS2,,EX,EX,NONE,8.3*5.02*2.81,,56.1,60,GIA,1562,INDIA,,,"FEATHER, SURFACE GRAINING",NO
1253835,5231832599,PEAR,0.70,F,VVS2,,EX,EX,MED,7.68*4.95*3.1,,62.7,58,GIA,1242,INDIA,,,"CLOUD, PINPOINT, INTERNAL GRAINING",NO
1251703,7542142591,PEAR,0.70,H,VVS2,,EX,VG,FAINT,7.54*4.95*3.07,,62.1,59,GIA,1065,INDIA,,,"NEEDLE, FEATHER, PINPOINT",NO
1537977,2235778492,PEAR,0.70,I,VVS2,,EX,VG,NONE,7.64*5.03*2.95,,58.7,63,GIA,1099,INDIA,,,"NEEDLE, PINPOINT",NO
1493371,2233799445,PEAR,0.75,D,VS1,,EX,EX,FAINT,7.78*5.06*3.16,,62.5,58,GIA,1445,INDIA,,,"CRYSTAL, FEATHER, NEEDLE",NO
1764739,2231818711,PEAR,0.71,D,VS1,,EX,EX,NONE,7.78*4.97*3.13,,63,61,GIA,1654,INDIA,,,"CRYSTAL, FEATHER",NO
1419494,1232823567,PEAR,0.71,D,VS1,,EX,EX,NONE,7.71*4.9*3.13,,63.8,58,GIA,1645,INDIA,,,"CRYSTAL, PINPOINT, NEEDLE",NO
1726729,2231799474,PEAR,0.70,D,VS1,,EX,EX,FAINT,7.62*4.95*3.13,,63.3,61,GIA,1349,INDIA,,,"CRYSTAL, FEATHER, NEEDLE, PINPOINT",NO
7067375,6233824950,PEAR,0.70,D,VS1,,EX,EX,NONE,7.89*4.81*3.02,,62.8,63,GIA,1622,INDIA,,,"FEATHER, PINPOINT",NO
1621656,5232804503,PEAR,0.70,E,VS1,,EX,EX,NONE,7.65*5*3.02,,60.4,60,GIA,1331,INDIA,,,"FEATHER, NEEDLE, PINPOINT",NO
1331066,1232804509,PEAR,0.70,E,VS1,,EX,EX,NONE,7.8*5.05*2.98,,59.1,59,GIA,1358,INDIA,,,FEATHER,NO
1220489,1236829256,PEAR,0.71,F,VS1,,EX,VG,FAINT,7.68*4.92*3.15,,64,60,GIA,1275,INDIA,,,"CRYSTAL, FEATHER, PINPOINT",NO
1778084,6237794866,PEAR,0.70,F,VS1,,EX,EX,NONE,7.59*4.99*3.15,,63.1,59,GIA,1332,INDIA,,,"FEATHER, CLOUD",NO
1630574,2235832373,PEAR,0.70,F,VS1,,EX,EX,NONE,7.76*5*3.02,,60.5,57,GIA,1387,INDIA,,,"FEATHER, CLOUD",NO
7462525,1236834423,PEAR,0.76,G,VS1,,EX,VG,NONE,7.8*5.13*3.16,,61.5,59,GIA,1451,INDIA,,,"CRYSTAL, NEEDLE, CLOUD, PINPOINT",NO
1720275,2235824952,PEAR,0.76,G,VS1,,EX,EX,NONE,7.74*5.04*3.22,,63.9,61,GIA,1406,INDIA,,,CRYSTAL,NO
1790965,5232778495,PEAR,0.71,G,VS1,,VG,EX,NONE,7.48*4.93*3.19,,64.7,61,GIA,1270,INDIA,,,"CRYSTAL, FEATHER, PINPOINT",NO
1343200,5231804002,PEAR,0.70,G,VS1,,EX,EX,NONE,7.6*4.95*3.14,,63.5,61,GIA,1276,INDIA,,,"CRYSTAL, PINPOINT",NO
1649732,5231831921,PEAR,0.70,G,VS1,,EX,EX,FAINT,7.44*4.89*3.19,,65.1,59,GIA,1247,INDIA,,,"FEATHER, CLOUD, PINPOINT",NO
1807454,1232832473,PEAR,0.71,H,VS1,,EX,EX,FAINT,8.16*4.93*2.97,,60.1,61,GIA,1164,INDIA,,,CRYSTAL,NO
1703133,1232811317,PEAR,0.71,I,VS1,,EX,EX,NONE,7.51*4.9*3.15,,64.3,58,GIA,1099,INDIA,,,"CLOUD, CRYSTAL, NEEDLE, PINPOINT",NO
7890488,1547155074,PEAR,0.70,I,VS1,,VG,EX,NONE,7.5*5*3.17,,63.4,61,GIA,1039,INDIA,,,"CLOUD, PINPOINT",NO
1646467,2538831041,PEAR,0.70,Y-Z,VS1,,VG,GD,FAINT,6.74*4.51*3.15,,69.8,60,GIA,627,INDIA,,,TWINNING WISP,NO
1255897,5232832597,PEAR,0.76,D,VS2,,EX,EX,STG,7.62*5.01*3.25,,64.8,59,GIA,955,INDIA,,,"CRYSTAL, FEATHER",NO
1429516,1548143160,PEAR,0.72,D,VS2,,EX,EX,FAINT,7.81*4.87*3.12,,64.1,58,GIA,1330,INDIA,,,"CRYSTAL, FEATHER, NEEDLE",NO
1454174,1232799489,PEAR,0.71,D,VS2,,EX,EX,FAINT,8.01*5.02*2.95,,58.8,59,GIA,1311,INDIA,,,FEATHER,NO
1554622,1236828081,PEAR,0.71,D,VS2,,EX,EX,NONE,7.52*4.94*3.18,,64.2,59,GIA,1503,INDIA,,,"CRYSTAL, CLOUD, FEATHER",NO
1731057,1543154957,PEAR,0.70,D,VS2,,EX,EX,NONE,7.95*4.99*2.95,,59.1,61,GIA,1471,INDIA,,,"CRYSTAL, FEATHER",NO
7698652,5231834225,PEAR,0.70,D,VS2,,VG,VG,NONE,7.9*4.97*2.99,,60.1,63,GIA,1554,INDIA,,,"TWINNING WISP, FEATHER",NO
1641336,2235818708,PEAR,0.75,E,VS2,,EX,EX,NONE,8.26*5.26*2.94,,55.9,63,GIA,1422,INDIA,,,FEATHER,NO
1131406,2233828000,PEAR,0.70,E,VS2,,EX,EX,NONE,7.33*4.85*3.13,,64.4,64,GIA,1305,INDIA,,,FEATHER,NO
1938751,5232832140,PEAR,0.70,E,VS2,,EX,EX,NONE,7.9*5.13*2.88,,56.1,59,GIA,1362,INDIA,,,"FEATHER, CRYSTAL, CAVITY",NO
7939991,1232834362,PEAR,0.70,E,VS2,,EX,EX,NONE,7.76*5.06*3.13,,61.7,59,GIA,1305,INDIA,,,"CRYSTAL, FEATHER",NO
1619702,1549434165,PEAR,0.70,E,VS2,,EX,EX,NONE,7.42*4.92*3.2,,65.2,62,GIA,1292,INDIA,,,FEATHER,NO
1134300,2547155218,PEAR,0.70,E,VS2,,EX,VG,STG,7.95*4.82*3.06,,63.5,59,GIA,978,INDIA,,,FEATHER,NO
1593970,2235831887,PEAR,0.70,F,VS2,,EX,EX,NONE,8.18*5.08*2.84,,55.9,62,GIA,1324,INDIA,,,"CLOUD, CRYSTAL",NO
7437050,2235746042,PEAR,0.70,F,VS2,,VG,VG,NONE,7.83*4.73*3.09,,65.4,59,GIA,1152,INDIA,,,FEATHER,NO
1564037,2235831841,PEAR,0.72,G,VS2,,EX,EX,NONE,7.73*4.97*3.17,,63.8,58,GIA,1226,INDIA,,,"CRYSTAL, CLOUD, FEATHER",NO
1419648,2231823575,PEAR,0.71,G,VS2,,VG,EX,NONE,7.72*4.92*3.13,,63.7,57,GIA,1178,INDIA,,,"CLOUD, CRYSTAL",NO
1125500,1236775823,PEAR,0.70,G,VS2,,EX,EX,NONE,7.93*5.09*2.9,,56.9,61,GIA,1131,INDIA,,,"CRYSTAL, FEATHER",NO
1915817,1232832898,PEAR,0.70,G,VS2,,EX,EX,NONE,7.75*4.99*2.93,,58.8,55,GIA,1214,INDIA,,,FEATHER,NO
1269808,2235824949,PEAR,0.70,H,VS2,,EX,EX,NONE,7.39*4.88*3.21,,65.8,57,GIA,1000,INDIA,,,"CRYSTAL, CLOUD",NO
1712209,1232834365,PEAR,0.70,I,VS2,,EX,EX,FAINT,7.54*4.97*3.18,,64,57,GIA,914,INDIA,,,"CRYSTAL, CLOUD, FEATHER",NO
1226907,1232828054,PEAR,0.70,I,VS2,,EX,EX,NONE,7.48*4.96*3.01,,60.7,58,GIA,940,INDIA,,,CLOUD,NO
1255979,1236811304,PEAR,0.70,I,VS2,,EX,EX,FAINT,7.45*4.93*3.2,,64.9,57,GIA,923,INDIA,,,"FEATHER, CRYSTAL",NO
1512218,1232828042,PEAR,0.70,I,VS2,,EX,EX,NONE,7.49*4.92*3.17,,64.4,59,GIA,924,INDIA,,,CRYSTAL,NO
1823011,1232832414,PEAR,0.69,F,VVS2,,VG,VG,NONE,7.99*5.1*2.75,,54,65,GIA,1333,INDIA,,,"CLOUD, FEATHER",NO
1681689,2537156189,PEAR,0.61,F,VVS2,,VG,VG,FAINT,7.21*4.73*3.04,,64.4,60,GIA,794,INDIA,,,"NEEDLE, PINPOINT",NO
1417720,2235828125,PEAR,0.60,F,VVS2,,VG,VG,FAINT,7.24*4.74*2.98,,62.8,62,GIA,783,INDIA,,,"FEATHER, NEEDLE, PINPOINT, SURFACE GRAINING",NO
1650186,7542142967,PEAR,0.60,D,VS1,,VG,VG,NONE,7.21*4.78*2.88,,60.2,57,GIA,943,INDIA,,,CRYSTAL,NO
1103208,5231828008,PEAR,0.52,D,IF,,EX,VG,NONE,7.03*4.57*2.74,,59.9,61,GIA,1030,INDIA,,,"SURFACE GRAINING, MINOR DETAILS OF POLISH",NO
1320824,2235828010,PEAR,0.50,D,IF,,VG,VG,NONE,6.9*4.5*2.69,,59.8,60,GIA,991,INDIA,,,MINOR DETAILS OF POLISH,NO
1503154,1232799511,PEAR,0.54,E,IF,,EX,EX,FAINT,7.08*4.52*2.89,,64,58,GIA,885,INDIA,,,MINOR DETAILS OF POLISH,NO
1944998,2235827852,PEAR,0.52,E,IF,,VG,VG,STG,7.67*4.57*2.44,,53.3,58,GIA,664,INDIA,,,MINOR DETAILS OF POLISH,NO
1306880,1232820909,PEAR,0.50,G,IF,,VG,VG,MED,6.94*4.54*2.7,,59.5,63,GIA,655,INDIA,,,MINOR DETAILS OF POLISH,NO
1737641,2233827857,PEAR,0.53,D,VVS1,,VG,VG,FAINT,7.58*4.55*2.6,,57,61,GIA,865,INDIA,,,"PINPOINT, SURFACE GRAINING",NO
1159458,5232831842,PEAR,0.51,D,VVS1,,VG,EX,NONE,7.26*4.47*2.75,,61.4,58,GIA,930,INDIA,,,"PINPOINT, MANUFACTURING REMNANTS, SURFACE GRAINING",NO
1527665,5232818746,PEAR,0.51,D,VVS1,,VG,VG,FAINT,7.22*4.6*2.59,,56.3,60,GIA,757,INDIA,,,FEATHER,NO
1460865,6531212138,PEAR,0.50,D,VVS1,,EX,VG,FAINT,7.2*4.35*2.76,,63.6,58,GIA,736,INDIA,,,"PINPOINT, FEATHER",NO
1716900,5231821052,PEAR,0.50,D,VVS1,,VG,VG,NONE,6.76*4.43*2.84,,64,59,GIA,889,INDIA,,,"FEATHER, SURFACE GRAINING",NO
1172573,2231733783,PEAR,0.52,E,VVS1,,EX,VG,FAINT,7.34*4.67*2.61,,56,60,GIA,742,INDIA,,,"PINPOINT, SURFACE GRAINING",NO
1113191,2235834436,PEAR,0.51,F,VVS1,,EX,EX,NONE,7.22*4.38*2.81,,64,57,GIA,832,INDIA,,,PINPOINT,NO
1817485,2231832476,PEAR,0.50,F,VVS1,,VG,VG,NONE,6.91*4.51*2.74,,60.7,56,GIA,776,INDIA,,,"PINPOINT, FEATHER, SURFACE GRAINING",NO
1148861,2235831843,PEAR,0.55,D,VVS2,,VG,VG,STG,6.92*4.55*2.91,,64.1,60,GIA,638,INDIA,,,"PINPOINT, SURFACE GRAINING",NO
3070784,6233828030,PEAR,0.51,D,VVS2,,VG,VG,NONE,7.16*4.6*2.67,,58,61,GIA,857,INDIA,,,"FEATHER, SURFACE GRAINING",NO
1136369,2231799347,PEAR,0.50,D,VVS2,,VG,VG,MED,7.44*4.47*2.52,,56.4,58,GIA,596,INDIA,,,"PINPOINT, FEATHER",NO
1930226,1232834421,PEAR,0.50,D,VVS2,,EX,EX,NONE,7.15*4.32*2.8,,64.8,61,GIA,878,INDIA,,,"PINPOINT, NEEDLE",NO
1581070,2235765286,PEAR,0.54,E,VVS2,,VG,VG,NONE,7.66*4.58*2.58,,56.3,62,GIA,810,INDIA,,,"FEATHER, CLOUD",NO
1487167,7538748187,PEAR,0.53,E,VVS2,,VG,VG,NONE,7.49*4.48*2.76,,61.6,63,GIA,795,INDIA,,,PINPOINT,NO
1279118,6532286955,PEAR,0.52,E,VVS2,,VG,VG,NONE,7.33*4.63*2.56,,55.2,62,GIA,760,INDIA,,,"NEEDLE, PINPOINT, CLOUD",NO
1835873,5231834309,PEAR,0.51,E,VVS2,,EX,EX,NONE,6.82*4.48*2.85,,63.7,59,GIA,772,INDIA,,,PINPOINT,NO
1110421,2546434216,PEAR,0.51,E,VVS2,,VG,VG,NONE,7.12*4.53*2.75,,60.7,60,GIA,806,INDIA,,,"PINPOINT, CLOUD",NO
1787779,5231818752,PEAR,0.50,E,VVS2,,VG,VG,STG,7*4.59*2.63,,57.3,62,GIA,524,INDIA,,,"NEEDLE, PINPOINT, FEATHER, INTERNAL GRAINING",NO
1606469,5231832363,PEAR,0.54,D,VS1,,VG,VG,NONE,7.43*4.53*2.79,,61.4,60,GIA,874,INDIA,,,CRYSTAL,NO
1706885,1236765124,PEAR,0.50,D,VS1,,VG,VG,NONE,6.67*4.4*2.85,,64.7,61,GIA,772,INDIA,,,"CRYSTAL, FEATHER, NEEDLE",NO
1759832,2546155008,PEAR,0.50,D,VS1,,VG,VG,NONE,7.1*4.4*2.76,,62.6,62,GIA,795,INDIA,,,"FEATHER, PINPOINT",NO
1886376,5231832497,PEAR,0.50,D,VS1,,VG,VG,NONE,7.15*4.39*2.75,,62.7,62,GIA,830,INDIA,,,"CRYSTAL, NEEDLE, PINPOINT",NO
1740069,2231821081,PEAR,0.50,D,VS1,,GD,VG,MED,6.63*4.4*2.75,,62.4,61,GIA,626,INDIA,,,"CRYSTAL, CLOUD, PINPOINT",NO
1383110,5231823466,PEAR,0.50,E,VS1,,EX,VG,FAINT,7.22*4.44*2.73,,61.6,54,GIA,727,INDIA,,,"CRYSTAL, FEATHER, PINPOINT",NO
1911648,1548155160,PEAR,0.50,E,VS1,,VG,VG,NONE,7.14*4.4*2.67,,60.6,62,GIA,749,INDIA,,,"FEATHER, PINPOINT, INTERNAL GRAINING",NO
1696092,2235827767,PEAR,0.53,F,VS1,,EX,VG,NONE,7.28*4.55*2.83,,62.3,58,GIA,778,INDIA,,,"CLOUD, CRYSTAL, NEEDLE, PINPOINT",NO
1728580,6233827848,PEAR,0.52,F,VS1,,EX,VG,NONE,7.12*4.66*2.67,,57.3,61,GIA,749,INDIA,,,CRYSTAL,NO
1730115,6545434547,PEAR,0.52,F,VS1,,VG,VG,NONE,7.25*4.33*2.81,,64.9,60,GIA,787,INDIA,,,"CRYSTAL, KNOT, NEEDLE, PINPOINT",NO
1448798,2231832494,PEAR,0.50,F,VS1,,VG,VG,NONE,6.94*4.58*2.76,,60.2,59,GIA,734,INDIA,,,"CRYSTAL, CLOUD, PINPOINT",NO
1280139,2235820867,PEAR,0.50,F,VS1,,VG,VG,NONE,7.17*4.29*2.73,,63.6,63,GIA,753,INDIA,,,"CRYSTAL, NEEDLE, PINPOINT",NO
1870977,5232829245,PEAR,0.50,G,VS1,,EX,VG,NONE,7.14*4.43*2.73,,61.7,61,GIA,660,INDIA,,,FEATHER,NO
1572602,5231778496,PEAR,0.50,G,VS1,,VG,VG,NONE,7.04*4.49*2.64,,58.8,58,GIA,659,INDIA,,,FEATHER,NO
1477102,3545155040,PEAR,0.52,D,VS2,,VG,EX,NONE,6.86*4.49*2.9,,64.7,60,GIA,767,INDIA,,,FEATHER,NO
1252471,1232805240,PEAR,0.51,D,VS2,,EX,VG,NONE,7.55*4.57*2.58,,56.6,60,GIA,753,INDIA,,,"CRYSTAL, FEATHER",NO
1652789,2547107858,PEAR,0.50,D,VS2,,EX,VG,NONE,6.75*4.38*2.8,,64,60,GIA,738,INDIA,,,"CRYSTAL, FEATHER, CLOUD",NO
1422361,5231818770,PEAR,0.50,D,VS2,,VG,VG,FAINT,7.13*4.29*2.77,,64.5,60,GIA,715,INDIA,,,"TWINNING WISP, FEATHER, CRYSTAL",NO
1310144,7548393978,PEAR,0.50,E,VS2,,VG,EX,NONE,6.93*4.48*2.67,,59.5,55,GIA,699,INDIA,,,FEATHER,NO
1328730,6542422999,PEAR,0.50,E,VS2,,VG,VG,FAINT,6.77*4.39*2.7,,61.6,54,GIA,676,INDIA,,,FEATHER,NO
1805678,2235794864,PEAR,0.56,F,VS2,,EX,EX,NONE,7.05*4.54*2.94,,64.7,59,GIA,738,INDIA,,,CLOUD,NO
1903098,5232832608,PEAR,0.50,F,VS2,,EX,EX,NONE,6.91*4.44*2.75,,62,59,GIA,694,INDIA,,,CLOUD,NO
1265379,2231817788,PEAR,0.42,D,VVS1,,VG,VG,FAINT,6.83*4.21*2.53,,60.2,63,GIA,516,INDIA,,,FEATHER,NO
1905375,5232827861,PEAR,0.40,E,VVS1,,VG,VG,FAINT,6.36*4.17*2.64,,63.5,59,GIA,455,INDIA,,,"PINPOINT, FEATHER",NO
1180984,1232832372,PEAR,0.40,F,VVS1,,VG,VG,FAINT,6.64*4.17*2.54,,60.7,63,GIA,463,INDIA,,,"FEATHER, SURFACE GRAINING",NO
1798247,2546431124,PEAR,0.40,G,VVS1,,EX,EX,NONE,6.94*4.12*2.35,,57,63,GIA,486,INDIA,,,FEATHER,NO
1345265,5232771843,PEAR,0.31,D,IF,,VG,VG,NONE,6.35*3.91*2.12,,54,63,GIA,347,INDIA,,,"SURFACE GRAINING, MINOR DETAILS OF POLISH",NO
1239163,1232799417,PEAR,0.30,D,IF,,VG,VG,NONE,6.12*3.7*2.17,,58.7,58,GIA,344,INDIA,,,MINOR DETAILS OF POLISH,NO
1408066,2537835189,PEAR,0.37,D,VVS1,,VG,VG,NONE,6.48*3.94*2.48,,63.1,56,GIA,415,INDIA,,,FEATHER,NO
1939096,2235832612,PEAR,0.35,D,VVS1,,EX,VG,NONE,6.22*4.07*2.38,,58.5,62,GIA,399,INDIA,,,PINPOINT,NO
1623681,6545142182,PEAR,0.33,D,VVS1,,VG,EX,NONE,6.61*3.9*2.18,,55.8,62,GIA,370,INDIA,,,"FEATHER, SURFACE GRAINING",NO
1693397,1232775812,PEAR,0.31,D,VVS1,,VG,VG,FAINT,6.36*3.78*2.26,,59.7,65,GIA,335,INDIA,,,"PINPOINT, FEATHER, SURFACE GRAINING",NO
1402997,5231832509,PEAR,0.34,E,VVS1,,VG,VG,NONE,6.45*4.06*2.23,,55,62,GIA,394,INDIA,,,"PINPOINT, FEATHER",NO
1146848,1236831840,PEAR,0.39,E,VVS2,,EX,VG,MED,6.63*4.27*2.32,,54.4,60,GIA,385,INDIA,,,PINPOINT,NO
1643791,3535496011,PEAR,0.37,E,VVS2,,VG,VG,FAINT,6.49*4.01*2.41,,60,62,GIA,387,INDIA,,,"CLOUD, PINPOINT",NO
1978004,1538429572,PEAR,0.35,E,VVS2,,VG,VG,NONE,6.29*4.01*2.39,,59.6,63,GIA,396,INDIA,,,"NEEDLE, PINPOINT, CLOUD",NO
1567876,1543141525,PEAR,0.35,E,VVS2,,VG,VG,NONE,6.44*4.01*2.39,,59.7,62,GIA,396,INDIA,,,"NEEDLE, PINPOINT, INTERNAL GRAINING, SURFACE GRAINING",NO
1486031,1548430956,PEAR,0.30,F,VVS2,,VG,VG,NONE,5.89*3.9*2.34,,60,62,GIA,349,INDIA,,,"PINPOINT, CLOUD, SURFACE GRAINING",NO
1566188,1236832467,PEAR,0.30,D,VS1,,VG,VG,NONE,5.9*3.66*2.4,,65.5,63,GIA,348,INDIA,,,FEATHER,NO
2126374,2538708339,OVAL,1.01,D,VS1,,EX,VG,NONE,8.17*5.81*0,,56.8,57,GIA,4547,INDIA,,,"NEEDLE, FEATHER, ETCH CHANNEL, NATURAL",NO
7909147,2516207921,OVAL,8.07,W-X,VS2,,EX,EX,NONE,13.74*10.27*7.15,,69.7,58,GIA,47815,INDIA,,,"Feather, Cloud, Pinpoint",NO
7665792,2536804020,OVAL,5.04,Y-Z,VS2,,EX,EX,FAINT,12.34*8.7*5.88,,67.6,64,GIA,25402,HONG KONG,,,"KNOT, FEATHER",NO
7899765,7531165624,OVAL,4.04,Y-Z,VVS2,,EX,VG,NONE,11.17*8.09*5.55,,68.7,62,GIA,16742,HONG KONG,,,"FEATHER, CLOUD",NO
7825048,1543284880,OVAL,4.50,H,VS2,,EX,EX,NONE,13.29*8.8*5.75,,65.3,63,GIA,72248,HONG KONG,,,"CRYSTAL, NEEDLE, FEATHER",NO
7892302,2546023610,OVAL,3.01,Y-Z,VVS1,,VG,VG,NONE,9.77*7.36*5.15,,70,58,GIA,9776,INDIA,,,FEATHER,NO
7478451,6535930013,OVAL,3.20,K,VVS2,,EX,EX,NONE,11.39*8.14*5.04,,61.9,56,GIA,16219,HONG KONG,,,PINPOINT,NO
7938188,6511051502,OVAL,3.02,J,VS1,,EX,EX,NONE,10.91*8.03*5.25,,65.4,60,GIA,21908,INDIA,,,"Crystal, Needle",NO
1728247,2231833878,OVAL,3.02,E,VS2,,EX,EX,NONE,11.48*7.91*5.07,,64,64,GIA,46085,INDIA,,,"FEATHER, CRYSTAL, NEEDLE, PINPOINT",NO
1860104,6233832110,OVAL,3.01,F,VS2,,EX,EX,FAINT,11.17*7.96*5.09,,63.9,64,GIA,40707,INDIA,,,"CRYSTAL, FEATHER, NEEDLE, PINPOINT",NO
1604619,5231833880,OVAL,3.03,G,VS2,,EX,EX,FAINT,11.2*7.98*5.05,,63.3,60,GIA,37414,INDIA,,,"FEATHER, PINPOINT",NO
1816972,5231840258,OVAL,3.02,I,VS2,,EX,EX,MED,11.35*7.7*5.13,,66.6,57,GIA,27262,INDIA,,,"CLOUD, CRYSTAL, NEEDLE",NO
3457368,6545240256,OVAL,2.01,D,VVS1,,EX,EX,STG,10*6.89*4.28,,62,58,GIA,18460,HONG KONG,,,"PINPOINT, FEATHER",NO
1764887,5231832118,OVAL,2.03,H,VVS1,,EX,EX,NONE,10.38*7.16*4.14,,57.8,64,GIA,16000,INDIA,,,CLOUD,NO
7763536,3535859569,OVAL,2.01,H,VVS1,,EX,EX,NONE,10.29*7.1*4.16,,58.6,66,GIA,15955,HONG KONG,,,PINPOINT,NO
7863648,5546240187,OVAL,2.01,L,VVS1,,EX,EX,FAINT,9.98*6.77*4.42,,65.3,64,GIA,4765,HONG KONG,,,FEATHER,NO
7471461,5533399678,OVAL,2.00,W-X,VVS1,,EX,VG,NONE,8.86*6.4*4.43,,69.2,60,GIA,3808,HONG KONG,,,"CLOUD, FEATHER",NO
7798797,7541240175,OVAL,2.51,E,VVS2,,EX,EX,NONE,10.9*7.43*4.64,,62.5,61,GIA,35174,HONG KONG,,,"NEEDLE, PINPOINT",NO
1670557,1543229843,OVAL,2.51,L,VVS2,,EX,EX,NONE,10.68*7.5*4.56,,60.7,60,GIA,9257,INDIA,,,NEEDLE,NO
7574088,1543236600,OVAL,2.51,N,VVS2,,EX,EX,FAINT,10.89*7.56*4.66,,61.7,62,GIA,6185,INDIA,,,FEATHER,NO
7068174,7531399662,OVAL,2.01,W-X,VVS2,,EX,VG,NONE,8.9*6.44*4.37,,67.9,64,GIA,3940,HONG KONG,,,"CLOUD, PINPOINT, FEATHER",NO
3344368,1533859548,OVAL,2.02,H,VS1,,EX,EX,NONE,9.76*6.98*4.5,,64.5,62,GIA,14674,HONG KONG,,,"CLOUD, FEATHER, NEEDLE",NO
1742870,2235827805,OVAL,2.01,H,VS1,,VG,EX,NONE,9.51*6.94*4.57,,65.9,65,GIA,13851,INDIA,,,"CRYSTAL, FEATHER, NEEDLE",NO
1860301,1236833887,OVAL,2.00,I,VS1,,EX,EX,FAINT,9.97*6.8*4.41,,64.9,61,GIA,12044,INDIA,,,"CRYSTAL, FEATHER, NEEDLE",NO
1573646,5231831875,OVAL,2.01,D,VS2,,EX,EX,NONE,9.39*6.9*4.51,,65.4,60,GIA,17469,HONG KONG,,,"FEATHER, CLOUD, PINPOINT",NO
1864132,2235753583,OVAL,2.01,D,VS2,,VG,EX,NONE,9.88*6.87*4.46,,64.9,60,GIA,17541,INDIA,,,"CRYSTAL, CLOUD, FEATHER, NEEDLE",NO
7452072,6542320610,OVAL,2.03,E,VS2,,EX,EX,NONE,10.75*6.74*4.33,,64.3,62,GIA,19542,HONG KONG,,,"CLOUD, CRYSTAL",NO
1789120,2235832178,OVAL,2.01,E,VS2,,EX,EX,NONE,9.94*7.1*4.25,,59.9,64,GIA,17661,HONG KONG,,,"CLOUD, FEATHER, CRYSTAL, NEEDLE",NO
1746503,2235818794,OVAL,2.00,F,VS2,,EX,EX,FAINT,9.57*6.94*4.51,,64.9,64,GIA,16276,INDIA,,,"CRYSTAL, CLOUD, NEEDLE, FEATHER",NO
1680415,6233852643,OVAL,2.02,G,VS2,,EX,EX,NONE,10.13*6.99*4.45,,63.6,62,GIA,16176,INDIA,,,"CRYSTAL, FEATHER, NEEDLE",NO
1361034,6233840166,OVAL,2.02,G,VS2,,EX,EX,NONE,9.75*6.97*4.44,,63.7,59,GIA,16470,INDIA,,,"CLOUD, CRYSTAL, FEATHER, NEEDLE, NATURAL",NO
7044792,1543026077,OVAL,2.01,G,VS2,,EX,EX,NONE,9.69*6.92*4.39,,63.4,60,GIA,16038,HONG KONG,,,"CRYSTAL, FEATHER, CLOUD, NEEDLE",NO
7888948,6542026085,OVAL,2.01,G,VS2,,EX,EX,NONE,9.96*6.92*4.44,,64.2,64,GIA,16623,HONG KONG,,,"FEATHER, CLOUD, PINPOINT",NO
7675453,1545026086,OVAL,2.51,I,VS2,,EX,EX,NONE,10.8*7.43*4.78,,64.3,62,GIA,19633,HONG KONG,,,"CLOUD, CRYSTAL, FEATHER, NEEDLE",NO
7073585,7538765809,OVAL,2.02,I,VS2,,EX,EX,NONE,10.07*6.95*4.34,,62.5,58,GIA,11626,HONG KONG,,,"CRYSTAL, FEATHER, CLOUD, NEEDLE",NO
7561841,2536860174,OVAL,2.06,J,VS2,,EX,EX,NONE,10.04*6.92*4.47,,64.7,59,GIA,8144,HONG KONG,,,"CRYSTAL, CLOUD, FEATHER, NEEDLE",NO
3993153,2537765803,OVAL,2.01,J,VS2,,EX,EX,NONE,9.55*6.9*4.5,,65.2,58,GIA,7913,HONG KONG,,,"FEATHER, CRYSTAL, CLOUD, PINPOINT",NO
1216490,2231631421,OVAL,2.01,J,VS2,,EX,EX,FAINT,9.44*6.88*4.53,,65.9,56,GIA,8996,INDIA,,,"CRYSTAL, CLOUD, NEEDLE",NO
7322150,6542025844,OVAL,2.01,J,VS2,,EX,EX,NONE,9.56*7.02*4.5,,64,57,GIA,8379,HONG KONG,,,"CRYSTAL, FEATHER, CLOUD, NEEDLE",NO
7933470,6541026065,OVAL,2.01,J,VS2,,EX,EX,NONE,9.58*6.95*4.36,,62.8,61,GIA,7913,HONG KONG,,,"FEATHER, PINPOINT",NO
1204104,2231671687,OVAL,2.00,L,VS2,,EX,EX,FAINT,10.48*6.7*4.37,,65.2,56,GIA,3548,INDIA,,,"FEATHER, CRYSTAL, CLOUD, NEEDLE",NO
1183029,2231751436,OVAL,2.50,M,VS2,,EX,EX,FAINT,11.45*7.42*4.48,,60.4,58,GIA,5484,INDIA,,,"FEATHER, CRYSTAL, NEEDLE",NO
1162744,2524894351,OVAL,2.17,S-T,VS2,,EX,VG,MED,9.08*6.61*4.6,,69.6,58,GIA,3500,INDIA,,,"CRYSTAL, FEATHER, NEEDLE",NO
7549639,5546320047,OVAL,1.80,H,IF,,EX,EX,NONE,9.72*6.68*4.13,,61.8,57,GIA,13966,HONG KONG,,,,NO
1126173,2233720458,OVAL,1.70,D,VVS1,,EX,EX,FAINT,9.79*6.64*4.07,,61.3,58,GIA,13723,INDIA,,,PINPOINT,NO
7384482,6545233264,OVAL,1.70,E,VVS1,,EX,EX,FAINT,9.27*6.62*4.26,,64.3,59,GIA,14378,HONG KONG,,,"NEEDLE, CLOUD, PINPOINT",NO
3545445,7542118546,OVAL,1.70,I,VVS1,,EX,EX,NONE,9.43*6.48*4.23,,65.3,58,GIA,9925,HONG KONG,,,FEATHER,NO
7658124,6541319970,OVAL,1.70,H,VVS2,,EX,EX,NONE,9.13*6.51*4.23,,65,57,GIA,10764,HONG KONG,,,"FEATHER, CLOUD, PINPOINT",NO
1762737,2231803974,OVAL,1.71,J,VVS2,,EX,EX,STG,9.21*6.59*4.23,,64.2,57,GIA,5332,INDIA,,,"CRYSTAL, PINPOINT, FEATHER",NO
7467639,6542320029,OVAL,1.70,J,VVS2,,EX,EX,FAINT,9.05*6.54*4.26,,65.1,61,GIA,6328,HONG KONG,,,"PINPOINT, FEATHER",NO
1881265,6522474253,OVAL,1.70,M,VVS2,,EX,EX,FAINT,9.48*6.54*4.19,,64,64,GIA,2108,INDIA,,,FEATHER,NO
7427399,7536536334,OVAL,1.70,D,VS1,,EX,EX,NONE,9.49*6.4*4.2,,65.5,63,GIA,13981,HONG KONG,,,"FEATHER, NEEDLE, PINPOINT",NO
1709116,1535798137,OVAL,1.70,E,VS1,,EX,EX,FAINT,9.87*6.3*4.08,,64.8,59,GIA,12667,INDIA,,,"CRYSTAL, FEATHER",NO
7385861,7546320051,OVAL,1.71,G,VS1,,EX,EX,FAINT,9.64*6.57*4.18,,63.6,55,GIA,11631,HONG KONG,,,FEATHER,NO
1572863,5543431074,OVAL,1.70,G,VS1,,EX,EX,NONE,9.12*6.61*4.23,,64,57,GIA,11386,INDIA,,,"FEATHER, CLOUD, PINPOINT",NO
3316456,1548233284,OVAL,1.71,H,VS1,,EX,EX,STG,9.12*6.52*4.27,,65.5,56,GIA,7414,HONG KONG,,,"CRYSTAL, FEATHER, NEEDLE, PINPOINT",NO
3143792,7543320244,OVAL,1.71,H,VS1,,EX,EX,NONE,9.47*6.52*4.15,,63.7,59,GIA,10485,HONG KONG,,,"CRYSTAL, CLOUD, NEEDLE",NO
3502919,6542029746,OVAL,1.70,H,VS1,,EX,EX,NONE,9.59*6.44*4.2,,65.2,60,GIA,9777,HONG KONG,,,FEATHER,NO
7884960,2536313556,OVAL,1.70,H,VS1,,EX,EX,NONE,9.26*6.6*4.2,,63.6,60,GIA,9867,HONG KONG,,,"CRYSTAL, CLOUD, PINPOINT",NO
1954124,2546150829,OVAL,1.71,I,VS1,,EX,EX,STG,9.19*6.57*4.21,,64.1,59,GIA,6381,INDIA,,,"CRYSTAL, PINPOINT",NO
1672057,7541019148,OVAL,1.70,K,VS1,,EX,EX,FAINT,8.95*6.59*4.24,,64.4,65,GIA,3807,INDIA,,,"CLOUD, FEATHER, CRYSTAL",NO
7464199,2544150401,OVAL,1.80,W-X,VS1,,VG,VG,NONE,8.74*6.09*4.2,,69,63,GIA,2802,INDIA,,,"CLOUD, FEATHER, PINPOINT",NO
3797861,6542233181,OVAL,1.80,E,VS2,,EX,EX,FAINT,9.28*6.63*4.3,,64.9,61,GIA,13293,HONG KONG,,,"CRYSTAL, NEEDLE",NO
7234896,1549118150,OVAL,1.80,E,VS2,,EX,EX,NONE,9.54*6.58*4.24,,64.5,61,GIA,14118,HONG KONG,,,"CRYSTAL, CLOUD, NEEDLE",NO
7084339,1535757795,OVAL,1.70,E,VS2,,EX,EX,STG,9.49*6.5*4.13,,63.5,62,GIA,9739,HONG KONG,,,"FEATHER, CRYSTAL, NEEDLE",NO
7023912,7536857536,OVAL,1.70,G,VS2,,EX,EX,NONE,9.31*6.65*4.23,,63.6,58,GIA,10398,HONG KONG,,,"FEATHER, CRYSTAL, NEEDLE",NO
1272585,1232629983,OVAL,1.70,H,VS2,,EX,EX,NONE,8.9*6.55*4.31,,65.8,55,GIA,8855,INDIA,,,"CRYSTAL, FEATHER, NEEDLE, CLOUD",NO
1341618,5231832224,OVAL,1.70,H,VS2,,EX,EX,NONE,9.21*6.58*4.2,,63.8,57,GIA,9368,INDIA,,,"FEATHER, NEEDLE, PINPOINT",NO
1353309,5231823668,OVAL,1.70,J,VS2,,EX,EX,MED,8.94*6.58*4.35,,66.1,58,GIA,5247,INDIA,,,"FEATHER, CLOUD, NEEDLE, PINPOINT",NO
1760843,5232739321,OVAL,1.70,M,VS2,,EX,EX,NONE,9.41*6.73*4.08,,60.7,62,GIA,2242,INDIA,,,"CRYSTAL, FEATHER, NEEDLE",NO
1437482,1548380447,OVAL,1.55,D,VVS1,,EX,EX,STG,9.15*6.29*4.08,,65,57,GIA,8708,INDIA,,,PINPOINT,NO
3690102,5543233210,OVAL,1.50,E,VVS1,,EX,EX,FAINT,8.93*6.37*3.83,,60.2,64,GIA,10812,HONG KONG,,,FEATHER,NO
7041424,7541319877,OVAL,1.51,K,VVS1,,EX,EX,MED,8.86*6.32*4.04,,63.9,61,GIA,3259,HONG KONG,,,"PINPOINT, CLOUD",NO
3407681,2547368872,OVAL,1.51,K,VVS1,,EX,EX,FAINT,8.84*6.46*4.12,,63.8,56,GIA,3537,INDIA,,,FEATHER,NO
7905662,7538754623,OVAL,1.51,L,VVS1,,EX,EX,FAINT,8.84*6.34*4.09,,64.5,57,GIA,2216,HONG KONG,,,FEATHER,NO
7399578,6542029497,OVAL,1.51,F,VVS2,,EX,EX,NONE,9.13*6.11*3.98,,65.2,61,GIA,10192,HONG KONG,,,"FEATHER, PINPOINT",NO
7142819,7542233299,OVAL,1.51,G,VVS2,,EX,EX,NONE,9.08*6.36*4,,63,63,GIA,9454,HONG KONG,,,"FEATHER, PINPOINT",NO
3477891,7538927390,OVAL,1.51,G,VVS2,,EX,EX,NONE,8.78*6.26*4.06,,64.8,55,GIA,9268,HONG KONG,,,"FEATHER, PINPOINT",NO
7853528,5543029435,OVAL,1.51,H,VVS2,,EX,EX,FAINT,9.48*5.94*3.9,,65.7,58,GIA,7501,HONG KONG,,,"FEATHER, PINPOINT",NO
3045792,1548118190,OVAL,1.51,H,VVS2,,EX,EX,NONE,8.93*6.38*3.92,,61.5,59,GIA,8026,HONG KONG,,,"FEATHER, PINPOINT",NO
7697834,2547117947,OVAL,1.50,H,VVS2,,EX,EX,NONE,8.92*6.35*4.04,,63.6,62,GIA,7832,HONG KONG,,,"FEATHER, PINPOINT, NEEDLE",NO
1118422,5232794679,OVAL,1.52,I,VVS2,,EX,EX,STG,9.52*6.06*3.93,,64.8,57,GIA,4535,INDIA,,,"NEEDLE, PINPOINT",NO
1616657,2537804727,OVAL,1.52,D,VS1,,EX,EX,FAINT,9.13*6.31*4.06,,64.3,61,GIA,9992,INDIA,,,"CRYSTAL, PINPOINT",NO
3697213,6542233188,OVAL,1.51,E,VS1,,EX,EX,STG,8.93*6.21*4.05,,65.3,57,GIA,8402,HONG KONG,,,"ETCH CHANNEL, FEATHER",NO
1199408,6233832027,OVAL,1.50,E,VS1,,EX,EX,FAINT,8.85*6.32*4.04,,64,62,GIA,9489,INDIA,,,"FEATHER, CLOUD",NO
1362061,6542158418,OVAL,1.51,F,VS1,,EX,EX,FAINT,9.24*6.38*3.86,,60.5,60,GIA,8763,INDIA,,,"CRYSTAL, FEATHER, NEEDLE",NO
7014423,2546117955,OVAL,1.51,G,VS1,,EX,EX,FAINT,8.75*6.25*4.02,,64.4,59,GIA,8257,HONG KONG,,,"FEATHER, NEEDLE",NO
7923154,2537857517,OVAL,1.51,G,VS1,,EX,EX,NONE,9.22*6.13*4.01,,65.4,61,GIA,8745,HONG KONG,,,"CRYSTAL, FEATHER, NEEDLE, CLOUD",NO
7831769,6535927823,OVAL,1.54,H,VS1,,EX,EX,NONE,9.32*6.43*4.02,,62.5,63,GIA,7740,HONG KONG,,,"CRYSTAL, FEATHER, PINPOINT",NO
3157934,5536857584,OVAL,1.52,I,VS1,,EX,EX,FAINT,8.99*6.42*3.99,,62.2,58,GIA,5858,HONG KONG,,,"CRYSTAL, PINPOINT, CLOUD, NEEDLE",NO
1614919,1543184912,OVAL,1.50,I,VS1,,EX,EX,NONE,9.45*6.4*3.68,,57.5,64,GIA,6455,INDIA,,,"FEATHER, NEEDLE, CLOUD",NO
1818297,2235775463,OVAL,1.50,I,VS1,,EX,EX,NONE,8.78*6.43*3.99,,62,60,GIA,5883,INDIA,,,"CRYSTAL, FEATHER, NEEDLE, CLOUD",NO
7714559,1538657630,OVAL,1.69,J,VS1,,EX,EX,NONE,9.96*6.47*3.96,,61.2,56,GIA,5465,HONG KONG,,,"CRYSTAL, FEATHER, CLOUD, NEEDLE",NO
1339230,2231820850,OVAL,1.51,J,VS1,,EX,EX,FAINT,8.53*6.28*4.16,,66.3,63,GIA,4232,INDIA,,,"FEATHER, PINPOINT",NO
1634007,6541268584,OVAL,1.50,D,VS2,,EX,EX,NONE,9.35*6.49*3.8,,58.5,61,GIA,9464,INDIA,,,"CRYSTAL, ETCH CHANNEL, FEATHER, NEEDLE",NO
1292750,6541430427,OVAL,1.51,E,VS2,,EX,EX,NONE,9.03*6.36*3.94,,62,57,GIA,8855,INDIA,,,"CRYSTAL, CLOUD, FEATHER",NO
1649638,2235760703,OVAL,1.51,E,VS2,,EX,EX,NONE,8.71*6.23*4.09,,65.7,56,GIA,7943,INDIA,,,"CRYSTAL, FEATHER, PINPOINT",NO
7173679,7521582263,OVAL,1.50,E,VS2,,EX,EX,NONE,8.89*6.25*4.03,,64.5,59,GIA,8593,HONG KONG,,,"CRYSTAL, CLOUD, FEATHER",NO
7071809,6542029250,OVAL,1.51,F,VS2,,EX,EX,FAINT,8.94*6.39*4.09,,64,63,GIA,7709,HONG KONG,,,"FEATHER, CRYSTAL, NEEDLE",NO
3120484,1533857595,OVAL,1.55,G,VS2,,EX,EX,NONE,9.19*6.33*4.1,,64.7,62,GIA,8086,HONG KONG,,,"CRYSTAL, NEEDLE",NO
3947351,5536857438,OVAL,1.51,G,VS2,,EX,EX,NONE,8.76*6.33*4.18,,66.1,63,GIA,7142,HONG KONG,,,"CLOUD, FEATHER, NEEDLE",NO
3514789,6532657639,OVAL,1.51,H,VS2,,EX,EX,NONE,9.22*6.22*4,,64.3,57,GIA,6796,HONG KONG,,,"CLOUD, FEATHER, NEEDLE",NO
7813981,2547320038,OVAL,1.51,H,VS2,,EX,EX,NONE,8.79*6.29*4.01,,63.7,59,GIA,6880,HONG KONG,,,"CLOUD, CRYSTAL, FEATHER, NEEDLE",NO
3896190,1535927382,OVAL,1.51,I,VS2,,EX,EX,FAINT,8.7*6.37*4.19,,65.8,62,GIA,5327,HONG KONG,,,"CRYSTAL, CLOUD",NO
1789146,2231773569,OVAL,1.50,I,VS2,,EX,EX,FAINT,8.78*6.27*4.02,,64.2,58,GIA,5567,INDIA,,,"CLOUD, CRYSTAL, NEEDLE",NO
7399570,2526972734,OVAL,1.51,J,VS2,,EX,EX,FAINT,8.77*6.26*4.01,,64.1,61,GIA,3746,HONG KONG,,,"CRYSTAL, FEATHER, CLOUD, NEEDLE",NO
7264232,6541233192,OVAL,1.51,J,VS2,,EX,EX,NONE,9.26*6.12*3.99,,65.2,60,GIA,4740,HONG KONG,,,"CRYSTAL, FEATHER, NEEDLE",NO
1713032,6237818936,OVAL,1.50,J,VS2,,VG,VG,STG,9*6.61*3.82,,57.8,66,GIA,3058,INDIA,,,"CRYSTAL, FEATHER, NEEDLE",NO
1570437,5543030516,OVAL,1.50,J,VS2,,EX,EX,NONE,9.1*6.28*3.96,,63.1,58,GIA,4560,INDIA,,,"CRYSTAL, FEATHER, NEEDLE",NO
1369522,6233804492,OVAL,1.51,K,VS2,,VG,EX,VST,8.64*6.29*4.13,,65.7,55,GIA,2080,INDIA,,,"CRYSTAL, FEATHER, CLOUD, NEEDLE",NO
7638833,1548166543,OVAL,1.50,Y-Z,VS2,,VG,VG,MED,7.92*5.79*4.05,,69.9,64,GIA,2201,INDIA,,,"CRYSTAL, FEATHER, NEEDLE",NO
3883969,1533927570,OVAL,1.23,D,IF,,EX,EX,NONE,8.52*5.78*3.72,,64.3,60,GIA,7918,HONG KONG,,,,NO
3517474,2547233195,OVAL,1.25,F,IF,,EX,EX,NONE,8.56*5.86*3.79,,64.7,60,GIA,6620,HONG KONG,,,,NO
1296853,5231720455,OVAL,1.22,H,IF,,EX,EX,NONE,8.27*5.91*3.78,,63.9,57,GIA,3895,INDIA,,,,NO
3260030,6545233501,OVAL,1.20,H,IF,,EX,EX,NONE,8.34*5.77*3.81,,66.1,63,GIA,3763,HONG KONG,,,,NO
3885565,2534926300,OVAL,1.20,H,IF,,EX,EX,NONE,8.25*5.89*3.62,,61.4,59,GIA,3906,HONG KONG,,,,NO
7477625,2537754765,OVAL,1.20,J,IF,,EX,EX,NONE,8.21*5.87*3.71,,63.2,60,GIA,2779,HONG KONG,,,,NO
1128859,1236773899,OVAL,1.22,D,VVS1,,EX,EX,FAINT,9.35*5.98*3.2,,53.6,65,GIA,6230,INDIA,,,PINPOINT,NO
1621756,2235751242,OVAL,1.21,D,VVS1,,EX,EX,FAINT,8.54*5.9*3.72,,63.1,57,GIA,6179,INDIA,,,"PINPOINT, FEATHER",NO
7049416,5536754672,OVAL,1.22,E,VVS1,,EX,EX,FAINT,8.81*6.02*3.49,,58,63,GIA,5800,HONG KONG,,,FEATHER,NO
3740255,1549233307,OVAL,1.30,F,VVS1,,EX,EX,NONE,9.14*5.99*3.57,,59.5,56,GIA,6822,HONG KONG,,,FEATHER,NO
7757064,7536754549,OVAL,1.40,G,VVS1,,EX,EX,FAINT,8.86*6.08*3.84,,63.1,55,GIA,7534,HONG KONG,,,FEATHER,NO
3471463,7546029922,OVAL,1.21,G,VVS1,,EX,EX,NONE,8.42*5.79*3.75,,64.8,61,GIA,5109,HONG KONG,,,FEATHER,NO
7875229,6535567109,OVAL,1.21,G,VVS1,,EX,EX,NONE,8.76*5.97*3.53,,59.1,57,GIA,5067,HONG KONG,,,"CLOUD, FEATHER",NO
1752736,2235832143,OVAL,1.20,G,VVS1,,EX,EX,NONE,8.58*5.69*3.63,,63.8,57,GIA,5275,INDIA,,,FEATHER,NO
7520997,7541029766,OVAL,1.20,G,VVS1,,EX,EX,NONE,8.22*5.8*3.73,,64.2,58,GIA,5150,HONG KONG,,,"PINPOINT, FEATHER",NO
7165201,2528666256,OVAL,1.20,G,VVS1,,EX,EX,FAINT,7.95*5.84*3.89,,66.6,59,GIA,3791,HONG KONG,,,"NEEDLE, CLOUD, FEATHER, CAVITY",NO
3360996,2231827795,OVAL,1.26,I,VVS1,,EX,EX,FAINT,8.38*5.98*3.85,,64.4,59,GIA,3514,INDIA,,,"PINPOINT, FEATHER",NO
3893009,1535927584,OVAL,1.30,K,VVS1,,EX,EX,NONE,8.73*6.02*3.73,,62,60,GIA,2097,HONG KONG,,,"CAVITY, FEATHER",NO
3322833,2536857952,OVAL,1.22,D,VVS2,,EX,EX,NONE,8.47*5.81*3.73,,64.2,61,GIA,6573,HONG KONG,,,"NEEDLE, CLOUD, FEATHER",NO
1968562,5536560044,OVAL,1.20,G,VVS2,,EX,EX,NONE,8.27*5.91*3.67,,62.1,58,GIA,4662,INDIA,,,"NEEDLE, PINPOINT",NO
1349247,1236818829,OVAL,1.20,H,VVS2,,EX,EX,STG,8.14*5.82*3.71,,63.8,58,GIA,2766,INDIA,,,PINPOINT,NO
3587301,7546233420,OVAL,1.22,I,VVS2,,EX,EX,NONE,8.43*5.81*3.76,,64.6,60,GIA,3478,HONG KONG,,,"CLOUD, PINPOINT, FEATHER",NO
7589297,2548118059,OVAL,1.20,I,VVS2,,EX,EX,NONE,8.1*5.83*3.75,,64.2,58,GIA,3246,HONG KONG,,,FEATHER,NO
1804799,6541430504,OVAL,1.20,D,VS1,,EX,EX,NONE,8.31*5.74*3.72,,64.8,60,GIA,5700,INDIA,,,"CRYSTAL, FEATHER, CLOUD, NEEDLE",NO
7647741,1535754664,OVAL,1.20,D,VS1,,EX,EX,NONE,8.22*5.86*3.73,,63.6,60,GIA,5610,HONG KONG,,,"CRYSTAL, FEATHER, PINPOINT",NO
1209581,1545430261,OVAL,1.20,F,VS1,,EX,EX,NONE,8.66*5.68*3.65,,64.3,64,GIA,5012,INDIA,,,"CRYSTAL, CLOUD, NEEDLE",NO
7500806,2537313617,OVAL,1.20,F,VS1,,EX,EX,FAINT,8.28*5.71*3.69,,64.8,60,GIA,4334,HONG KONG,,,"CRYSTAL, NEEDLE, CLOUD, PINPOINT",NO
7049114,7526666382,OVAL,1.20,F,VS1,,EX,EX,NONE,8.16*5.7*3.76,,66,60,GIA,4521,HONG KONG,,,"CRYSTAL, NEEDLE, FEATHER",NO
1344689,6542158533,OVAL,1.20,F,VS1,,EX,EX,STG,8.4*5.79*3.71,,64.1,64,GIA,3742,INDIA,,,"CRYSTAL, PINPOINT",NO
3375176,6532861798,OVAL,1.20,F,VS1,,EX,EX,NONE,8.15*5.81*3.73,,64.1,61,GIA,4973,HONG KONG,,,"CRYSTAL, FEATHER, NEEDLE, CLOUD",NO
1304469,6545158576,OVAL,1.20,G,VS1,,EX,EX,FAINT,8.38*5.99*3.6,,60.1,61,GIA,4420,INDIA,,,"FEATHER, CLOUD, NEEDLE",NO
3894640,6541118079,OVAL,1.20,G,VS1,,EX,EX,STG,8.11*5.91*3.75,,63.5,58,GIA,3665,HONG KONG,,,"CRYSTAL, FEATHER, NEEDLE, PINPOINT",NO
3114065,6545233514,OVAL,1.20,G,VS1,,EX,EX,NONE,8.36*5.76*3.68,,63.9,63,GIA,4638,HONG KONG,,,"CRYSTAL, KNOT, NEEDLE",NO
1482506,3525321405,OVAL,1.20,G,VS1,,EX,EX,NONE,8.17*5.84*3.71,,63.7,60,GIA,4717,INDIA,,,"CRYSTAL, PINPOINT",NO
1908312,1232832145,OVAL,1.20,G,VS1,,EX,EX,NONE,8.33*5.73*3.72,,64.9,60,GIA,4594,INDIA,,,"CRYSTAL, FEATHER, CLOUD, PINPOINT",NO
1465793,2235811243,OVAL,1.20,G,VS1,,EX,EX,MED,7.91*5.82*3.77,,64.8,55,GIA,3919,INDIA,,,"FEATHER, PINPOINT",NO
7706180,2548029743,OVAL,1.20,G,VS1,,EX,EX,NONE,8.26*5.8*3.75,,64.7,60,GIA,4638,HONG KONG,,,"CRYSTAL, NEEDLE, PINPOINT",NO
3575255,1537861812,OVAL,1.20,G,VS1,,EX,EX,MED,8.41*5.77*3.71,,64.3,59,GIA,4064,HONG KONG,,,"FEATHER, PINPOINT, NEEDLE, CLOUD",NO
7151667,6541320207,OVAL,1.40,H,VS1,,EX,EX,NONE,9.32*5.88*3.85,,65.4,55,GIA,6513,HONG KONG,,,"FEATHER, NEEDLE, PINPOINT",NO
1357942,7536113802,OVAL,1.20,H,VS1,,VG,VG,NONE,8.57*5.57*3.61,,64.8,58,GIA,3462,INDIA,,,"CRYSTAL, FEATHER, NEEDLE, PINPOINT",NO
7780279,5533927702,OVAL,1.20,H,VS1,,EX,EX,MED,7.85*5.77*3.83,,66.4,60,GIA,3277,HONG KONG,,,"CRYSTAL, FEATHER, PINPOINT, NEEDLE",NO
1938059,7546151007,OVAL,1.21,I,VS1,,EX,EX,MED,8.17*5.83*3.73,,63.9,60,GIA,2643,INDIA,,,"CLOUD, NEEDLE, PINPOINT",NO
3573374,3535857410,OVAL,1.21,I,VS1,,EX,EX,MED,8.27*5.9*3.71,,63,60,GIA,3013,HONG KONG,,,CRYSTAL,NO
7423287,5533927567,OVAL,1.20,I,VS1,,EX,EX,FAINT,8.19*5.75*3.78,,65.8,59,GIA,3030,HONG KONG,,,"CRYSTAL, NEEDLE",NO
7852937,7528747684,OVAL,1.20,I,VS1,,EX,EX,NONE,7.97*5.85*3.83,,65.4,59,GIA,2726,HONG KONG,,,"CRYSTAL, NEEDLE, CLOUD",NO
3050550,1545319752,OVAL,1.20,I,VS1,,EX,EX,NONE,8.25*5.87*3.76,,64,57,GIA,3161,HONG KONG,,,CLOUD,NO
7035359,5546029316,OVAL,1.20,I,VS1,,EX,EX,NONE,8.83*5.87*3.47,,59.2,64,GIA,3229,HONG KONG,,,"CRYSTAL, CLOUD, NEEDLE",NO
1345997,1236804323,OVAL,1.30,J,VS1,,EX,VG,MED,8.51*6.08*3.86,,63.4,62,GIA,2723,INDIA,,,"CRYSTAL, CLOUD, FEATHER, NEEDLE",NO
3922221,6542118071,OVAL,1.21,J,VS1,,EX,EX,FAINT,8.5*5.75*3.72,,64.7,57,GIA,2511,HONG KONG,,,"CRYSTAL, FEATHER, NEEDLE",NO
1263230,6542430643,OVAL,1.20,J,VS1,,EX,EX,STG,8.15*5.83*3.8,,65.2,58,GIA,2056,INDIA,,,"CRYSTAL, PINPOINT",NO
7955889,3525286971,OVAL,1.30,K,VS1,,EX,EX,NONE,8.55*6*3.85,,64.1,61,GIA,1790,HONG KONG,,,"CRYSTAL, CLOUD, PINPOINT",NO
7405190,2547029944,OVAL,1.21,D,VS2,,EX,EX,VST,9.09*6.02*3.39,,56.4,61,GIA,3244,HONG KONG,,,"CRYSTAL, FEATHER",NO
7493942,6512629799,OVAL,1.21,D,VS2,,EX,EX,NONE,8.47*5.78*3.74,,64.6,60,GIA,4735,HONG KONG,,,"Cloud, Feather, Crystal",NO
1970057,6237827801,OVAL,1.20,D,VS2,,EX,EX,MED,8.12*5.86*3.82,,65.2,63,GIA,3830,INDIA,,,"CRYSTAL, PINPOINT",NO
1454139,1232775493,OVAL,1.20,D,VS2,,EX,EX,FAINT,8.53*5.91*3.57,,60.5,59,GIA,4857,INDIA,,,FEATHER,NO
1845390,6542380312,OVAL,1.38,E,VS2,,EX,EX,NONE,8.81*6.06*3.92,,64.7,57,GIA,6226,INDIA,,,"CRYSTAL, NEEDLE",NO
1667324,2231827817,OVAL,1.20,E,VS2,,EX,EX,NONE,8.22*5.87*3.74,,63.8,58,GIA,4834,INDIA,,,"FEATHER, CLOUD, NEEDLE",NO
1698612,1236751441,OVAL,1.20,E,VS2,,EX,EX,FAINT,8.24*5.64*3.82,,67.7,56,GIA,3883,INDIA,,,"CRYSTAL, PINPOINT",NO
1157999,5232778471,OVAL,1.20,E,VS2,,EX,EX,NONE,8.42*5.7*3.64,,63.9,59,GIA,4688,INDIA,,,"CRYSTAL, FEATHER, PINPOINT",NO
1902912,6542117003,OVAL,1.30,F,VS2,,EX,EX,FAINT,8.72*5.8*3.82,,66,55,GIA,5384,INDIA,,,"CRYSTAL, CLOUD, FEATHER, NEEDLE",NO
1881986,7541151479,OVAL,1.21,F,VS2,,EX,EX,FAINT,8.2*5.86*3.76,,64.1,60,GIA,4133,INDIA,,,"CRYSTAL, NEEDLE",NO
1494496,3535793058,OVAL,1.20,F,VS2,,EX,EX,NONE,8.1*5.87*3.73,,63.5,60,GIA,4215,INDIA,,,"CRYSTAL, CLOUD, FEATHER, NEEDLE",NO
1712890,2231710071,OVAL,1.20,F,VS2,,EX,EX,NONE,8.25*5.89*3.66,,62.2,62,GIA,4291,INDIA,,,"CRYSTAL, FEATHER, NEEDLE, CLOUD",NO
1741697,7541150487,OVAL,1.20,F,VS2,,EX,EX,STG,8.16*5.83*3.73,,64.1,59,GIA,3359,INDIA,,,"CRYSTAL, NEEDLE",NO
7474131,2547233208,OVAL,1.40,G,VS2,,EX,EX,STG,8.99*6.19*3.79,,61.2,56,GIA,4967,HONG KONG,,,CRYSTAL,NO
1575565,1528635184,OVAL,1.22,G,VS2,,EX,EX,NONE,8.9*5.78*3.62,,62.7,58,GIA,4106,INDIA,,,"CRYSTAL, CLOUD, FEATHER, NEEDLE",NO
7448892,6535857107,OVAL,1.21,G,VS2,,EX,EX,FAINT,8.36*5.93*3.64,,61.3,64,GIA,3877,HONG KONG,,,"CRYSTAL, CLOUD, ETCH CHANNEL, FEATHER, NEEDLE",NO
7740972,1535754736,OVAL,1.21,G,VS2,,EX,EX,MED,8.21*5.86*3.7,,63.2,61,GIA,3643,HONG KONG,,,CRYSTAL,NO
1532970,2235653411,OVAL,1.20,G,VS2,,EX,EX,FAINT,8.2*5.86*3.6,,61.6,59,GIA,3780,INDIA,,,TWINNING WISP,NO
7038041,2537214438,OVAL,1.20,G,VS2,,EX,EX,FAINT,8.23*5.87*3.77,,64.2,61,GIA,3845,HONG KONG,,,"CRYSTAL, NEEDLE",NO
7295686,7542118050,OVAL,1.20,G,VS2,,EX,EX,NONE,8.61*6.04*3.49,,57.8,58,GIA,4419,HONG KONG,,,"CRYSTAL, CLOUD, FEATHER, NEEDLE",NO
7964197,1543029330,OVAL,1.20,G,VS2,,EX,EX,NONE,8.11*5.85*3.77,,64.5,66,GIA,4064,HONG KONG,,,"CRYSTAL, FEATHER, PINPOINT, NEEDLE, INDENTED NATURAL",NO
7222468,6532536344,OVAL,1.20,G,VS2,,EX,EX,NONE,8.31*5.93*3.65,,61.6,59,GIA,3974,HONG KONG,,,"CRYSTAL, FEATHER, NEEDLE",NO
1393241,6532834350,OVAL,1.20,G,VS2,,EX,EX,NONE,8.22*6.02*3.56,,59.1,56,GIA,3903,INDIA,,,"FEATHER, PINPOINT",NO
1114342,5231818866,OVAL,1.20,G,VS2,,EX,EX,NONE,7.94*5.76*3.86,,67,54,GIA,3838,INDIA,,,"TWINNING WISP, CRYSTAL, CLOUD",NO
3529075,2534927607,OVAL,1.41,H,VS2,,EX,EX,NONE,8.99*6.15*3.84,,62.4,60,GIA,5963,HONG KONG,,,"CRYSTAL, FEATHER, PINPOINT",NO
1862693,1236829047,OVAL,1.20,H,VS2,,EX,EX,NONE,8.3*5.93*3.77,,63.7,64,GIA,3590,INDIA,,,"FEATHER, CLOUD",NO
7252011,1545320214,OVAL,1.20,H,VS2,,EX,VG,NONE,8.12*5.77*3.77,,65.2,63,GIA,3630,HONG KONG,,,"CRYSTAL, FEATHER, CAVITY, CLOUD",NO
1563911,2235828938,OVAL,1.21,I,VS2,,EX,EX,FAINT,8*5.81*3.82,,65.8,55,GIA,2808,INDIA,,,"CRYSTAL, CLOUD",NO
1243722,5536496252,OVAL,1.20,I,VS2,,EX,EX,NONE,8.23*5.89*3.76,,63.9,60,GIA,2830,INDIA,,,"CRYSTAL, CLOUD, FEATHER, NEEDLE",NO
7271985,2527666279,OVAL,1.20,I,VS2,,EX,EX,NONE,8.07*5.89*3.79,,64.3,61,GIA,2660,HONG KONG,,,"CRYSTAL, FEATHER, CLOUD, NEEDLE",NO
1347042,2235751451,OVAL,1.20,I,VS2,,VG,EX,NONE,8.97*5.76*3.42,,59.3,62,GIA,3078,INDIA,,,"CLOUD, CRYSTAL, FEATHER, NEEDLE",NO
3572521,1525972781,OVAL,1.20,I,VS2,,EX,EX,NONE,8.14*5.83*3.75,,64.3,60,GIA,2830,HONG KONG,,,"CRYSTAL, CLOUD, KNOT, FEATHER, NEEDLE",NO
7405023,6522945392,OVAL,1.27,K,VS2,,EX,EX,MED,8.97*5.75*3.67,,63.8,57,GIA,1627,HONG KONG,,,"FEATHER, TWINNING WISP",NO
7232871,7546233570,OVAL,1.20,K,VS2,,EX,EX,FAINT,8.16*5.82*3.73,,64.2,56,GIA,1674,HONG KONG,,,"CRYSTAL, FEATHER, NEEDLE, CLOUD",NO
3736688,2534927594,OVAL,1.01,E,IF,,EX,EX,NONE,7.87*5.62*3.45,,61.5,65,GIA,4619,HONG KONG,,,,NO
3840151,2547029236,OVAL,1.01,G,IF,,EX,EX,NONE,8.26*5.6*3.24,,57.8,63,GIA,3651,HONG KONG,,,,NO
1925783,7536549834,OVAL,1.00,H,IF,,EX,EX,NONE,7.7*5.5*3.52,,64,58,GIA,2434,INDIA,,,,NO
1834526,5232771922,OVAL,1.02,D,VVS1,,EX,EX,MED,8.47*5.3*3.42,,64.6,58,GIA,3372,INDIA,,,PINPOINT,NO
7220280,6542233247,OVAL,1.01,D,VVS1,,EX,EX,NONE,8.62*5.53*3.38,,61.1,60,GIA,4907,HONG KONG,,,"PINPOINT, FEATHER",NO
1638488,2235712074,OVAL,1.00,E,VVS1,,EX,EX,VST,7.51*5.52*3.51,,63.6,61,GIA,2688,INDIA,,,"FEATHER, CAVITY",NO
3068551,7541233310,OVAL,1.05,F,VVS1,,EX,EX,NONE,8.04*5.54*3.59,,64.7,55,GIA,4230,HONG KONG,,,"PINPOINT, CLOUD, FEATHER",NO
1862664,7548386736,OVAL,1.00,F,VVS1,,EX,EX,MED,7.51*5.53*3.47,,62.7,55,GIA,2970,INDIA,,,FEATHER,NO
1849756,5231827764,OVAL,1.02,G,VVS1,,EX,EX,NONE,7.79*5.57*3.55,,63.7,58,GIA,3442,INDIA,,,"CLOUD, FEATHER",NO
7031708,3545233152,OVAL,1.01,G,VVS1,,EX,EX,FAINT,8.09*5.58*3.3,,59.1,63,GIA,3079,HONG KONG,,,FEATHER,NO
1547826,1236751368,OVAL,1.00,G,VVS1,,EX,EX,NONE,7.75*5.52*3.43,,62.2,58,GIA,3125,INDIA,,,PINPOINT,NO
7337031,5546319747,OVAL,1.02,H,VVS1,,EX,EX,NONE,7.8*5.57*3.52,,63.2,61,GIA,2988,HONG KONG,,,FEATHER,NO
1148144,5231823538,OVAL,1.00,H,VVS1,,VG,EX,NONE,7.49*5.5*3.63,,66,56,GIA,2533,INDIA,,,PINPOINT,NO
3579250,5546118024,OVAL,1.01,I,VVS1,,EX,EX,STG,7.81*5.45*3.55,,65.1,61,GIA,1941,HONG KONG,,,"PINPOINT, CLOUD, FEATHER",NO
1237651,1236811300,OVAL,1.01,I,VVS1,,EX,EX,MED,7.73*5.52*3.54,,64.2,64,GIA,1792,INDIA,,,"PINPOINT, FEATHER",NO
1733483,5232778456,OVAL,1.01,I,VVS1,,EX,EX,MED,7.63*5.45*3.49,,64.1,62,GIA,1742,INDIA,,,FEATHER,NO
1615160,2235775552,OVAL,1.01,J,VVS1,,EX,EX,NONE,7.55*5.59*3.62,,64.8,57,GIA,1827,INDIA,,,"PINPOINT, FEATHER",NO
7089664,2536927519,OVAL,1.01,J,VVS1,,EX,EX,NONE,8.32*5.32*3.45,,64.9,58,GIA,2059,HONG KONG,,,FEATHER,NO
1696703,6532549798,OVAL,1.00,J,VVS1,,EX,EX,NONE,7.74*5.54*3.46,,62.4,55,GIA,1809,INDIA,,,PINPOINT,NO
1847759,6542430379,OVAL,1.01,D,VVS2,,VG,EX,NONE,7.74*5.53*3.56,,64.3,58,GIA,4556,INDIA,,,NEEDLE,NO
1286576,2231820861,OVAL,1.03,E,VVS2,,EX,EX,NONE,8.41*5.61*3.31,,59,63,GIA,4211,INDIA,,,"NEEDLE, PINPOINT",NO
1160581,5231827786,OVAL,1.01,E,VVS2,,EX,EX,STG,7.43*5.48*3.61,,65.8,60,GIA,2498,INDIA,,,"NEEDLE, PINPOINT, FEATHER, CLOUD",NO
7748657,2536754798,OVAL,1.03,F,VVS2,,EX,EX,NONE,8.51*5.4*3.5,,64.7,64,GIA,3891,HONG KONG,,,PINPOINT,NO
7440766,6545029409,OVAL,1.01,F,VVS2,,EX,EX,NONE,7.81*5.58*3.52,,63.2,64,GIA,3873,HONG KONG,,,FEATHER,NO
7111098,6542233156,OVAL,1.01,G,VVS2,,EX,EX,FAINT,7.79*5.36*3.54,,66.1,58,GIA,2756,HONG KONG,,,"FEATHER, PINPOINT",NO
1443063,5232773659,OVAL,1.00,G,VVS2,,EX,VG,NONE,7.43*5.47*3.61,,65.9,58,GIA,2858,INDIA,,,"FEATHER, PINPOINT",NO
1685054,6237832116,OVAL,1.01,H,VVS2,,EX,EX,FAINT,7.72*5.33*3.56,,66.8,59,GIA,2577,INDIA,,,"NEEDLE, FEATHER, PINPOINT",NO
1761805,5231832122,OVAL,1.01,H,VVS2,,EX,EX,NONE,7.69*5.5*3.57,,64.9,57,GIA,2733,INDIA,,,"NEEDLE, PINPOINT, CLOUD",NO
1128058,2235775546,OVAL,1.01,I,VVS2,,EX,EX,NONE,7.4*5.45*3.61,,66.2,57,GIA,1877,INDIA,,,FEATHER,NO
1535309,7541430724,OVAL,1.01,I,VVS2,,EX,EX,NONE,8.02*5.22*3.52,,67.4,56,GIA,2257,INDIA,,,"CRYSTAL, CLOUD, FEATHER",NO
1192200,2235775792,OVAL,1.00,J,VVS2,,EX,EX,NONE,7.47*5.47*3.59,,65.6,58,GIA,1653,INDIA,,,"PINPOINT, CLOUD",NO
1562966,2225879921,OVAL,1.00,S-T,VVS2,,EX,VG,FAINT,6.78*5.10*3.55,,69.7,57,GIA,1344,INDIA,,,"PINPOINT,NEEDLE",NO
1111937,1232823674,OVAL,1.06,D,VS1,,VG,EX,MED,8.06*5.58*3.56,,63.8,57,GIA,3182,INDIA,,,"FEATHER, CLOUD, NEEDLE, PINPOINT",NO
7394523,6532857478,OVAL,1.01,D,VS1,,EX,EX,NONE,7.71*5.51*3.49,,63.3,64,GIA,4047,HONG KONG,,,"NEEDLE, PINPOINT, FEATHER",NO
1870139,6233775535,OVAL,1.01,D,VS1,,EX,EX,FAINT,7.7*5.5*3.54,,64.3,61,GIA,3365,INDIA,,,"CRYSTAL, PINPOINT",NO
1235593,2233671676,OVAL,1.01,D,VS1,,EX,VG,FAINT,7.68*5.48*3.61,,65.9,62,GIA,3070,INDIA,,,"CRYSTAL, NEEDLE, PINPOINT",NO
1246013,6237832067,OVAL,1.01,D,VS1,,EX,EX,NONE,8.28*5.35*3.32,,62,54,GIA,4115,INDIA,,,FEATHER,NO
1976029,2235828904,OVAL,1.01,D,VS1,,EX,EX,NONE,7.99*5.52*3.41,,61.7,60,GIA,4062,INDIA,,,"CRYSTAL, FEATHER, PINPOINT",NO
1324591,1236775577,OVAL,1.00,D,VS1,,EX,EX,FAINT,7.63*5.54*3.61,,65.1,64,GIA,3182,INDIA,,,"CRYSTAL, FEATHER, PINPOINT, INDENTED NATURAL",NO
1136401,2235751203,OVAL,1.01,E,VS1,,EX,EX,FAINT,7.8*5.45*3.48,,63.8,58,GIA,3114,INDIA,,,"FEATHER, NEEDLE, PINPOINT",NO
1917132,1236832138,OVAL,1.01,E,VS1,,EX,EX,FAINT,7.49*5.51*3.63,,65.9,57,GIA,3121,INDIA,,,"FEATHER, ETCH CHANNEL, INDENTED NATURAL",NO
1544330,2235765105,OVAL,1.01,E,VS1,,EX,EX,NONE,7.45*5.47*3.62,,66.2,61,GIA,3261,INDIA,,,"CRYSTAL, FEATHER, NEEDLE",NO
1224729,1547158921,OVAL,1.01,E,VS1,,EX,EX,STG,7.72*5.53*3.47,,62.7,63,GIA,2385,INDIA,,,"CRYSTAL, FEATHER, NEEDLE, KNOT",NO
1425509,2235832179,OVAL,1.01,E,VS1,,EX,EX,STG,8.09*5.68*3.29,,57.8,65,GIA,2455,INDIA,,,CRYSTAL,NO
1754936,2235833983,OVAL,1.01,E,VS1,,EX,EX,NONE,7.45*5.48*3.65,,66.6,56,GIA,3402,INDIA,,,"FEATHER, NEEDLE, PINPOINT",NO
1338271,2231751434,OVAL,1.01,E,VS1,,EX,EX,NONE,7.56*5.51*3.62,,65.8,56,GIA,3507,INDIA,,,"CRYSTAL, CLOUD, PINPOINT",NO
1720316,6535404166,OVAL,1.00,E,VS1,,EX,EX,NONE,7.45*5.44*3.57,,65.5,58,GIA,3368,HONG KONG,,,"FEATHER, CLOUD, PINPOINT",NO
1203851,5232818781,OVAL,1.00,E,VS1,,EX,EX,FAINT,7.69*5.5*3.51,,63.7,57,GIA,3139,INDIA,,,"FEATHER, NEEDLE",NO
7678978,2547320123,OVAL,1.03,F,VS1,,EX,EX,NONE,8.13*5.6*3.61,,64.5,62,GIA,3566,HONG KONG,,,"CRYSTAL, CLOUD, NEEDLE",NO
3424156,2546233496,OVAL,1.02,F,VS1,,EX,EX,NONE,7.9*5.44*3.53,,64.8,62,GIA,3618,HONG KONG,,,"CRYSTAL, FEATHER, NEEDLE, PINPOINT",NO
1946415,2235827760,OVAL,1.01,F,VS1,,EX,EX,NONE,7.73*5.52*3.55,,64.2,57,GIA,3517,INDIA,,,"CRYSTAL, PINPOINT",NO
7632840,1548233287,OVAL,1.01,F,VS1,,EX,EX,NONE,7.75*5.54*3.58,,64.7,63,GIA,3451,HONG KONG,,,"CRYSTAL, NEEDLE",NO
1218573,2233823403,OVAL,1.01,F,VS1,,EX,EX,NONE,7.74*5.52*3.52,,63.6,58,GIA,3471,INDIA,,,"CRYSTAL, NEEDLE",NO
1444085,6237773643,OVAL,1.00,F,VS1,,EX,EX,FAINT,7.33*5.39*3.72,,68.9,59,GIA,2663,INDIA,,,"CRYSTAL, NEEDLE, PINPOINT",NO
1678701,1549156043,OVAL,1.00,F,VS1,,EX,EX,MED,7.5*5.5*3.66,,66.6,58,GIA,2371,INDIA,,,"CRYSTAL, PINPOINT",NO
1933407,1545431202,OVAL,1.05,G,VS1,,EX,EX,NONE,8.21*5.42*3.52,,65.1,58,GIA,3258,INDIA,,,"CRYSTAL, NEEDLE, CLOUD",NO
1157524,2235751201,OVAL,1.01,G,VS1,,EX,EX,NONE,7.57*5.49*3.57,,65.1,61,GIA,2779,INDIA,,,"CRYSTAL, NEEDLE",NO
1582742,1535846843,OVAL,1.01,G,VS1,,EX,EX,NONE,7.68*5.69*3.68,,64.7,61,GIA,2902,INDIA,,,FEATHER,NO
1603295,2231760819,OVAL,1.01,G,VS1,,EX,EX,NONE,7.58*5.49*3.6,,65.6,57,GIA,2840,INDIA,,,"CRYSTAL, FEATHER, NEEDLE",NO
1876326,2233823645,OVAL,1.01,G,VS1,,EX,EX,NONE,7.68*5.4*3.57,,66.1,59,GIA,2871,INDIA,,,"CLOUD, CRYSTAL, FEATHER, NEEDLE",NO
1433981,2235765120,OVAL,1.01,G,VS1,,EX,EX,NONE,7.41*5.46*3.6,,65.8,60,GIA,2779,INDIA,,,"CRYSTAL, CLOUD, NEEDLE",NO
1276791,2231823630,OVAL,1.01,G,VS1,,EX,EX,FAINT,7.76*5.54*3.45,,62.2,58,GIA,2804,INDIA,,,"CRYSTAL, FEATHER, CLOUD, PINPOINT",NO
1375877,1232832297,OVAL,1.00,G,VS1,,EX,EX,NONE,7.72*5.48*3.51,,64,58,GIA,2921,INDIA,,,"CRYSTAL, NEEDLE, PINPOINT",NO
1284669,1232827999,OVAL,1.00,G,VS1,,EX,EX,NONE,7.57*5.49*3.61,,65.7,62,GIA,2752,INDIA,,,"CRYSTAL, FEATHER, PINPOINT",NO
1962955,1232820962,OVAL,1.00,G,VS1,,EX,EX,NONE,7.65*5.47*3.48,,63.5,59,GIA,2939,INDIA,,,"FEATHER, PINPOINT",NO
1493029,6237803864,OVAL,1.00,G,VS1,,EX,EX,NONE,7.38*5.44*3.59,,66,57,GIA,2722,INDIA,,,"CRYSTAL, CLOUD, NEEDLE, FEATHER",NO
1442806,5231778600,OVAL,1.00,G,VS1,,EX,EX,NONE,7.47*5.5*3.63,,66.1,59,GIA,2722,INDIA,,,"CRYSTAL, FEATHER, NEEDLE",NO
1137257,1236832088,OVAL,1.08,H,VS1,,EX,EX,NONE,8.09*5.58*3.61,,64.7,56,GIA,2743,INDIA,,,"CRYSTAL, CLOUD, FEATHER, NEEDLE",NO
1493642,3535834470,OVAL,1.07,H,VS1,,EX,EX,FAINT,8.44*5.38*3.5,,64.9,58,GIA,2646,INDIA,,,"CRYSTAL, CLOUD, NEEDLE",NO
1501975,1232820916,OVAL,1.05,H,VS1,,EX,EX,NONE,7.94*5.67*3.61,,63.7,57,GIA,2737,INDIA,,,"CRYSTAL, NEEDLE",NO
1682660,7538747819,OVAL,1.03,H,VS1,,EX,EX,NONE,8.03*5.53*3.57,,64.6,56,GIA,2685,INDIA,,,"CRYSTAL, FEATHER, NEEDLE",NO
1479620,2233827918,OVAL,1.01,H,VS1,,VG,EX,NONE,7.75*5.55*3.49,,62.9,63,GIA,2633,INDIA,,,"FEATHER, CLOUD, PINPOINT",NO
1459924,6532551134,OVAL,1.01,H,VS1,,EX,EX,NONE,7.72*5.51*3.51,,63.6,58,GIA,2576,INDIA,,,"NEEDLE, FEATHER",NO
7237841,2536657617,OVAL,1.01,H,VS1,,EX,EX,NONE,7.74*5.49*3.52,,64.2,59,GIA,2628,HONG KONG,,,"CRYSTAL, NEEDLE",NO
1710363,5232691824,OVAL,1.01,H,VS1,,EX,EX,NONE,7.72*5.59*3.57,,63.9,58,GIA,2503,INDIA,,,"CRYSTAL, FEATHER, CLOUD, NEEDLE",NO
7922105,7523582402,OVAL,1.01,H,VS1,,EX,EX,NONE,7.82*5.46*3.5,,64,64,GIA,2758,HONG KONG,,,FEATHER,NO
1805909,1232745954,OVAL,1.01,H,VS1,,EX,EX,FAINT,7.96*5.43*3.48,,64,57,GIA,2456,INDIA,,,"CRYSTAL, NEEDLE",NO
1766914,3535804931,OVAL,1.01,H,VS1,,VG,EX,NONE,7.45*5.48*3.55,,64.8,58,GIA,2342,INDIA,,,"FEATHER, NEEDLE, PINPOINT, CLOUD",NO
7349338,7532776378,OVAL,1.00,H,VS1,,VG,EX,NONE,8.22*5.4*3.35,,62,62,GIA,2658,HONG KONG,,,FEATHER,NO
3334760,1538951889,OVAL,1.00,H,VS1,,EX,VG,NONE,7.84*5.58*3.57,,64,62,GIA,2658,HONG KONG,,,"FEATHER, CLOUD",NO
7654930,5533776377,OVAL,1.00,H,VS1,,EX,EX,NONE,7.67*5.51*3.48,,63.1,57,GIA,2561,HONG KONG,,,"FEATHER, CLOUD",NO
1908671,2235818709,OVAL,1.00,H,VS1,,EX,EX,MED,8.31*5.74*3,,52.3,65,GIA,2061,INDIA,,,"CRYSTAL, FEATHER, CLOUD",NO
7522796,6521431749,OVAL,1.00,H,VS1,,EX,EX,FAINT,7.46*5.47*3.62,,66.2,58,GIA,1880,HONG KONG,,,"CRYSTAL, FEATHER, PINPOINT, CLOUD",NO
1810684,2233832144,OVAL,1.05,I,VS1,,EX,EX,NONE,8.06*5.74*3.48,,60.7,58,GIA,2261,INDIA,,,"CRYSTAL, NEEDLE",NO
7771660,3545318814,OVAL,1.00,I,VS1,,EX,EX,NONE,8.07*5.39*3.46,,64.3,62,GIA,2110,HONG KONG,,,FEATHER,NO
1538953,6522693351,OVAL,1.02,J,VS1,,EX,EX,MED,7.86*5.61*3.54,,63.1,59,GIA,1787,INDIA,,,"CRYSTAL, NEEDLE",NO
1919671,1533373039,OVAL,1.01,J,VS1,,EX,EX,NONE,7.5*5.49*3.61,,65.7,58,GIA,1519,INDIA,,,"FEATHER, PINPOINT, NATURAL",NO
7958678,5231826806,OVAL,1.00,J,VS1,,EX,VG,NONE,8.54*5.66*3.22,,56.8,63,GIA,1851,INDIA,,,"FEATHER, CLOUD, PINPOINT",NO
7388214,2546319898,OVAL,1.12,D,VS2,,EX,EX,FAINT,8.24*5.63*3.6,,63.8,60,GIA,3453,HONG KONG,,,"CRYSTAL, CLOUD, NEEDLE, FEATHER",NO
1842121,6545430559,OVAL,1.05,D,VS2,,EX,EX,FAINT,7.86*5.61*3.57,,63.6,58,GIA,3305,INDIA,,,CRYSTAL,NO
7029903,1535754793,OVAL,1.02,D,VS2,,EX,EX,FAINT,8.07*5.56*3.55,,63.9,63,GIA,3165,HONG KONG,,,"CRYSTAL, FEATHER, NEEDLE",NO
1254213,5231801296,OVAL,1.01,D,VS2,,EX,EX,NONE,7.52*5.48*3.57,,65.2,59,GIA,3224,INDIA,,,"CRYSTAL, NEEDLE",NO
1216581,2235751260,OVAL,1.01,D,VS2,,EX,EX,NONE,7.7*5.49*3.57,,65,58,GIA,3346,INDIA,,,"CLOUD, FEATHER, NEEDLE",NO
1472327,2235823606,OVAL,1.01,D,VS2,,EX,VG,NONE,7.74*5.53*3.52,,63.6,58,GIA,3475,INDIA,,,"FEATHER, NEEDLE, PINPOINT",NO
1138524,5232818791,OVAL,1.01,D,VS2,,EX,EX,NONE,7.78*5.2*3.53,,67.9,55,GIA,3224,INDIA,,,"CRYSTAL, NEEDLE",NO
1380996,6233820963,OVAL,1.01,D,VS2,,VG,EX,MED,7.66*5.47*3.52,,64.3,59,GIA,2579,INDIA,,,"CRYSTAL, FEATHER, CLOUD",NO
1614963,2235811345,OVAL,1.01,D,VS2,,EX,EX,NONE,7.65*5.56*3.65,,65.7,63,GIA,3159,INDIA,,,"CRYSTAL, NEEDLE, CLOUD, PINPOINT",NO
1250848,2235760813,OVAL,1.01,D,VS2,,EX,EX,NONE,7.58*5.55*3.55,,63.9,56,GIA,3192,INDIA,,,"NEEDLE, FEATHER, CRYSTAL",NO
1771884,6237829060,OVAL,1.00,D,VS2,,EX,EX,NONE,8.58*5.68*3.04,,53.4,66,GIA,3294,INDIA,,,"CRYSTAL, FEATHER, NEEDLE, PINPOINT",NO
1800808,5231775742,OVAL,1.00,D,VS2,,EX,EX,NONE,7.68*5.37*3.53,,65.7,56,GIA,3192,INDIA,,,"CRYSTAL, FEATHER, PINPOINT, CLOUD",NO
1857133,5232821016,OVAL,1.00,D,VS2,,EX,EX,FAINT,7.8*5.67*3.49,,61.5,63,GIA,3013,INDIA,,,"CRYSTAL, NEEDLE",NO
1489468,5231775629,OVAL,1.00,D,VS2,,EX,EX,FAINT,7.49*5.51*3.59,,65.1,55,GIA,2809,INDIA,,,"CRYSTAL, FEATHER, NEEDLE",NO
1454574,7541191006,OVAL,1.00,D,VS2,,EX,EX,FAINT,7.66*5.55*3.46,,62.2,58,GIA,3103,INDIA,,,"TWINNING WISP, FEATHER",NO
1426498,5231828112,OVAL,1.00,D,VS2,,EX,EX,NONE,8.2*5.5*3.47,,63.1,64,GIA,3358,INDIA,,,"CRYSTAL, FEATHER",NO
1592492,2546087224,OVAL,1.00,D,VS2,,VG,VG,NONE,7.79*5.65*3.46,,61.2,58,GIA,3288,INDIA,,,"CRYSTAL, FEATHER, CLOUD, PINPOINT, INDENTED NATURAL",NO
1682490,1236720492,OVAL,1.00,D,VS2,,EX,EX,FAINT,7.43*5.46*3.64,,66.7,58,GIA,2681,INDIA,,,"CRYSTAL, FEATHER, PINPOINT, INDENTED NATURAL",NO
1358805,6233829057,OVAL,1.00,D,VS2,,EX,EX,NONE,7.43*5.49*3.62,,65.9,65,GIA,3096,INDIA,,,"FEATHER, CRYSTAL, NEEDLE",NO
1741972,6531384326,OVAL,1.02,E,VS2,,EX,EX,NONE,7.83*5.59*3.53,,63.1,59,GIA,3140,INDIA,,,"CRYSTAL, KNOT, NEEDLE",NO
1477778,2235832198,OVAL,1.01,E,VS2,,EX,EX,NONE,7.83*5.52*3.45,,62.5,55,GIA,3317,INDIA,,,"FEATHER, CLOUD, PINPOINT",NO
1918598,7548431211,OVAL,1.01,E,VS2,,EX,EX,NONE,7.8*5.49*3.53,,64.3,58,GIA,3176,INDIA,,,"CLOUD, CRYSTAL",NO
1431448,6532834591,OVAL,1.01,E,VS2,,EX,EX,FAINT,7.69*5.49*3.57,,65.1,58,GIA,2871,INDIA,,,"FEATHER, CRYSTAL, NEEDLE",NO
1596194,6532488558,OVAL,1.01,E,VS2,,EX,EX,NONE,7.75*5.53*3.59,,64.9,64,GIA,3024,INDIA,,,"CRYSTAL, FEATHER, NEEDLE",NO
1405334,2537551079,OVAL,1.01,E,VS2,,EX,EX,NONE,7.58*5.5*3.6,,65.4,58,GIA,2932,INDIA,,,"CRYSTAL, FEATHER, NEEDLE",NO
7639013,2547233178,OVAL,1.01,E,VS2,,EX,EX,NONE,7.98*5.5*3.56,,64.7,60,GIA,3274,HONG KONG,,,"CLOUD, FEATHER",NO
1742020,1232827898,OVAL,1.00,E,VS2,,VG,EX,NONE,7.8*5.38*3.52,,65.4,57,GIA,3060,INDIA,,,CRYSTAL,NO
7223288,3515634049,OVAL,1.00,E,VS2,,EX,EX,FAINT,7.43*5.45*3.62,,66.5,58,GIA,2843,INDIA,,,"Crystal, Feather, Needle, Pinpoint",NO
1914150,5543155714,OVAL,1.00,E,VS2,,EX,EX,FAINT,7.69*5.5*3.54,,64.4,58,GIA,2891,INDIA,,,"CRYSTAL, FEATHER, CLOUD, PINPOINT",NO
7843482,6532776601,OVAL,1.00,E,VS2,,EX,EX,FAINT,7.53*5.58*3.49,,62.6,61,GIA,2661,HONG KONG,,,"CRYSTAL, CLOUD, FEATHER, NEEDLE",NO
1954983,1232818800,OVAL,1.01,F,VS2,,EX,EX,NONE,7.77*5.55*3.54,,63.8,58,GIA,2954,INDIA,,,"CLOUD, CRYSTAL, NEEDLE",NO
1958338,2546430448,OVAL,1.01,F,VS2,,EX,EX,MED,7.75*5.55*3.52,,63.3,57,GIA,2250,INDIA,,,"CRYSTAL, PINPOINT",NO
1698258,6545431224,OVAL,1.01,F,VS2,,EX,EX,NONE,7.88*5.63*3.5,,62.3,64,GIA,3075,INDIA,,,"CLOUD, NEEDLE",NO
7585032,2538657744,OVAL,1.01,F,VS2,,EX,EX,FAINT,7.51*5.53*3.63,,65.6,61,GIA,2596,HONG KONG,,,"CRYSTAL, NEEDLE",NO
1120939,5232818797,OVAL,1.01,F,VS2,,EX,EX,NONE,7.6*5.51*3.58,,64.9,57,GIA,2896,INDIA,,,"CRYSTAL, FEATHER, NEEDLE",NO
7242189,6545233295,OVAL,1.01,F,VS2,,EX,EX,NONE,7.79*5.57*3.56,,63.9,58,GIA,3133,HONG KONG,,,"CRYSTAL, NEEDLE, CLOUD",NO
1804550,1539750589,OVAL,1.01,F,VS2,,EX,EX,NONE,7.78*5.55*3.56,,64.2,62,GIA,2827,INDIA,,,"CRYSTAL, NEEDLE",NO
1370100,1528373867,OVAL,1.00,F,VS2,,EX,VG,NONE,7.41*5.46*3.58,,65.7,63,GIA,2999,INDIA,,,"CLOUD, FEATHER, CRYSTAL, NEEDLE",NO
1903457,6233823561,OVAL,1.00,F,VS2,,EX,EX,NONE,7.83*5.61*3.53,,62.9,64,GIA,2925,INDIA,,,"CLOUD, CRYSTAL, FEATHER, NEEDLE",NO
1883605,1232818685,OVAL,1.00,F,VS2,,EX,EX,FAINT,7.43*5.48*3.65,,66.6,55,GIA,2456,INDIA,,,"FEATHER, CRYSTAL, PINPOINT",NO
1859789,2231827904,OVAL,1.00,F,VS2,,VG,EX,NONE,7.78*5.57*3.34,,59.9,60,GIA,2947,INDIA,,,"CRYSTAL, FEATHER, NEEDLE",NO
1865327,2235753298,OVAL,1.02,G,VS2,,EX,EX,NONE,7.56*5.48*3.61,,65.8,57,GIA,2550,INDIA,,,"CLOUD, CRYSTAL, NEEDLE, KNOT",NO
1830510,5232775543,OVAL,1.01,G,VS2,,EX,EX,NONE,7.46*5.49*3.6,,65.6,56,GIA,2389,INDIA,,,"CRYSTAL, FEATHER, NEEDLE",NO
3039311,2534927595,OVAL,1.01,G,VS2,,EX,EX,NONE,7.7*5.5*3.54,,64.3,57,GIA,2704,HONG KONG,,,"FEATHER, CLOUD, NEEDLE",NO
1611629,2235828935,OVAL,1.01,G,VS2,,EX,EX,NONE,7.72*5.51*3.53,,64.1,59,GIA,2747,INDIA,,,"CRYSTAL, NEEDLE",NO
1527053,2235832197,OVAL,1.01,G,VS2,,VG,EX,NONE,7.69*5.52*3.34,,60.4,60,GIA,2606,INDIA,,,"FEATHER, PINPOINT, NATURAL",NO
1510166,6237827909,OVAL,1.01,G,VS2,,EX,EX,NONE,7.98*5.49*3.49,,63.5,64,GIA,2802,INDIA,,,"CLOUD, FEATHER, NEEDLE",NO
1396874,1232773846,OVAL,1.00,G,VS2,,EX,EX,NONE,7.46*5.49*3.62,,66,58,GIA,2312,INDIA,,,"CRYSTAL, FEATHER, PINPOINT",NO
1780280,1535339485,OVAL,1.00,G,VS2,,EX,VG,NONE,7.46*5.44*3.58,,65.7,58,GIA,2365,INDIA,,,"CRYSTAL, NEEDLE",NO
1254443,2233827906,OVAL,1.02,H,VS2,,EX,EX,NONE,7.57*5.5*3.61,,65.6,60,GIA,2255,INDIA,,,"CRYSTAL, CLOUD, FEATHER, NEEDLE",NO
1438828,1232714229,OVAL,1.01,H,VS2,,EX,EX,FAINT,7.73*5.33*3.6,,67.5,57,GIA,2043,INDIA,,,"CRYSTAL, CLOUD, PINPOINT",NO
1301905,6545138558,OVAL,1.01,H,VS2,,EX,VG,FAINT,8.01*5.4*3.5,,64.7,58,GIA,2228,INDIA,,,"CRYSTAL, CLOUD, NEEDLE",NO
1587312,2544150795,OVAL,1.01,H,VS2,,EX,EX,MED,8.19*5.74*3.28,,57.1,63,GIA,1853,INDIA,,,"CRYSTAL, FEATHER, NEEDLE",NO
1624074,3545430941,OVAL,1.01,H,VS2,,EX,EX,FAINT,7.8*5.56*3.59,,64.5,57,GIA,2280,INDIA,,,"CRYSTAL, FEATHER, CLOUD, NEEDLE",NO
1402494,5231827816,OVAL,1.01,H,VS2,,EX,EX,NONE,7.6*5.51*3.57,,64.8,60,GIA,2214,INDIA,,,"CRYSTAL, FEATHER, PINPOINT",NO
1127862,6541430358,OVAL,1.01,H,VS2,,VG,EX,MED,7.74*5.53*3.53,,63.8,57,GIA,1853,INDIA,,,"CRYSTAL, FEATHER, CLOUD, PINPOINT",NO
1238191,1236720436,OVAL,1.01,H,VS2,,EX,EX,NONE,7.66*5.56*3.59,,64.6,62,GIA,2109,INDIA,,,CRYSTAL,NO
1564933,5232775677,OVAL,1.01,H,VS2,,EX,VG,MED,7.64*5.44*3.46,,63.6,58,GIA,1829,INDIA,,,"CRYSTAL, CLOUD, FEATHER",NO
1243562,5231714178,OVAL,1.00,H,VS2,,EX,EX,FAINT,7.79*5.37*3.57,,66.4,59,GIA,1999,INDIA,,,"CRYSTAL, CLOUD, FEATHER, NEEDLE",NO
1360854,2537438239,OVAL,1.00,H,VS2,,EX,EX,FAINT,7.62*5.53*3.52,,63.5,57,GIA,2107,INDIA,,,"FEATHER, PINPOINT",NO
1111778,2231622380,OVAL,1.00,H,VS2,,EX,EX,FAINT,7.61*5.55*3.61,,65,64,GIA,2517,INDIA,,,"CRYSTAL, FEATHER, CLOUD, PINPOINT",NO
1453872,2231828149,OVAL,1.00,H,VS2,,EX,EX,STG,7.61*5.51*3.59,,65,62,GIA,1693,INDIA,,,"CRYSTAL, FEATHER, NEEDLE, CLOUD",NO
1200852,2524314001,OVAL,1.00,H,VS2,,EX,VG,FAINT,7.44*5.44*3.56,,65.4,60,GIA,2423,INDIA,,,"CRYSTAL, PINPOINT, INDENTED NATURAL",NO
1477013,7543380157,OVAL,1.01,I,VS2,,EX,EX,FAINT,7.7*5.51*3.5,,63.5,59,GIA,1950,INDIA,,,"CRYSTAL, NEEDLE, FEATHER",NO
1293486,1543430414,OVAL,1.01,I,VS2,,EX,EX,MED,8.25*5.25*3.36,,64.1,57,GIA,1716,INDIA,,,"CRYSTAL, CLOUD, NEEDLE, INDENTED NATURAL",NO
1267336,2235804488,OVAL,1.00,I,VS2,,EX,EX,FAINT,8.01*5.53*3.38,,61.1,60,GIA,1890,INDIA,,,"CLOUD, CRYSTAL, FEATHER, NEEDLE",NO
1861994,6233718974,OVAL,1.00,I,VS2,,VG,EX,NONE,7.71*5.47*3.53,,64.5,56,GIA,1794,INDIA,,,"FEATHER, CRYSTAL",NO
7012868,7508771340,OVAL,1.00,I,VS2,,EX,EX,NONE,7.35*5.44*3.63,,66.8,62,GIA,1948,INDIA,,,"Crystal, Cloud, Feather, Needle",NO
1412081,1236775668,OVAL,1.00,I,VS2,,EX,EX,NONE,8*5.4*3.4,,63,55,GIA,1844,INDIA,,,"CRYSTAL, FEATHER, PINPOINT",NO
1859356,5231832137,OVAL,1.01,J,VS2,,EX,EX,NONE,7.7*5.6*3.57,,63.8,63,GIA,1748,INDIA,,,"FEATHER, CRYSTAL, CLOUD, NEEDLE",NO
1667940,5543430548,OVAL,1.01,J,VS2,,EX,EX,NONE,7.82*5.71*3.35,,58.7,59,GIA,1774,INDIA,,,"CRYSTAL, CLOUD, PINPOINT",NO
7165160,7548233296,OVAL,1.01,J,VS2,,EX,EX,NONE,7.78*5.62*3.67,,65.3,62,GIA,1734,HONG KONG,,,"FEATHER, CLOUD, NEEDLE, PINPOINT",NO
7109298,6542029451,OVAL,1.01,K,VS2,,EX,EX,FAINT,8.15*5.56*3.33,,59.8,64,GIA,1259,HONG KONG,,,"FEATHER, CRYSTAL, PINPOINT",NO
7178897,2528753954,OVAL,0.90,D,IF,,EX,EX,NONE,7.72*5.25*3.37,,64.1,56,GIA,2614,HONG KONG,,,"SURFACE GRAINING, MINOR DETAILS OF POLISH",NO
1277608,2231827986,OVAL,0.90,E,IF,,EX,EX,VST,7.58*5.42*3.31,,61.1,57,GIA,1875,INDIA,,,MINOR DETAILS OF POLISH,NO
1523847,5231832466,OVAL,0.91,G,IF,,EX,EX,NONE,7.54*5.4*3.43,,63.5,59,GIA,2438,INDIA,,,MINOR DETAILS OF POLISH,NO
1484859,5232834466,OVAL,0.90,G,IF,,EX,EX,NONE,7.7*5.34*3.37,,63,60,GIA,2464,INDIA,,,MINOR DETAILS OF POLISH,NO
1871839,6237739261,OVAL,0.90,H,IF,,EX,EX,NONE,7.85*5.51*3.17,,57.6,63,GIA,2018,INDIA,,,MINOR DETAILS OF POLISH,NO
1348148,2235777519,OVAL,0.90,H,IF,,EX,EX,NONE,7.31*5.29*3.43,,64.9,57,GIA,2008,INDIA,,,"SURFACE GRAINING, MINOR DETAILS OF POLISH",NO
1666966,2231777509,OVAL,0.90,H,IF,,EX,EX,NONE,7.62*5.46*3.21,,58.8,61,GIA,2124,INDIA,,,MINOR DETAILS OF POLISH,NO
1183501,5231811274,OVAL,0.90,D,VVS1,,EX,EX,VST,7.64*5.44*3.34,,61.4,64,GIA,2032,INDIA,,,"PINPOINT, FEATHER",NO
1219293,2231799422,OVAL,0.90,D,VVS1,,VG,EX,NONE,8.38*5.4*2.93,,54.3,66,GIA,2604,INDIA,,,FEATHER,NO
1656557,2231831855,OVAL,0.90,F,VVS1,,EX,EX,FAINT,7.58*5.46*3.24,,59.5,63,GIA,2060,INDIA,,,FEATHER,NO
1463014,3525601083,OVAL,0.90,H,VVS1,,EX,EX,FAINT,7.41*5.29*3.36,,63.6,60,GIA,1950,INDIA,,,"PINPOINT, INTERNAL GRAINING, FEATHER",NO
1413277,6233823577,OVAL,0.90,H,VVS1,,EX,EX,MED,7.21*5.28*3.47,,65.8,58,GIA,1610,INDIA,,,"PINPOINT, FEATHER",NO
1273023,5231739258,OVAL,0.90,H,VVS1,,EX,EX,NONE,7.18*5.29*3.5,,66.1,58,GIA,1701,INDIA,,,"PINPOINT, FEATHER",NO
1297583,2231834488,OVAL,0.90,H,VVS1,,EX,EX,NONE,7.44*5.31*3.35,,63,60,GIA,1950,INDIA,,,FEATHER,NO
1394508,2235777510,OVAL,0.90,H,VVS1,,EX,EX,NONE,7.38*5.29*3.37,,63.8,60,GIA,1946,INDIA,,,FEATHER,NO
1505975,1232834410,OVAL,0.90,I,VVS1,,EX,EX,NONE,7.43*5.32*3.4,,63.9,59,GIA,1753,INDIA,,,"PINPOINT, FEATHER",NO
1579209,2235821020,OVAL,0.90,E,VVS2,,EX,EX,NONE,7.24*5.33*3.53,,66.3,57,GIA,2149,INDIA,,,"PINPOINT, NEEDLE, CLOUD",NO
1138252,6237831871,OVAL,0.90,F,VVS2,,EX,EX,NONE,7.87*5.23*3.3,,63,56,GIA,2351,INDIA,,,"FEATHER, PINPOINT, CLOUD, SURFACE GRAINING",NO
1661562,5232794902,OVAL,0.90,G,VVS2,,EX,EX,NONE,7.13*5.24*3.44,,65.6,60,GIA,1947,INDIA,,,"CLOUD, NEEDLE, PINPOINT",NO
1445999,2235799410,OVAL,0.90,G,VVS2,,EX,EX,FAINT,7.27*5.31*3.48,,65.5,58,GIA,1669,INDIA,,,FEATHER,NO
1384994,2235827923,OVAL,0.90,G,VVS2,,EX,EX,NONE,7.28*5.29*3.46,,65.4,55,GIA,1994,INDIA,,,FEATHER,NO
1822304,2547155081,OVAL,0.90,H,VVS2,,VG,EX,NONE,7.54*5.4*3.43,,63.5,63,GIA,1816,INDIA,,,"PINPOINT, FEATHER, CLOUD, NEEDLE",NO
1550979,2231828079,OVAL,0.90,H,VVS2,,EX,EX,FAINT,7.51*5.37*3.42,,63.8,58,GIA,1719,INDIA,,,PINPOINT,NO
1163040,2235831830,OVAL,0.90,H,VVS2,,EX,EX,NONE,7.52*5.38*3.42,,63.7,64,GIA,1875,INDIA,,,"NEEDLE, PINPOINT",NO
1410775,2233832524,OVAL,0.90,H,VVS2,,EX,EX,FAINT,7.16*5.28*3.47,,65.7,57,GIA,1651,INDIA,,,"PINPOINT, CLOUD",NO
1359379,5231834288,OVAL,0.90,H,VVS2,,VG,EX,NONE,7.21*5.32*3.48,,65.4,59,GIA,1736,INDIA,,,"FEATHER, CLOUD, PINPOINT, SURFACE GRAINING",NO
1817087,6233829216,OVAL,0.90,H,VVS2,,VG,VG,FAINT,7.19*5.28*3.5,,66.3,60,GIA,1630,INDIA,,,"PINPOINT, FEATHER",NO
1250954,2544142322,OVAL,0.90,H,VVS2,,EX,EX,FAINT,7.96*5.1*3.32,,65.1,64,GIA,1732,INDIA,,,"NEEDLE, FEATHER, PINPOINT, CLOUD",NO
1146918,6233826835,OVAL,0.90,I,VVS2,,EX,EX,NONE,7.31*5.22*3.47,,66.5,56,GIA,1566,INDIA,,,"FEATHER, PINPOINT",NO
1512056,2536179346,OVAL,0.90,D,VS1,,EX,EX,VST,7.24*5.31*3.51,,66.2,57,GIA,1730,INDIA,,,CLOUD,NO
1837272,2233817781,OVAL,0.90,D,VS1,,EX,EX,NONE,7.6*5.18*3.33,,64.3,61,GIA,2317,INDIA,,,"CRYSTAL, NEEDLE, PINPOINT",NO
1358136,1236829227,OVAL,0.90,D,VS1,,EX,EX,NONE,7.5*5.36*3.38,,63,59,GIA,2390,INDIA,,,CRYSTAL,NO
1774006,5232827845,OVAL,0.90,D,VS1,,EX,EX,NONE,7.45*5.32*3.38,,63.6,58,GIA,2390,INDIA,,,"FEATHER, NEEDLE, PINPOINT",NO
1557104,7541431142,OVAL,0.90,D,VS1,,VG,EX,NONE,8.36*5.48*2.9,,52.9,65,GIA,2374,INDIA,,,"FEATHER, PINPOINT",NO
1185136,2231751340,OVAL,0.90,D,VS1,,EX,EX,NONE,7.41*5.18*3.42,,65.9,58,GIA,2201,INDIA,,,"CRYSTAL, NEEDLE, PINPOINT",NO
1773797,7536482669,OVAL,0.90,D,VS1,,EX,EX,FAINT,7.2*5.3*3.47,,65.5,61,GIA,2070,INDIA,,,"CRYSTAL, FEATHER, CLOUD, NEEDLE",NO
1507673,2546380403,OVAL,0.90,E,VS1,,EX,EX,NONE,7.81*5.17*3.37,,65.2,65,GIA,2247,INDIA,,,FEATHER,NO
1669220,2235775847,OVAL,0.90,E,VS1,,EX,EX,FAINT,7.42*5.31*3.39,,63.9,62,GIA,1902,INDIA,,,"FEATHER, PINPOINT",NO
7423495,2235823745,OVAL,0.90,E,VS1,,EX,EX,STG,7.53*5.32*3.35,,63.1,59,GIA,1432,INDIA,,,"CRYSTAL, PINPOINT",NO
1687665,2235834316,OVAL,0.91,F,VS1,,EX,VG,NONE,7.88*5.43*3.27,,60.2,64,GIA,2157,INDIA,,,"CRYSTAL, NEEDLE, CLOUD, PINPOINT",NO
1944319,5231834366,OVAL,0.90,F,VS1,,EX,EX,FAINT,7.44*5.39*3.51,,65,58,GIA,1901,INDIA,,,FEATHER,NO
1656258,2548431059,OVAL,0.90,F,VS1,,EX,VG,NONE,7.66*5.13*3.41,,66.6,56,GIA,2063,INDIA,,,"CRYSTAL, FEATHER, PINPOINT, INDENTED NATURAL",NO
1271043,5232820862,OVAL,0.90,F,VS1,,VG,VG,FAINT,7.87*5.14*3.34,,65,62,GIA,1850,INDIA,,,"CRYSTAL, CLOUD, NEEDLE, PINPOINT",NO
1890733,2235829221,OVAL,0.90,G,VS1,,EX,EX,NONE,7.33*5.31*3.45,,65,58,GIA,1846,INDIA,,,"FEATHER, PINPOINT",NO
1242515,2235829271,OVAL,0.90,G,VS1,,EX,EX,NONE,7.47*5.16*3.45,,66.9,57,GIA,1885,INDIA,,,FEATHER,NO
1692084,2536760649,OVAL,0.90,G,VS1,,EX,EX,FAINT,7.37*5.35*3.42,,63.9,60,GIA,1591,INDIA,,,"FEATHER, PINPOINT, CLOUD",NO
1584057,6545431313,OVAL,0.90,G,VS1,,EX,EX,NONE,7.23*5.29*3.48,,65.7,63,GIA,1799,INDIA,,,"CRYSTAL, CLOUD, PINPOINT, NEEDLE",NO
1414720,6233832528,OVAL,0.90,G,VS1,,EX,EX,NONE,7.45*5.32*3.42,,64.2,59,GIA,1877,INDIA,,,CRYSTAL,NO
1345153,2231834292,OVAL,0.90,G,VS1,,EX,EX,MED,7.77*5.2*3.34,,64.2,60,GIA,1517,INDIA,,,"FEATHER, PINPOINT",NO
1244764,6237720451,OVAL,0.90,H,VS1,,EX,EX,FAINT,7.22*5.33*3.48,,65.4,58,GIA,1494,INDIA,,,"CRYSTAL, FEATHER, NEEDLE, CLOUD",NO
1695092,1236829260,OVAL,0.90,H,VS1,,EX,EX,NONE,7.64*5.47*3.38,,61.8,58,GIA,1675,INDIA,,,"CRYSTAL, FEATHER, PINPOINT",NO
1642384,6233834473,OVAL,0.90,H,VS1,,EX,EX,MED,7.82*5.39*3.19,,59.1,63,GIA,1494,INDIA,,,"CLOUD, NEEDLE, PINPOINT",NO
1499420,5231832600,OVAL,0.90,H,VS1,,EX,VG,NONE,7.49*5.35*3.43,,64.2,64,GIA,1663,INDIA,,,"CRYSTAL, FEATHER, CLOUD, NEEDLE",NO
1627551,1543431019,OVAL,0.90,H,VS1,,EX,EX,FAINT,7.25*5.33*3.47,,65.1,57,GIA,1514,INDIA,,,"FEATHER, PINPOINT, INTERNAL GRAINING",NO
1668867,6545431040,OVAL,0.91,I,VS1,,EX,EX,NONE,7.49*5.33*3.41,,63.9,60,GIA,1570,INDIA,,,"CRYSTAL, FEATHER, PINPOINT",NO
7340931,1543233594,OVAL,0.90,I,VS1,,EX,EX,FAINT,7.82*5.39*3.41,,63.3,61,GIA,1470,HONG KONG,,,"CRYSTAL, FEATHER, PINPOINT, NEEDLE",NO
1292189,2233820894,OVAL,0.90,I,VS1,,EX,EX,NONE,7.42*5.29*3.4,,64.3,62,GIA,1470,INDIA,,,"CRYSTAL, FEATHER, CLOUD, NEEDLE",NO
1749667,2235832360,OVAL,0.91,D,VS2,,EX,EX,NONE,7.96*5.48*3.17,,57.9,64,GIA,2076,INDIA,,,"FEATHER, CRYSTAL",NO
1104864,2235804564,OVAL,0.91,D,VS2,,EX,EX,NONE,7.49*5.35*3.42,,63.8,60,GIA,1937,INDIA,,,CRYSTAL,NO
1766633,5232775883,OVAL,0.90,D,VS2,,EX,EX,NONE,7.42*5.35*3.49,,65.2,58,GIA,1907,INDIA,,,"CRYSTAL, NEEDLE",NO
1948106,5533596717,OVAL,0.90,D,VS2,,EX,VG,NONE,7.64*5.23*3.38,,64.7,60,GIA,1943,INDIA,,,"CRYSTAL, CLOUD, FEATHER",NO
1389443,2537088643,OVAL,0.90,D,VS2,,EX,VG,NONE,7.55*5.22*3.37,,64.5,60,GIA,1885,INDIA,,,"CRYSTAL, FEATHER, CLOUD",NO
1773104,3535212268,OVAL,0.90,D,VS2,,EX,EX,NONE,7.45*5.32*3.36,,63.1,55,GIA,1929,INDIA,,,FEATHER,NO
1807302,6531179340,OVAL,0.90,D,VS2,,EX,VG,NONE,7.89*5.02*3.25,,64.9,58,GIA,1943,INDIA,,,FEATHER,NO
7733706,6521654900,OVAL,0.90,D,VS2,,VG,EX,NONE,7.61*5.25*3.4,,64.7,58,GIA,1645,HONG KONG,,,CRYSTAL,NO
1459905,2235799330,OVAL,0.90,D,VS2,,EX,EX,NONE,7.46*5.32*3.38,,63.5,58,GIA,1929,INDIA,,,FEATHER,NO
1637110,1236778621,OVAL,0.90,E,VS2,,EX,EX,NONE,7.47*5.34*3.39,,63.4,62,GIA,1884,INDIA,,,"CRYSTAL, FEATHER",NO
1918732,5232778618,OVAL,0.90,E,VS2,,EX,EX,NONE,7.27*5.32*3.49,,65.7,57,GIA,1863,INDIA,,,"CRYSTAL, FEATHER",NO
7556552,2534257173,OVAL,0.90,E,VS2,,VG,EX,NONE,7.9*5.54*3.19,,57.5,62,GIA,1884,INDIA,,,"CRYSTAL, NEEDLE",NO
1874824,1236671717,OVAL,0.90,E,VS2,,EX,EX,NONE,7.39*5.27*3.38,,64.1,58,GIA,1757,INDIA,,,CRYSTAL,NO
1105201,2233821067,OVAL,0.90,F,VS2,,VG,EX,FAINT,7.61*5.37*3.26,,60.7,61,GIA,1689,INDIA,,,"CRYSTAL, FEATHER, CLOUD",NO
1726909,2235658552,OVAL,0.90,F,VS2,,EX,EX,FAINT,7.53*5.1*3.41,,66.9,58,GIA,1673,INDIA,,,CRYSTAL,NO
1571878,7526937669,OVAL,0.90,F,VS2,,VG,VG,FAINT,7.39*5.35*3.48,,65.1,60,GIA,1480,INDIA,,,"CRYSTAL, CLOUD, FEATHER",NO
1626379,5232828048,OVAL,0.90,F,VS2,,EX,EX,FAINT,7.76*5.4*3.28,,60.7,62,GIA,1758,INDIA,,,"CRYSTAL, FEATHER",NO
1544658,6542432494,OVAL,0.90,F,VS2,,EX,EX,FAINT,7.24*5.32*3.5,,65.8,57,GIA,1512,INDIA,,,"CRYSTAL, FEATHER",NO
1972879,1539212163,OVAL,0.90,F,VS2,,VG,VG,NONE,8*5.04*3.33,,66.2,60,GIA,1593,INDIA,,,FEATHER,NO
1165789,2547155159,OVAL,0.91,G,VS2,,VG,EX,NONE,7.34*5.32*3.51,,65.9,55,GIA,1588,INDIA,,,"CRYSTAL, FEATHER",NO
1135782,2235827987,OVAL,0.90,G,VS2,,EX,EX,NONE,7.29*5.28*3.43,,65,59,GIA,1632,INDIA,,,"CRYSTAL, CLOUD",NO
7607884,2231811232,OVAL,0.90,G,VS2,,EX,VG,NONE,7.85*5.52*3.09,,55.9,62,GIA,1705,INDIA,,,"CRYSTAL, FEATHER",NO
1937489,2231827944,OVAL,0.90,G,VS2,,EX,EX,NONE,7.89*5.58*3.02,,54.2,66,GIA,1666,INDIA,,,"CLOUD, FEATHER",NO
1343966,1232820872,OVAL,0.92,H,VS2,,EX,EX,VST,7.8*5.52*3.23,,58.5,64,GIA,1154,INDIA,,,"FEATHER, CRYSTAL",NO
1352225,6233794892,OVAL,0.90,H,VS2,,EX,VG,NONE,7.18*5.28*3.47,,65.7,57,GIA,1394,INDIA,,,FEATHER,NO
1454156,6233794772,OVAL,0.90,H,VS2,,EX,EX,NONE,7.6*5.25*3.41,,65,58,GIA,1510,INDIA,,,CRYSTAL,NO
7085613,2538286970,OVAL,0.90,H,VS2,,EX,EX,NONE,7.29*5.37*3.45,,64.3,65,GIA,1323,INDIA,,,"CRYSTAL, NEEDLE, FEATHER",NO
1727763,2235771856,OVAL,0.90,H,VS2,,EX,EX,NONE,7.21*5.3*3.5,,66,58,GIA,1288,INDIA,,,"CRYSTAL, CLOUD",NO
1365195,1232688106,OVAL,0.90,H,VS2,,EX,VG,NONE,7.21*5.3*3.48,,65.6,64,GIA,1341,INDIA,,,"CRYSTAL, FEATHER",NO
7235874,6521425504,OVAL,0.90,H,VS2,,EX,EX,NONE,7.61*5.24*3.36,,64,58,GIA,1422,HONG KONG,,,"CRYSTAL, CLOUD, FEATHER",NO
1395230,5231770489,OVAL,0.90,H,VS2,,VG,VG,NONE,7.38*5.31*3.36,,63.3,56,GIA,1323,INDIA,,,CRYSTAL,NO
1951883,5232733414,OVAL,0.90,H,VS2,,EX,EX,FAINT,7.47*5.33*3.37,,63.3,57,GIA,1387,INDIA,,,"CRYSTAL, FEATHER",NO
1454462,5232828154,OVAL,0.90,H,VS2,,EX,VG,NONE,7.62*5.45*3.44,,63.1,64,GIA,1538,INDIA,,,"CLOUD, FEATHER",NO
1634745,2231834335,OVAL,0.90,H,VS2,,EX,EX,NONE,7.18*5.26*3.5,,66.6,64,GIA,1411,INDIA,,,"FEATHER, CRYSTAL",NO
1331600,1232827970,OVAL,0.91,I,VS2,,EX,EX,MED,7.33*5.29*3.47,,65.6,58,GIA,1137,INDIA,,,CRYSTAL,NO
1819541,5231720577,OVAL,0.90,I,VS2,,VG,EX,FAINT,7.4*5.26*3.42,,65.1,60,GIA,1269,INDIA,,,"CRYSTAL, CLOUD, FEATHER",NO
1753715,1232820972,OVAL,0.90,J,VS2,,EX,EX,MED,7.47*5.33*3.39,,63.6,60,GIA,1007,INDIA,,,CRYSTAL,NO
1830956,1236832320,OVAL,0.80,F,IF,,EX,EX,NONE,7.19*5.13*3.23,,63,56,GIA,1839,INDIA,,,MINOR DETAILS OF POLISH,NO
1584525,2231765159,OVAL,0.80,G,IF,,EX,EX,NONE,7.56*4.97*3.12,,62.8,58,GIA,1595,INDIA,,,"SURFACE GRAINING, MINOR DETAILS OF POLISH",NO
1200290,3535632259,OVAL,0.80,H,IF,,EX,EX,FAINT,7.08*5.1*3.24,,63.5,63,GIA,1200,INDIA,,,MINOR DETAILS OF POLISH,NO
1426714,1232720507,OVAL,0.80,F,VVS1,,EX,EX,FAINT,7.21*5.15*3.25,,63.1,60,GIA,1536,INDIA,,,"PINPOINT, FEATHER",NO
1796957,2235751376,OVAL,0.80,H,VVS1,,EX,EX,FAINT,7.13*5.1*3.24,,63.7,62,GIA,1230,INDIA,,,NEEDLE,NO
1709079,2233818944,OVAL,0.80,D,VVS2,,VG,EX,FAINT,7.51*5.1*3.24,,63.7,63,GIA,1620,INDIA,,,"NEEDLE, PINPOINT, SURFACE GRAINING",NO
2126363,1539662822,OVAL,0.80,D,VVS2,,EX,VG,NONE,7.39*5.25*3.31,,63,61,GIA,2258,INDIA,,,"PINPOINT, FEATHER",NO
1371233,3535808449,OVAL,0.80,F,VVS2,,EX,EX,FAINT,7.22*5.16*3.27,,63.4,58,GIA,1410,INDIA,,,"PINPOINT, CLOUD",NO
1676689,6545430977,OVAL,0.81,G,VVS2,,EX,EX,NONE,7.29*5.21*3.33,,63.8,64,GIA,1476,INDIA,,,"NEEDLE, PINPOINT",NO
1113944,2235818696,OVAL,0.80,G,VVS2,,EX,EX,FAINT,7.2*5.13*3.29,,64.1,56,GIA,1396,INDIA,,,"FEATHER, PINPOINT, SURFACE GRAINING",NO
1407174,2544431196,OVAL,0.80,H,VVS2,,EX,EX,NONE,7.12*5.07*3.23,,63.7,59,GIA,1325,INDIA,,,FEATHER,NO
1836875,3535375933,OVAL,0.80,D,VS1,,EX,EX,FAINT,7.13*5.17*3.3,,63.8,64,GIA,1455,INDIA,,,"FEATHER, CLOUD, PINPOINT, NEEDLE",NO
1246040,7546380780,OVAL,0.80,E,VS1,,EX,EX,NONE,7.27*5.12*3.26,,63.6,59,GIA,1524,INDIA,,,"CRYSTAL, NEEDLE, PINPOINT",NO
1185545,2235828163,OVAL,0.80,E,VS1,,EX,EX,NONE,6.93*5.1*3.39,,66.5,58,GIA,1458,INDIA,,,"CRYSTAL, NEEDLE, PINPOINT",NO
1709599,6531374509,OVAL,0.80,F,VS1,,EX,EX,FAINT,7.36*5.06*3.26,,64.4,63,GIA,1298,INDIA,,,"CLOUD, NEEDLE",NO
1638543,6233811371,OVAL,0.80,G,VS1,,EX,EX,MED,7.21*5.12*3.28,,64.1,64,GIA,1083,INDIA,,,"CRYSTAL, PINPOINT, NEEDLE",NO
1301211,6535631368,OVAL,0.80,G,VS1,,EX,EX,NONE,7.41*4.94*3.2,,64.8,56,GIA,1386,INDIA,,,CRYSTAL,NO
1753780,2235831862,OVAL,0.81,H,VS1,,EX,EX,NONE,7.22*5.14*3.29,,63.9,57,GIA,1303,INDIA,,,"CLOUD, CRYSTAL, FEATHER, PINPOINT",NO
1851834,7546141420,OVAL,0.81,D,VS2,,EX,EX,NONE,7.24*5.15*3.29,,64,63,GIA,1570,INDIA,,,"CRYSTAL, FEATHER",NO
1549305,1538561931,OVAL,0.81,D,VS2,,EX,EX,NONE,7.19*5.2*3.35,,64.4,62,GIA,1450,INDIA,,,"CRYSTAL, FEATHER, NEEDLE",NO
1128408,1236832074,OVAL,0.81,D,VS2,,EX,EX,FAINT,7.38*5.27*3.2,,60.8,64,GIA,1459,INDIA,,,"CRYSTAL, NEEDLE, FEATHER",NO
1263421,2231820856,OVAL,0.80,D,VS2,,EX,EX,NONE,7.33*5.24*3.17,,60.4,61,GIA,1551,INDIA,,,CRYSTAL,NO
1419935,6542182129,OVAL,0.80,D,VS2,,EX,EX,FAINT,7.98*5.18*3.02,,58.3,62,GIA,1429,INDIA,,,"CRYSTAL, NEEDLE, FEATHER",NO
1885374,1236820932,OVAL,0.81,E,VS2,,EX,EX,NONE,7.58*5.33*3,,56.3,64,GIA,1449,INDIA,,,"CRYSTAL, FEATHER, CLOUD",NO
1791105,5231803937,OVAL,0.81,E,VS2,,EX,EX,NONE,7.23*5.14*3.27,,63.7,57,GIA,1437,INDIA,,,"CRYSTAL, FEATHER",NO
1163302,6532797766,OVAL,0.81,E,VS2,,EX,VG,FAINT,7.47*5.15*3.21,,62.3,62,GIA,1332,INDIA,,,"CRYSTAL, FEATHER",NO
7643613,1535792012,OVAL,0.80,E,VS2,,EX,EX,FAINT,7.31*5.26*3.12,,59.3,63,GIA,1276,INDIA,,,"CRYSTAL, FEATHER",NO
1634109,6542141512,OVAL,0.81,F,VS2,,VG,EX,NONE,7.34*5.07*3.23,,63.7,58,GIA,1413,INDIA,,,"CRYSTAL, CLOUD, TWINNING WISP, FEATHER",NO
1201311,2235775879,OVAL,0.81,F,VS2,,EX,EX,NONE,7.39*5.1*3.29,,64.4,56,GIA,1413,INDIA,,,"CLOUD, CRYSTAL, FEATHER",NO
1408160,5231823548,OVAL,0.80,F,VS2,,VG,VG,FAINT,7.4*5.1*3.11,,60.9,64,GIA,1288,INDIA,,,"CRYSTAL, FEATHER, NEEDLE",NO
3632825,7532808629,OVAL,0.80,F,VS2,,EX,VG,NONE,7.87*5.18*2.97,,57.3,65,GIA,1374,INDIA,,,"CRYSTAL, CLOUD",NO
1599771,5231802856,OVAL,0.80,F,VS2,,EX,EX,NONE,7.14*5.12*3.27,,64,57,GIA,1395,INDIA,,,"CRYSTAL, CLOUD, FEATHER",NO
1213073,2235832364,OVAL,0.82,H,VS2,,EX,EX,NONE,7.46*5.32*3.21,,60.4,58,GIA,1185,INDIA,,,"CRYSTAL, CLOUD, FEATHER",NO
1665947,2235834428,OVAL,0.70,D,IF,,EX,EX,NONE,7.43*4.87*3.04,,62.5,64,GIA,1584,INDIA,,,MINOR DETAILS OF POLISH,NO
1426355,1543380465,OVAL,0.75,F,IF,,EX,EX,NONE,7.06*5.03*3.16,,62.8,57,GIA,1445,INDIA,,,MINOR DETAILS OF POLISH,NO
1341242,1232777512,OVAL,0.73,F,IF,,EX,EX,NONE,7.07*4.88*3.17,,64.9,58,GIA,1360,INDIA,,,MINOR DETAILS OF POLISH,NO
1185942,7538404509,OVAL,0.71,F,IF,,EX,EX,FAINT,6.94*4.94*3.08,,62.3,57,GIA,1142,INDIA,,,"SURFACE GRAINING, MINOR DETAILS OF POLISH",NO
1568195,5232708290,OVAL,0.73,G,IF,,EX,EX,NONE,7.04*5.02*3.15,,62.7,57,GIA,1147,INDIA,,,MINOR DETAILS OF POLISH,NO
1923502,2235832556,OVAL,0.71,G,IF,,EX,EX,FAINT,7.38*5.09*2.89,,56.7,63,GIA,1068,INDIA,,,"SURFACE GRAINING, MINOR DETAILS OF POLISH",NO
1326443,1537561800,OVAL,0.70,G,IF,,EX,VG,FAINT,6.91*4.86*3.11,,64,56,GIA,1012,INDIA,,,MINOR DETAILS OF POLISH,NO
1503827,1232832504,OVAL,0.72,H,IF,,EX,EX,NONE,6.9*4.94*3.14,,63.7,56,GIA,1058,INDIA,,,MINOR DETAILS OF POLISH,NO
1336628,6233818858,OVAL,0.75,I,IF,,EX,EX,NONE,7.53*4.86*3.07,,63.2,55,GIA,995,INDIA,,,"SURFACE GRAINING, MINOR DETAILS OF POLISH",NO
1633153,2235832482,OVAL,0.72,I,IF,,EX,EX,MED,6.95*4.97*3.16,,63.6,61,GIA,825,INDIA,,,MINOR DETAILS OF POLISH,NO
1467940,6545380401,OVAL,0.72,I,IF,,EX,EX,NONE,7.57*4.83*3.04,,63,63,GIA,965,INDIA,,,"SURFACE GRAINING, MINOR DETAILS OF POLISH",NO
1159299,2235834431,OVAL,0.70,I,IF,,EX,EX,NONE,7.22*4.74*3.04,,64.2,58,GIA,972,INDIA,,,MINOR DETAILS OF POLISH,NO
1905598,6233832578,OVAL,0.70,I,IF,,EX,EX,NONE,6.82*4.92*3.15,,64,59,GIA,955,INDIA,,,MINOR DETAILS OF POLISH,NO
1699735,2547431184,OVAL,0.70,D,VVS1,,EX,EX,NONE,7.29*4.65*3.01,,64.8,57,GIA,1426,INDIA,,,"INTERNAL GRAINING, FEATHER",NO
1480029,7531750922,OVAL,0.70,D,VVS1,,EX,VG,NONE,7.02*4.84*3.12,,64.5,63,GIA,1345,INDIA,,,"PINPOINT, FEATHER",NO
1652351,6531547215,OVAL,0.70,D,VVS1,,EX,EX,FAINT,6.85*4.89*3.15,,64.3,63,GIA,1177,INDIA,,,"PINPOINT, FEATHER",NO
1326795,1236671660,OVAL,0.73,E,VVS1,,VG,EX,FAINT,6.96*4.96*3.21,,64.8,57,GIA,1154,INDIA,,,"PINPOINT, FEATHER",NO
1705610,5232827940,OVAL,0.70,E,VVS1,,EX,EX,NONE,6.89*4.94*3.13,,63.3,64,GIA,1399,INDIA,,,PINPOINT,NO
1644951,2231828022,OVAL,0.70,E,VVS1,,EX,EX,NONE,7.09*5.06*2.98,,58.9,65,GIA,1389,INDIA,,,PINPOINT,NO
1771919,5231834484,OVAL,0.70,E,VVS1,,EX,EX,FAINT,6.82*4.89*3.11,,63.6,63,GIA,1160,INDIA,,,"PINPOINT, FEATHER",NO
1409808,1232770500,OVAL,0.71,F,VVS1,,EX,EX,FAINT,6.89*4.93*3.13,,63.5,60,GIA,1127,INDIA,,,"PINPOINT, CLOUD, FEATHER",NO
1938189,6542431221,OVAL,0.70,F,VVS1,,EX,EX,FAINT,6.84*4.94*3.19,,64.5,65,GIA,1111,INDIA,,,"CLOUD, PINPOINT, FEATHER",NO
1112737,2235818690,OVAL,0.70,F,VVS1,,EX,EX,STG,7.06*4.77*3.03,,63.4,61,GIA,849,INDIA,,,FEATHER,NO
7097768,6237828029,OVAL,0.70,F,VVS1,,EX,EX,FAINT,6.99*5.13*3.13,,61,62,GIA,1102,INDIA,,,PINPOINT,NO
1943012,6542421898,OVAL,0.72,G,VVS1,,EX,EX,NONE,6.92*4.95*3.16,,63.8,57,GIA,1109,INDIA,,,FEATHER,NO
1886412,1236832498,OVAL,0.72,G,VVS1,,EX,EX,FAINT,7.25*5.18*2.92,,56.5,63,GIA,1005,INDIA,,,"PINPOINT, CLOUD, FEATHER",NO
1971281,1533631599,OVAL,0.70,G,VVS1,,EX,EX,FAINT,6.94*4.89*3.12,,63.8,63,GIA,958,INDIA,,,"CLOUD, FEATHER",NO
7066756,2235834434,OVAL,0.70,G,VVS1,,VG,VG,NONE,6.99*5.01*3.03,,60.5,63,GIA,1070,INDIA,,,"PINPOINT, FEATHER",NO
1719113,2231771855,OVAL,0.77,I,VVS1,,EX,EX,NONE,7.25*5.07*3.12,,61.6,60,GIA,935,INDIA,,,PINPOINT,NO
1737456,6237821018,OVAL,0.72,I,VVS1,,EX,EX,FAINT,7.13*5.12*3.05,,59.6,63,GIA,840,INDIA,,,PINPOINT,NO
3594170,2235834412,OVAL,0.72,E,VVS2,,VG,VG,FAINT,7.54*4.83*3.1,,64.2,58,GIA,1195,INDIA,,,"NEEDLE, PINPOINT",NO
1309457,2544380778,OVAL,0.70,E,VVS2,,EX,VG,FAINT,7.46*5.17*2.71,,52.4,64,GIA,1058,INDIA,,,"CLOUD, NEEDLE, PINPOINT, FEATHER",NO
1892796,2235832500,OVAL,0.70,F,VVS2,,VG,VG,FAINT,6.78*4.95*3.2,,64.7,63,GIA,1025,INDIA,,,"CLOUD, PINPOINT, FEATHER, NEEDLE",NO
1583304,1232821010,OVAL,0.70,F,VVS2,,EX,EX,NONE,6.88*4.91*3.12,,63.4,61,GIA,1154,INDIA,,,"CLOUD, PINPOINT",NO
1115721,5231829230,OVAL,0.70,F,VVS2,,EX,EX,NONE,6.93*4.94*3.16,,64,60,GIA,1174,INDIA,,,"PINPOINT, SURFACE GRAINING",NO
1769558,2231834467,OVAL,0.70,F,VVS2,,EX,EX,NONE,6.87*4.9*3.13,,63.8,56,GIA,1185,INDIA,,,"FEATHER, PINPOINT",NO
1574820,1232804549,OVAL,0.70,F,VVS2,,EX,EX,NONE,7.17*4.87*3.02,,61.9,64,GIA,1154,INDIA,,,"NEEDLE, FEATHER, PINPOINT",NO
1723124,1535748110,OVAL,0.70,F,VVS2,,EX,EX,FAINT,6.87*4.91*3.14,,63.8,58,GIA,1013,INDIA,,,"ETCH CHANNEL, FEATHER, INDENTED NATURAL",NO
1674411,1549430992,OVAL,0.75,G,VVS2,,EX,EX,NONE,7.02*5.01*3.24,,64.6,62,GIA,1062,INDIA,,,"NEEDLE, PINPOINT, FEATHER, CLOUD",NO
1227498,6233834471,OVAL,0.72,G,VVS2,,EX,EX,NONE,7.06*4.87*3.17,,65,59,GIA,1038,INDIA,,,CLOUD,NO
1641233,1232824885,OVAL,0.71,G,VVS2,,EX,EX,FAINT,7.35*4.97*3.03,,61.1,58,GIA,942,INDIA,,,"NEEDLE, PINPOINT, FEATHER",NO
1255620,6532286742,OVAL,0.70,G,VVS2,,EX,VG,FAINT,7.37*4.7*3.04,,64.7,63,GIA,918,INDIA,,,"PINPOINT, FEATHER, CLOUD",NO
1541187,6237834296,OVAL,0.70,G,VVS2,,EX,EX,NONE,6.85*4.89*3.11,,63.6,59,GIA,1035,INDIA,,,"PINPOINT, CLOUD",NO
1233082,5232765142,OVAL,0.70,D,VS1,,EX,EX,FAINT,6.96*4.8*3.14,,65.3,63,GIA,1099,INDIA,,,"FEATHER, PINPOINT, CLOUD",NO
7702861,7541155001,OVAL,0.70,D,VS1,,VG,VG,NONE,7.72*5.08*2.73,,53.7,63,GIA,1247,INDIA,,,FEATHER,NO
1385389,2538561423,OVAL,0.70,D,VS1,,EX,EX,FAINT,7.04*4.87*3.14,,64.6,58,GIA,1099,INDIA,,,"FEATHER, NEEDLE, PINPOINT",NO
1706729,6535794478,OVAL,0.70,D,VS1,,EX,EX,NONE,7.07*4.88*3.14,,64.3,64,GIA,1186,INDIA,,,"CRYSTAL, NEEDLE, PINPOINT",NO
1512844,5232775930,OVAL,0.70,D,VS1,,VG,EX,NONE,6.96*4.97*3.14,,63.2,63,GIA,1186,INDIA,,,"CRYSTAL, PINPOINT",NO
1243888,6531375454,OVAL,0.70,D,VS1,,EX,EX,FAINT,6.72*4.91*3.21,,65.3,64,GIA,1073,INDIA,,,CRYSTAL,NO
1222312,5232811326,OVAL,0.70,D,VS1,,EX,EX,FAINT,7.22*4.68*2.97,,63.5,55,GIA,1195,INDIA,,,CRYSTAL,NO
1271317,2231828066,OVAL,0.70,D,VS1,,EX,EX,NONE,7.33*4.68*3.02,,64.5,61,GIA,1207,INDIA,,,"FEATHER, NEEDLE, PINPOINT",NO
1255950,2235827936,OVAL,0.70,E,VS1,,EX,EX,NONE,6.97*4.98*3.02,,60.7,65,GIA,1142,INDIA,,,"CRYSTAL, FEATHER, PINPOINT",NO
1900729,6531405449,OVAL,0.70,E,VS1,,EX,EX,NONE,7.11*4.92*3.15,,63.9,62,GIA,1122,INDIA,,,"CLOUD, CRYSTAL, FEATHER, NEEDLE",NO
1701455,5231733397,OVAL,0.70,E,VS1,,EX,EX,FAINT,6.92*4.95*3.14,,63.5,58,GIA,1024,INDIA,,,"CRYSTAL, CLOUD, NEEDLE, PINPOINT",NO
1501938,6233820975,OVAL,0.70,E,VS1,,EX,EX,NONE,6.8*4.87*3.15,,64.6,58,GIA,1122,INDIA,,,CRYSTAL,NO
1689708,1549141751,OVAL,0.70,E,VS1,,EX,EX,NONE,7.27*4.69*3.04,,64.7,62,GIA,1177,INDIA,,,"CRYSTAL, NEEDLE",NO
1630265,6531792377,OVAL,0.70,E,VS1,,EX,EX,FAINT,6.94*4.96*3.14,,63.3,64,GIA,1024,INDIA,,,CRYSTAL,NO
1385327,5232804516,OVAL,0.70,E,VS1,,EX,EX,NONE,7.01*4.98*3.17,,63.7,63,GIA,1122,INDIA,,,"CRYSTAL, FEATHER, PINPOINT, NEEDLE",NO
1169936,7543431758,OVAL,0.70,E,VS1,,EX,EX,NONE,6.9*4.92*3.17,,64.5,62,GIA,1133,INDIA,,,"FEATHER, NEEDLE, PINPOINT",NO
3968351,2235718937,OVAL,0.72,F,VS1,,EX,EX,NONE,7.81*5.04*2.83,,56.2,62,GIA,1142,INDIA,,,"FEATHER, CLOUD",NO
1421826,6532374544,OVAL,0.71,F,VS1,,VG,EX,NONE,7.06*4.87*3.1,,63.7,59,GIA,1126,INDIA,,,"CRYSTAL, CLOUD, NEEDLE, PINPOINT",NO
3294458,6535792438,OVAL,0.70,F,VS1,,EX,EX,NONE,7.31*4.87*3.09,,63.4,63,GIA,1110,INDIA,,,"FEATHER, PINPOINT",NO
1811796,1236775840,OVAL,0.70,F,VS1,,EX,EX,NONE,6.84*4.88*3.12,,64,59,GIA,1110,INDIA,,,"FEATHER, PINPOINT",NO
1931051,1232832596,OVAL,0.70,F,VS1,,EX,EX,NONE,7*4.82*3.11,,64.5,60,GIA,1146,INDIA,,,"FEATHER, PINPOINT",NO
7814214,6233834344,OVAL,0.70,F,VS1,,EX,VG,NONE,6.99*5.07*3.07,,60.6,56,GIA,1112,INDIA,,,FEATHER,NO
1205514,2231671667,OVAL,0.70,F,VS1,,EX,VG,NONE,7.17*4.83*3.06,,63.2,64,GIA,1110,INDIA,,,"CRYSTAL, FEATHER",NO
1510226,2235832548,OVAL,0.70,F,VS1,,EX,EX,NONE,7.18*5.12*2.98,,58.1,65,GIA,1128,INDIA,,,FEATHER,NO
1913490,5232832553,OVAL,0.70,F,VS1,,EX,EX,FAINT,6.62*4.87*3.23,,66.3,57,GIA,1009,INDIA,,,"CLOUD, FEATHER, NEEDLE",NO
7256426,6535792348,OVAL,0.70,F,VS1,,EX,EX,NONE,7.68*4.97*2.72,,54.8,65,GIA,1110,INDIA,,,"FEATHER, PINPOINT",NO
1487700,1232834478,OVAL,0.70,F,VS1,,EX,EX,NONE,6.87*4.9*3.14,,64.1,64,GIA,1120,INDIA,,,"CRYSTAL, PINPOINT",NO
1388244,7533808538,OVAL,0.70,F,VS1,,EX,VG,NONE,7*5*3.02,,60.4,65,GIA,1110,INDIA,,,"FEATHER, CLOUD, PINPOINT",NO
1555805,6542422105,OVAL,0.74,G,VS1,,EX,EX,NONE,7.02*5.01*3.16,,63,56,GIA,1087,INDIA,,,"CRYSTAL, CLOUD, FEATHER, NEEDLE",NO
1654978,1543380594,OVAL,0.70,G,VS1,,EX,EX,NONE,6.7*4.93*3.15,,64,64,GIA,984,INDIA,,,"FEATHER, PINPOINT",NO
1314857,5232834474,OVAL,0.70,G,VS1,,EX,EX,NONE,6.91*4.92*3.05,,62,64,GIA,1004,INDIA,,,"FEATHER, PINPOINT, NEEDLE",NO
1354856,2235674561,OVAL,0.70,G,VS1,,VG,VG,NONE,7.48*4.86*2.96,,60.9,66,GIA,972,INDIA,,,"CLOUD, NEEDLE, PINPOINT",NO
1614460,2235832463,OVAL,0.70,G,VS1,,EX,EX,NONE,6.91*4.93*3.15,,63.8,58,GIA,987,INDIA,,,"CRYSTAL, PINPOINT",NO
1645884,1232828021,OVAL,0.70,G,VS1,,VG,VG,NONE,7.17*5.06*2.83,,55.9,63,GIA,1011,INDIA,,,"CLOUD, CRYSTAL, FEATHER, NEEDLE",NO
1921077,2231751358,OVAL,0.75,H,VS1,,EX,VG,NONE,7.45*4.93*3.22,,65.2,57,GIA,1009,INDIA,,,"CLOUD, PINPOINT",NO
1732355,1232832367,OVAL,0.74,H,VS1,,EX,EX,NONE,7.12*5.08*3.09,,60.8,61,GIA,1005,INDIA,,,"CRYSTAL, CLOUD",NO
1669825,7546380466,OVAL,0.70,H,VS1,,EX,EX,FAINT,6.89*4.91*3.14,,64,63,GIA,781,INDIA,,,"FEATHER, NEEDLE",NO
1756191,5232831848,OVAL,0.70,H,VS1,,EX,EX,NONE,7.09*4.9*3.15,,64.3,57,GIA,951,INDIA,,,"CRYSTAL, CLOUD",NO
1444181,7538748753,OVAL,0.70,H,VS1,,VG,EX,FAINT,6.87*4.9*3.1,,63.4,63,GIA,788,INDIA,,,"CRYSTAL, CLOUD",NO
1164328,2235827758,OVAL,0.74,I,VS1,,EX,EX,FAINT,7.17*5.13*3.15,,61.4,57,GIA,779,INDIA,,,"CRYSTAL, PINPOINT",NO
1209014,1232771859,OVAL,0.71,I,VS1,,EX,EX,NONE,6.99*4.99*3.19,,63.9,63,GIA,753,INDIA,,,"NEEDLE, CLOUD, PINPOINT",NO
1347957,6542431092,OVAL,0.71,I,VS1,,EX,EX,NONE,7.09*4.9*3.09,,63.1,59,GIA,781,INDIA,,,"CRYSTAL, CLOUD, NEEDLE, PINPOINT",NO
1930179,1232832595,OVAL,0.70,I,VS1,,EX,EX,NONE,6.97*4.96*3.17,,63.8,62,GIA,770,INDIA,,,CLOUD,NO
1497951,2233820904,OVAL,0.70,I,VS1,,EX,EX,FAINT,6.84*4.96*3.22,,64.9,60,GIA,723,INDIA,,,CRYSTAL,NO
1722234,1232775824,OVAL,0.70,I,VS1,,EX,EX,NONE,6.98*4.81*3.11,,64.6,56,GIA,713,INDIA,,,"CLOUD, PINPOINT",NO
1503431,2235824920,OVAL,0.70,I,VS1,,EX,EX,NONE,6.84*4.88*3.13,,64.1,61,GIA,743,INDIA,,,"FEATHER, PINPOINT",NO
7523655,2235821059,OVAL,0.72,D,VS2,,VG,VG,NONE,6.97*5.05*3.26,,64.7,62,GIA,1121,INDIA,,,"CLOUD, FEATHER, CRYSTAL",NO
1333786,2231642814,OVAL,0.70,D,VS2,,VG,VG,FAINT,7.59*4.86*2.96,,61,64,GIA,1010,INDIA,,,"CRYSTAL, FEATHER",NO
1588358,1232720608,OVAL,0.70,D,VS2,,EX,EX,NONE,7.04*4.93*2.99,,60.6,57,GIA,1090,INDIA,,,"CRYSTAL, FEATHER",NO
1527766,6541141340,OVAL,0.70,D,VS2,,EX,EX,NONE,6.74*4.88*3.22,,66,62,GIA,1040,INDIA,,,FEATHER,NO
1231209,2231829231,OVAL,0.70,D,VS2,,EX,EX,NONE,6.96*4.98*2.94,,59.1,65,GIA,1109,INDIA,,,FEATHER,NO
1475329,1232832602,OVAL,0.70,D,VS2,,EX,EX,VST,6.82*4.89*3.09,,63.2,61,GIA,720,INDIA,,,"CLOUD, CRYSTAL, FEATHER",NO
1655860,7543430920,OVAL,0.70,D,VS2,,EX,VG,NONE,7.24*5.02*2.88,,57.4,62,GIA,1154,INDIA,,,"FEATHER, CRYSTAL",NO
1145831,2235771888,OVAL,0.70,D,VS2,,EX,EX,NONE,7.36*4.68*3.06,,65.4,62,GIA,1144,INDIA,,,"CLOUD, CRYSTAL",NO
1825518,6542141266,OVAL,0.70,D,VS2,,EX,VG,STG,7.11*4.74*3.09,,65.1,56,GIA,720,INDIA,,,FEATHER,NO
1199449,1236832322,OVAL,0.70,D,VS2,,EX,EX,NONE,6.92*5.02*2.92,,58.2,60,GIA,1120,INDIA,,,"CRYSTAL, CLOUD, FEATHER",NO
1904584,2235832587,OVAL,0.70,D,VS2,,EX,EX,NONE,6.68*4.9*3.18,,64.9,64,GIA,1093,INDIA,,,"KNOT, FEATHER, CRYSTAL",NO
1201030,2235751323,OVAL,0.70,D,VS2,,EX,EX,FAINT,6.8*4.99*3.1,,62.1,66,GIA,986,INDIA,,,CRYSTAL,NO
1807035,1236834472,OVAL,0.71,E,VS2,,EX,EX,FAINT,7.06*4.92*3.15,,64.1,62,GIA,1069,INDIA,,,"CLOUD, CRYSTAL, FEATHER",NO
1517587,2546068309,OVAL,0.70,E,VS2,,VG,VG,FAINT,6.81*4.92*3.08,,62.7,63,GIA,1004,INDIA,,,"CLOUD, CRYSTAL, FEATHER",NO
1297662,1232823552,OVAL,0.70,E,VS2,,VG,EX,NONE,6.75*4.96*3.16,,63.6,65,GIA,1029,INDIA,,,"CRYSTAL, FEATHER",NO
3490261,2235718940,OVAL,0.71,F,VS2,,EX,EX,NONE,7.5*4.83*3.07,,63.5,63,GIA,1023,INDIA,,,"CRYSTAL, FEATHER, CLOUD",NO
1180254,5232778561,OVAL,0.70,F,VS2,,EX,VG,NONE,7.28*4.67*3.08,,66,64,GIA,1011,INDIA,,,"FEATHER, CLOUD",NO
1345244,1548431085,OVAL,0.70,F,VS2,,EX,EX,FAINT,7.09*4.82*3.12,,64.8,59,GIA,971,INDIA,,,"FEATHER, CLOUD",NO
1866220,5232799427,OVAL,0.70,F,VS2,,EX,VG,NONE,7.39*4.71*3.04,,64.6,62,GIA,1009,INDIA,,,"CRYSTAL, CLOUD, FEATHER",NO
1764568,2537751425,OVAL,0.70,F,VS2,,EX,VG,NONE,7.02*4.83*3.05,,63.1,55,GIA,1009,INDIA,,,CRYSTAL,NO
1879931,2235829247,OVAL,0.70,F,VS2,,EX,EX,NONE,7.01*5.01*3.03,,60.4,64,GIA,1025,INDIA,,,"CLOUD, CRYSTAL",NO
1827666,1533808954,OVAL,0.70,F,VS2,,EX,EX,FAINT,6.77*4.9*3.11,,63.3,59,GIA,924,INDIA,,,"TWINNING WISP, CRYSTAL",NO
1327714,6233832615,OVAL,0.70,F,VS2,,EX,VG,NONE,6.98*5.01*3.01,,60,65,GIA,1011,INDIA,,,"CRYSTAL, FEATHER",NO
1557983,2235824912,OVAL,0.70,F,VS2,,EX,EX,FAINT,6.87*4.92*3.13,,63.7,63,GIA,924,INDIA,,,"CRYSTAL, KNOT",NO
7322569,2534792457,OVAL,0.70,F,VS2,,EX,EX,NONE,7.41*4.74*2.98,,62.9,61,GIA,1009,INDIA,,,CLOUD,NO
1136986,5232834443,OVAL,0.70,F,VS2,,EX,VG,STG,6.85*4.91*3.14,,64,56,GIA,706,INDIA,,,FEATHER,NO
1726259,6233832362,OVAL,0.70,F,VS2,,EX,EX,NONE,7.38*4.7*3.05,,64.9,61,GIA,1042,INDIA,,,"CLOUD, CRYSTAL",NO
1951078,2235794931,OVAL,0.70,F,VS2,,EX,VG,NONE,7.44*4.78*2.95,,61.8,60,GIA,1009,INDIA,,,CRYSTAL,NO
1652694,2231804553,OVAL,0.70,F,VS2,,EX,EX,NONE,7.14*4.93*3.11,,63.2,62,GIA,1009,INDIA,,,"CLOUD, CRYSTAL, FEATHER, NEEDLE",NO
1118885,5232834453,OVAL,0.70,F,VS2,,EX,VG,NONE,6.61*4.86*3.21,,65.9,62,GIA,988,INDIA,,,"FEATHER, KNOT, CRYSTAL, CLOUD",NO
1138608,6233834432,OVAL,0.71,G,VS2,,EX,EX,NONE,7.05*4.95*3.13,,63.1,63,GIA,980,INDIA,,,"FEATHER, CLOUD, CRYSTAL",NO
1634635,2235799402,OVAL,0.71,G,VS2,,EX,VG,FAINT,6.93*4.95*3.14,,63.5,61,GIA,911,INDIA,,,CRYSTAL,NO
1395426,1548380298,OVAL,0.70,G,VS2,,EX,EX,FAINT,6.8*4.89*3.09,,63.2,65,GIA,869,INDIA,,,FEATHER,NO
1137106,6237831867,OVAL,0.70,G,VS2,,EX,EX,FAINT,6.91*5.01*2.97,,59.3,65,GIA,885,INDIA,,,"CRYSTAL, FEATHER, CLOUD",NO
1417685,1232771848,OVAL,0.70,G,VS2,,EX,EX,NONE,6.85*4.93*3,,60.9,58,GIA,929,INDIA,,,"CRYSTAL, FEATHER, CLOUD",NO
1388663,5232821038,OVAL,0.71,H,VS2,,EX,VG,NONE,6.93*4.95*3.14,,63.4,59,GIA,793,INDIA,,,"CLOUD, CRYSTAL, FEATHER",NO
1488978,1232818940,OVAL,0.71,H,VS2,,EX,EX,NONE,6.93*4.96*3.11,,62.8,57,GIA,813,INDIA,,,"FEATHER, CRYSTAL",NO
1612285,5232832454,OVAL,0.70,H,VS2,,EX,EX,NONE,6.94*4.96*3.08,,62.1,59,GIA,790,INDIA,,,"FEATHER, CRYSTAL",NO
1458121,1232823576,OVAL,0.70,H,VS2,,EX,VG,NONE,6.96*4.79*3.13,,65.4,59,GIA,782,INDIA,,,"FEATHER, CRYSTAL, CLOUD",NO
1293307,2235803922,OVAL,0.70,I,VS2,,EX,EX,NONE,7.08*4.84*3.1,,64,58,GIA,695,INDIA,,,"CLOUD, KNOT, FEATHER, CRYSTAL",NO
1506569,2231777517,OVAL,0.70,I,VS2,,EX,VG,NONE,7.41*4.9*2.95,,60.2,60,GIA,695,INDIA,,,FEATHER,NO
1898336,5232832591,OVAL,0.61,D,VS1,,EX,EX,FAINT,6.89*4.9*2.74,,55.8,65,GIA,805,INDIA,,,"CRYSTAL, CLOUD, PINPOINT",NO
1157573,1232831833,OVAL,0.61,F,VS1,,VG,VG,NONE,6.64*4.71*3.01,,63.8,62,GIA,808,INDIA,,,"FEATHER, PINPOINT",NO
1691773,6233834378,OVAL,0.51,G,IF,,EX,VG,NONE,6.36*4.56*2.79,,61.1,62,GIA,571,INDIA,,,"SURFACE GRAINING, MINOR DETAILS OF POLISH",NO
1513800,1232828063,OVAL,0.51,D,VVS1,,VG,VG,NONE,6.89*4.35*2.62,,60.3,64,GIA,661,INDIA,,,"CLOUD, PINPOINT, FEATHER",NO
1477338,6237832503,OVAL,0.50,D,VVS1,,EX,VG,STG,6.4*4.57*2.75,,60.2,63,GIA,554,INDIA,,,PINPOINT,NO
1802501,2231834390,OVAL,0.50,E,VVS1,,VG,GD,NONE,6.77*4.55*2.5,,54.9,65,GIA,560,INDIA,,,"CLOUD, SURFACE GRAINING",NO
1708778,5232762923,OVAL,0.50,F,VVS1,,VG,VG,NONE,6.19*4.44*2.83,,63.9,62,GIA,561,INDIA,,,FEATHER,NO
1782885,2235811276,OVAL,0.53,E,VVS2,,VG,VG,NONE,7.07*4.59*2.61,,56.9,64,GIA,620,INDIA,,,FEATHER,NO
1643842,2235805262,OVAL,0.50,F,VS2,,VG,GD,NONE,6.83*4.21*2.7,,64,63,GIA,517,INDIA,,,"FEATHER, CRYSTAL",NO
1323723,5231834475,OVAL,0.40,E,IF,,VG,VG,NONE,5.81*4.12*2.59,,62.9,63,GIA,470,INDIA,,,"SURFACE GRAINING, MINOR DETAILS OF POLISH",NO
1182971,1232829176,OVAL,0.41,D,VVS1,,VG,VG,NONE,6.09*4.43*2.41,,54.4,63,GIA,476,INDIA,,,"PINPOINT, FEATHER",NO
1973881,1236832538,OVAL,0.40,D,VVS1,,VG,VG,NONE,6.22*4.04*2.55,,63.2,62,GIA,462,INDIA,,,"INTERNAL GRAINING, SURFACE GRAINING",NO
1378193,6542378924,OVAL,0.42,E,VVS1,,VG,VG,NONE,6.11*4.26*2.57,,60.2,64,GIA,525,INDIA,,,FEATHER,NO
1384311,2235834290,OVAL,0.41,E,VVS1,,GD,GD,NONE,5.88*4.24*2.63,,62,69,GIA,413,INDIA,,,"CLOUD, PINPOINT",NO
1173043,1232746092,OVAL,0.40,E,VVS2,,VG,EX,FAINT,5.98*4.33*2.43,,56.1,65,GIA,406,INDIA,,,"FEATHER, PINPOINT, SURFACE GRAINING",NO
1323693,2235777520,OVAL,0.40,E,VS1,,VG,VG,NONE,6.1*4.25*2.45,,57.7,60,GIA,407,INDIA,,,"CLOUD, CRYSTAL, FEATHER",NO
1661116,2235827930,OVAL,0.36,D,IF,,VG,VG,FAINT,6.06*3.85*2.43,,63.1,61,GIA,510,INDIA,,,"SURFACE GRAINING, MINOR DETAILS OF POLISH",NO
1410392,1545380151,OVAL,0.35,D,IF,,EX,VG,NONE,5.58*3.94*2.56,,65.1,63,GIA,476,INDIA,,,MINOR DETAILS OF POLISH,NO
1239286,5232817798,OVAL,0.32,D,IF,,VG,VG,NONE,5.7*3.77*2.44,,64.7,56,GIA,441,INDIA,,,"SURFACE GRAINING, MINOR DETAILS OF POLISH",NO
1249360,5231820884,OVAL,0.32,D,IF,,VG,EX,NONE,5.93*3.84*2.24,,58.3,61,GIA,447,INDIA,,,MINOR DETAILS OF POLISH,NO
1229312,6541430937,OVAL,0.35,E,IF,,VG,VG,NONE,5.49*3.99*2.56,,64,61,GIA,366,INDIA,,,MINOR DETAILS OF POLISH,NO
1595009,5231771871,OVAL,0.32,F,IF,,VG,VG,NONE,5.49*3.96*2.33,,58.9,61,GIA,340,INDIA,,,MINOR DETAILS OF POLISH,NO
1827668,5231733462,OVAL,0.31,G,IF,,VG,VG,NONE,5.85*3.69*2.17,,58.8,64,GIA,332,INDIA,,,MINOR DETAILS OF POLISH,NO
1867802,6233751369,OVAL,0.38,D,VVS1,,EX,VG,NONE,5.75*4.03*2.6,,64.5,62,GIA,397,INDIA,,,"INTERNAL GRAINING, SURFACE GRAINING",NO
1599245,2235828158,OVAL,0.35,D,VVS1,,VG,VG,FAINT,5.92*4.1*2.27,,55.4,62,GIA,340,INDIA,,,FEATHER,NO
1671974,2231811403,OVAL,0.33,D,VVS1,,VG,VG,NONE,5.64*3.93*2.33,,59.2,60,GIA,345,INDIA,,,FEATHER,NO
1114070,6531810318,OVAL,0.30,D,VVS1,,VG,VG,NONE,5.8*3.59*2.28,,63.5,63,GIA,320,INDIA,,,"CLOUD, PINPOINT, FEATHER",NO
1249517,1545141289,OVAL,0.30,D,VVS1,,VG,EX,NONE,5.39*3.73*2.35,,62.9,61,GIA,320,INDIA,,,"CLOUD, FEATHER, SURFACE GRAINING",NO
1667249,7538808661,OVAL,0.39,E,VVS1,,EX,VG,NONE,6.08*4.04*2.49,,61.6,60,GIA,395,INDIA,,,"PINPOINT, FEATHER, SURFACE GRAINING",NO
1268235,5231775885,OVAL,0.30,E,VVS1,,VG,GD,NONE,5.72*3.63*2.27,,62.7,64,GIA,319,INDIA,,,FEATHER,NO
1775947,5232834480,OVAL,0.30,E,VVS1,,VG,EX,NONE,5.77*3.59*2.3,,63.9,61,GIA,365,INDIA,,,FEATHER,NO
1636020,2537792357,OVAL,0.30,E,VVS1,,VG,VG,MED,5.44*3.97*2.18,,54.9,61,GIA,292,INDIA,,,FEATHER,NO
1902811,1232827869,OVAL,0.30,E,VVS1,,VG,VG,NONE,5.93*3.71*2.15,,58.1,64,GIA,360,INDIA,,,FEATHER,NO
1658378,6532748708,OVAL,0.30,E,VVS1,,VG,VG,NONE,5.26*3.87*2.31,,59.7,62,GIA,322,INDIA,,,CLOUD,NO
1391652,2231794777,OVAL,0.37,F,VVS1,,VG,VG,NONE,5.72*4.07*2.52,,62,61,GIA,377,INDIA,,,FEATHER,NO
1804020,2235811375,OVAL,0.30,F,VVS1,,VG,VG,NONE,5.54*3.87*2.3,,59.4,61,GIA,334,INDIA,,,"FEATHER, CHIP, SURFACE GRAINING, EXTRA FACET",NO
1319841,2233765186,OVAL,0.37,D,VVS2,,VG,VG,NONE,5.71*4.04*2.47,,61.2,63,GIA,375,INDIA,,,"NEEDLE, PINPOINT",NO
1893926,5231829218,OVAL,0.33,D,VVS2,,EX,VG,NONE,5.65*3.91*2.44,,62.4,65,GIA,339,INDIA,,,PINPOINT,NO
1434893,1549182083,OVAL,0.33,D,VVS2,,VG,VG,FAINT,6.06*3.86*2.18,,56.6,64,GIA,332,INDIA,,,"NEEDLE, FEATHER, PINPOINT",NO
1979419,1236832540,OVAL,0.31,D,VVS2,,VG,VG,NONE,5.64*3.87*2.17,,55.9,61,GIA,335,INDIA,,,"PINPOINT, NEEDLE, FEATHER",NO
1193850,2231829175,OVAL,0.30,D,VVS2,,VG,VG,NONE,5.89*3.84*1.97,,51.4,64,GIA,329,INDIA,,,FEATHER,NO
1976060,2235803967,OVAL,0.30,E,VVS2,,VG,VG,NONE,5.74*3.82*2.2,,57.5,61,GIA,323,INDIA,,,PINPOINT,NO
1323563,6531429664,OVAL,0.30,E,VVS2,,EX,VG,NONE,5.42*3.82*2.17,,56.7,61,GIA,323,INDIA,,,"CLOUD, SURFACE GRAINING",NO
1882983,2235771896,OVAL,0.31,F,VVS2,,VG,VG,NONE,5.78*3.74*2.21,,59,60,GIA,333,INDIA,,,"PINPOINT, CLOUD, SURFACE GRAINING",NO
1347011,3545142041,OVAL,0.30,D,VS1,,VG,VG,NONE,5.28*3.84*2.35,,61.1,64,GIA,309,INDIA,,,"FEATHER, CLOUD",NO
60310,2231829802,MARQUISE,2.80,H,VS2,,EX,EX,FAINT,14.87*7.36*4.33,,58.9,54,GIA,37256,INDIA,,,Feather,NO
7408447,2494407478,MARQUISE,4.02,D,VS2,,EX,VG,NONE,16.77*8.03*4.88,,60.8,59,GIA,94550,INDIA,,,"Crystal, Feather, Needle",NO
7203223,5543095941,MARQUISE,4.02,D,VS2,,EX,VG,NONE,16.12*8.32*5.13,,61.7,58,GIA,103161,HONG KONG,,,FEATHER,NO
7055777,6542285104,MARQUISE,3.02,O-P,VVS2,,EX,VG,FAINT,13.64*6.7*4.61,,68.8,55,GIA,11162,HONG KONG,,,FEATHER,NO
1295872,1549385583,MARQUISE,2.01,D,VS2,,EX,EX,FAINT,13.33*6.82*3.82,,56.1,62,GIA,24709,INDIA,,,"FEATHER, PINPOINT",NO
1380105,5232833889,MARQUISE,1.21,G,IF,,EX,EX,NONE,10.87*5.53*3.5,,63.3,57,GIA,7003,INDIA,,,,NO
1784658,2544430452,MARQUISE,1.22,F,VVS1,,EX,EX,NONE,12.51*5.6*2.93,,52.2,66,GIA,7833,INDIA,,,FEATHER,NO
1182566,1232818872,MARQUISE,1.20,K,VVS1,,VG,VG,VST,10.12*5.4*3.69,,68.4,58,GIA,2236,INDIA,,,FEATHER,NO
1397218,1232818843,MARQUISE,1.31,D,VVS2,,EX,EX,NONE,10.91*5.73*3.63,,63.3,56,GIA,10281,INDIA,,,"NEEDLE, PINPOINT",NO
7811430,7548122119,MARQUISE,1.20,G,VS1,,EX,EX,NONE,10.9*5.79*3.06,,52.8,63,GIA,6205,HONG KONG,,,"CRYSTAL, NEEDLE, PINPOINT",NO
1372474,2235833890,MARQUISE,1.20,J,VS1,,EX,EX,FAINT,10.59*5.57*3.53,,63.3,59,GIA,3820,INDIA,,,FEATHER,NO
1242850,2231832066,MARQUISE,1.01,D,VS1,,VG,EX,NONE,11.17*5.1*3.1,,60.7,58,GIA,5176,INDIA,,,FEATHER,NO
7297971,7546029221,MARQUISE,1.01,E,VS1,,EX,EX,NONE,11.62*5.15*2.88,,56,57,GIA,4811,HONG KONG,,,"CLOUD, NEEDLE",NO
1757672,2233832119,MARQUISE,1.05,G,VS1,,EX,EX,NONE,10.32*5.26*3.35,,63.7,57,GIA,4445,INDIA,,,"CRYSTAL, FEATHER, NEEDLE",NO
1842856,2235794887,MARQUISE,0.90,D,VVS1,,EX,EX,NONE,9.9*4.99*3,,60.1,59,GIA,4071,INDIA,,,FEATHER,NO
1364289,2231832649,MARQUISE,0.80,F,IF,,EX,EX,FAINT,9.17*4.82*3.03,,62.8,57,GIA,2197,INDIA,,,MINOR DETAILS OF POLISH,NO
1832092,6532850188,MARQUISE,0.81,F,VVS1,,EX,VG,MED,9.76*4.92*2.85,,58,61,GIA,1758,INDIA,,,"PINPOINT, FEATHER",NO
1901329,6545137486,MARQUISE,0.70,F,IF,,EX,VG,NONE,9.03*4.73*2.95,,62.4,57,GIA,1828,INDIA,,,MINOR DETAILS OF POLISH,NO
1645547,2235827915,MARQUISE,0.70,D,VVS1,,EX,VG,FAINT,8.5*4.52*3.02,,66.7,55,GIA,1702,INDIA,,,"CLOUD, PINPOINT, FEATHER, SURFACE GRAINING",NO
1337052,6237827829,MARQUISE,0.70,F,VVS1,,EX,EX,NONE,9.76*4.38*2.84,,64.8,57,GIA,1805,INDIA,,,"NEEDLE, FEATHER",NO
1932968,2231763181,MARQUISE,0.70,H,VVS1,,EX,EX,MED,8.87*4.7*2.85,,60.5,62,GIA,1154,INDIA,,,NEEDLE,NO
1136535,2235824925,MARQUISE,0.70,G,VVS2,,EX,EX,NONE,9.27*4.41*2.89,,65.5,58,GIA,1604,INDIA,,,FEATHER,NO
1256502,7541437320,MARQUISE,0.75,H,VVS2,,EX,EX,NONE,9.39*4.81*2.85,,59.2,58,GIA,1620,INDIA,,,PINPOINT,NO
1890947,6237832648,MARQUISE,0.70,G,VS1,,VG,VG,FAINT,9.57*4.45*2.9,,65.1,55,GIA,1417,INDIA,,,"CRYSTAL, NEEDLE, PINPOINT",NO
1148454,5231820927,MARQUISE,0.70,J,VS1,,VG,EX,NONE,9.1*4.79*2.74,,57.1,61,GIA,1003,INDIA,,,"CRYSTAL, FEATHER, CLOUD, PINPOINT",NO
1899749,6237818807,MARQUISE,0.70,F,VS2,,VG,VG,NONE,9.3*4.47*2.87,,64.2,63,GIA,1564,INDIA,,,KNOT,NO
1373679,2235794880,MARQUISE,0.60,F,VS2,,VG,VG,FAINT,8.31*4.39*2.75,,62.6,59,GIA,806,INDIA,,,CLOUD,NO
1428568,7531563818,MARQUISE,0.50,F,IF,,EX,VG,NONE,8.79*4.01*2.5,,62.4,62,GIA,820,INDIA,,,"SURFACE GRAINING, MINOR DETAILS OF POLISH",NO
1637026,7548437357,MARQUISE,0.55,D,VVS1,,VG,EX,NONE,8.83*4.36*2.42,,55.5,62,GIA,1040,INDIA,,,FEATHER,NO
1605826,2544155102,MARQUISE,0.50,E,VVS1,,VG,VG,MED,7.99*4.21*2.67,,63.5,60,GIA,768,INDIA,,,PINPOINT,NO
1592568,2231831879,MARQUISE,0.50,F,VVS1,,EX,VG,NONE,8.02*4.21*2.55,,60.5,59,GIA,820,INDIA,,,"FEATHER, SURFACE GRAINING",NO
1387490,1232829105,MARQUISE,0.50,F,VS1,,VG,VG,NONE,8.06*4.22*2.53,,60.1,59,GIA,788,INDIA,,,"FEATHER, CLOUD, PINPOINT",NO
1296493,2235799430,MARQUISE,0.51,E,VS2,,VG,VG,FAINT,8.64*4.16*2.47,,59.3,58,GIA,695,INDIA,,,"CRYSTAL, FEATHER, CAVITY",NO
1782330,2233831845,MARQUISE,0.50,E,VS2,,VG,VG,NONE,8.31*4.26*2.42,,56.7,63,GIA,777,INDIA,,,"FEATHER, CRYSTAL",NO
1147017,1236817761,MARQUISE,0.50,E,VS2,,VG,VG,MED,8.7*4.2*2.36,,56.2,63,GIA,657,INDIA,,,FEATHER,NO
1328685,2536497240,MARQUISE,0.31,D,IF,,VG,VG,NONE,7.86*3.58*1.96,,54.7,61,GIA,459,INDIA,,,MINOR DETAILS OF POLISH,NO
1761625,2235834221,MARQUISE,0.31,D,IF,,VG,VG,NONE,7.92*3.54*1.99,,56.3,59,GIA,477,INDIA,,,"SURFACE GRAINING, MINOR DETAILS OF POLISH",NO
1684136,5232832452,MARQUISE,0.35,E,IF,,VG,VG,MED,8.25*3.66*2.07,,56.5,64,GIA,403,INDIA,,,MINOR DETAILS OF POLISH,NO
1798123,5536439386,MARQUISE,0.31,E,IF,,EX,VG,FAINT,7.41*3.58*2.07,,57.9,59,GIA,383,INDIA,,,MINOR DETAILS OF POLISH,NO
1479438,1232762902,MARQUISE,0.31,E,IF,,VG,VG,NONE,7.37*3.55*2.04,,57.6,60,GIA,422,INDIA,,,"SURFACE GRAINING, MINOR DETAILS OF POLISH",NO
1606226,5231775835,MARQUISE,0.30,E,IF,,EX,VG,NONE,7.52*3.39*2.05,,60.4,61,GIA,409,INDIA,,,"SURFACE GRAINING, MINOR DETAILS OF POLISH",NO
1870413,2235802800,MARQUISE,0.30,E,IF,,VG,VG,NONE,7.23*3.65*1.9,,52,63,GIA,410,INDIA,,,MINOR DETAILS OF POLISH,NO
1338721,1232824953,MARQUISE,0.31,D,VVS1,,VG,VG,NONE,6.8*3.58*2.22,,61.9,63,GIA,428,INDIA,,,FEATHER,NO
1324245,6531563352,MARQUISE,0.30,D,VVS1,,VG,GD,NONE,7.43*3.49*2.06,,59.1,60,GIA,370,INDIA,,,FEATHER,NO
1105847,2235775871,MARQUISE,0.30,D,VVS1,,VG,VG,FAINT,7.19*3.53*2.14,,60.7,62,GIA,370,INDIA,,,"NEEDLE, PINPOINT, CLOUD",NO
1105958,7536810283,MARQUISE,0.30,D,VVS1,,VG,VG,NONE,7.14*3.44*2.17,,63,62,GIA,409,INDIA,,,"CLOUD, PINPOINT, FEATHER, SURFACE GRAINING",NO
1822956,2235775900,MARQUISE,0.30,D,VVS1,,VG,VG,NONE,7.37*3.47*2.02,,58.2,58,GIA,409,INDIA,,,FEATHER,NO
1601112,5231733781,MARQUISE,0.30,D,VVS1,,VG,VG,NONE,6.87*3.45*2.12,,61.4,58,GIA,409,INDIA,,,FEATHER,NO
1548598,2231765158,MARQUISE,0.30,D,VVS1,,VG,GD,NONE,7.4*3.48*2.02,,58.1,56,GIA,370,INDIA,,,CHIP,NO
1375584,7536834888,MARQUISE,0.33,E,VVS1,,VG,VG,NONE,7.15*3.67*2.21,,60.4,63,GIA,411,INDIA,,,"PINPOINT, SURFACE GRAINING",NO
1806031,5231834469,MARQUISE,0.30,E,VVS1,,VG,VG,NONE,7.31*3.53*1.99,,56.5,62,GIA,388,INDIA,,,"FEATHER, SURFACE GRAINING",NO
1129579,1236751148,MARQUISE,0.33,F,VVS1,,VG,VG,NONE,7.37*3.58*2.17,,60.6,60,GIA,407,INDIA,,,"FEATHER, SURFACE GRAINING",NO
1907602,6535440152,MARQUISE,0.32,F,VVS1,,VG,VG,NONE,7.63*3.66*2.05,,56,61,GIA,394,INDIA,,,PINPOINT,NO
1894765,5232818875,MARQUISE,0.31,D,VVS2,,VG,VG,NONE,6.89*3.64*2.21,,60.7,62,GIA,386,INDIA,,,PINPOINT,NO
1678369,5231770518,MARQUISE,0.30,D,VVS2,,VG,VG,FAINT,7.72*3.39*2.04,,60.1,65,GIA,338,INDIA,,,"NEEDLE, PINPOINT, SURFACE GRAINING",NO
1278631,6237765153,MARQUISE,0.30,D,VVS2,,VG,VG,NONE,6.76*3.55*2.19,,61.7,61,GIA,373,INDIA,,,"FEATHER, SURFACE GRAINING",NO
1797565,1533439416,MARQUISE,0.30,D,VVS2,,EX,VG,NONE,7.38*3.64*2.01,,55.3,63,GIA,373,INDIA,,,"PINPOINT, FEATHER, SURFACE GRAINING",NO
1936253,3535748204,MARQUISE,0.30,F,VVS2,,VG,VG,NONE,7.2*3.45*2.11,,61.1,61,GIA,350,INDIA,,,"NEEDLE, PINPOINT",NO
1846236,2235751351,MARQUISE,0.34,E,VS1,,VG,VG,NONE,7.63*3.65*2.15,,59,60,GIA,397,INDIA,,,"CRYSTAL, NEEDLE, PINPOINT",NO
7442708,6542391152,HEART,5.15,K,VVS2,,EX,EX,NONE,10.6*11.76*6.98,,59.4,60,GIA,62583,HONG KONG,,,"NEEDLE, PINPOINT",NO
7284125,1548391122,HEART,5.07,J,VS2,,EX,EX,NONE,10.59*11.78*6.93,,58.8,60,GIA,65131,HONG KONG,,,"CRYSTAL, NEEDLE, FEATHER",NO
1369164,6535526237,HEART,3.03,U-V,IF,,VG,VG,MED,7.62*9.46*5.64,,59.6,57,GIA,6855,INDIA,,,,NO
7371733,1548026052,HEART,3.01,L,VVS1,,EX,EX,NONE,8.51*9.85*5.9,,59.9,61,GIA,15837,HONG KONG,,,FEATHER,NO
7894209,6545025316,HEART,3.01,D,VVS2,,EX,EX,NONE,8.89*9.83*5.81,,59.1,61,GIA,57631,HONG KONG,,,"PINPOINT, CLOUD",NO
1846595,5232821109,HEART,3.06,H,VVS2,,EX,EX,NONE,8.91*10.15*5.88,,58,59,GIA,38864,INDIA,,,"CLOUD, PINPOINT",NO
3372775,1547240201,HEART,3.01,H,VS2,,EX,EX,NONE,8.64*10.03*5.92,,59,59,GIA,30872,HONG KONG,,,"CRYSTAL, FEATHER, CLOUD, NEEDLE",NO
7468203,2536651332,HEART,3.01,K,VS2,,EX,EX,NONE,8.85*9.53*5.81,,60.9,56,GIA,15686,HONG KONG,,,"CRYSTAL, FEATHER, PINPOINT, NEEDLE",NO
7518647,1543025624,HEART,2.10,I,VS1,,EX,EX,NONE,7.86*8.83*5.11,,57.8,60,GIA,9787,HONG KONG,,,"CRYSTAL, CLOUD, NEEDLE",NO
7070251,7538859550,HEART,2.01,I,VS1,,EX,EX,NONE,7.58*8.67*5.1,,58.8,60,GIA,9923,HONG KONG,,,"CLOUD, PINPOINT",NO
1800717,1236804475,HEART,2.02,L,VS2,,EX,EX,FAINT,7.51*8.74*5.21,,59.6,59,GIA,5243,INDIA,,,"FEATHER, PINPOINT, INDENTED NATURAL",NO
7317005,2548233395,HEART,1.70,G,VVS2,,EX,EX,NONE,6.95*8.09*4.91,,60.7,59,GIA,10263,HONG KONG,,,"CLOUD, NEEDLE",NO
1887430,2235827798,HEART,1.51,I,IF,,EX,EX,NONE,6.84*7.96*4.71,,59.3,59,GIA,5825,INDIA,,,,NO
3242336,2546029849,HEART,1.51,I,IF,,EX,EX,NONE,6.7*7.96*4.84,,60.7,63,GIA,5745,HONG KONG,,,,NO
1948629,1232773545,HEART,1.51,D,VVS2,,EX,EX,NONE,6.76*7.95*4.64,,58.3,63,GIA,10020,INDIA,,,PINPOINT,NO
7290939,6532861784,HEART,1.56,J,VS1,,EX,EX,NONE,7.03*7.97*4.63,,58.1,60,GIA,4267,HONG KONG,,,"CRYSTAL, CLOUD, FEATHER, NEEDLE",NO
7385594,7541233343,HEART,1.51,N,VS2,,EX,EX,FAINT,6.72*7.82*4.7,,60,59,GIA,2501,HONG KONG,,,"CRYSTAL, CLOUD, FEATHER, NEEDLE",NO
1940699,6545060707,HEART,1.30,I,IF,,EX,EX,FAINT,6.55*7.51*4.51,,60,60,GIA,2539,INDIA,,,,NO
3585521,1548235851,HEART,1.28,F,VVS2,,EX,EX,FAINT,6.45*7.59*4.43,,58.4,61,GIA,4854,HONG KONG,,,NEEDLE,NO
7366581,6532926179,HEART,1.20,G,VS2,,EX,EX,NONE,6.26*7.38*4.28,,58,60,GIA,3548,HONG KONG,,,"FEATHER, PINPOINT, CLOUD",NO
1404184,5232794720,HEART,1.20,G,VS2,,EX,EX,NONE,6.88*7.52*4.13,,54.9,62,GIA,3555,INDIA,,,FEATHER,NO
1770412,1232775634,HEART,1.01,F,IF,,EX,EX,NONE,5.89*6.86*4.17,,60.8,55,GIA,3306,INDIA,,,,NO
1767857,1537790063,HEART,1.03,G,IF,,EX,EX,NONE,6.39*6.87*4.07,,59.2,62,GIA,2969,INDIA,,,EXTRA FACET,NO
1839332,5232653418,HEART,1.02,G,IF,,EX,EX,NONE,6.16*6.93*4,,57.7,61,GIA,2865,INDIA,,,,NO
1234531,2233751249,HEART,1.01,G,IF,,EX,EX,NONE,6.01*7.07*3.97,,56.2,60,GIA,2859,INDIA,,,,NO
1210396,2231834021,HEART,1.01,G,IF,,EX,EX,NONE,5.95*6.9*4.13,,59.8,58,GIA,2934,INDIA,,,,NO
1773780,6237823643,HEART,1.02,H,IF,,EX,EX,NONE,6.24*6.84*4.11,,60,58,GIA,2872,INDIA,,,,NO
1440655,2546431428,HEART,1.01,H,IF,,EX,EX,NONE,5.93*6.93*4.08,,58.9,56,GIA,2806,INDIA,,,,NO
1579344,2544380326,HEART,1.04,I,IF,,EX,EX,NONE,6.44*6.86*4.08,,59.5,56,GIA,2480,INDIA,,,,NO
1880364,5232829061,HEART,1.02,I,IF,,EX,EX,NONE,6.07*6.91*4.12,,59.6,59,GIA,2379,INDIA,,,,NO
1686887,2235823689,HEART,1.03,J,IF,,EX,EX,NONE,6.32*6.87*4.12,,59.9,60,GIA,2196,INDIA,,,,NO
1575034,2547431547,HEART,1.01,E,VVS1,,EX,EX,FAINT,5.85*6.85*4.19,,61.2,60,GIA,2715,INDIA,,,"NEEDLE, FEATHER",NO
1600960,5232823421,HEART,1.05,G,VVS1,,EX,EX,NONE,6.24*7.01*4.16,,59.3,56,GIA,2938,INDIA,,,"PINPOINT, CLOUD",NO
1587844,5536150469,HEART,1.05,G,VVS1,,EX,VG,FAINT,6.23*7*4.09,,58.4,58,GIA,2552,INDIA,,,PINPOINT,NO
1890325,2231833976,HEART,1.04,G,VVS1,,EX,EX,MED,6.03*7.07*4.2,,59.4,56,GIA,2239,INDIA,,,"PINPOINT, NEEDLE",NO
1648459,7538559801,HEART,1.01,G,VVS1,,EX,EX,NONE,5.91*6.93*4.09,,59,59,GIA,2749,INDIA,,,FEATHER,NO
1285259,5232818788,HEART,1.01,H,VVS1,,EX,VG,NONE,6.59*7.01*3.62,,51.7,65,GIA,2365,INDIA,,,FEATHER,NO
1890772,2231823414,HEART,1.02,J,VVS1,,EX,EX,NONE,6.1*6.98*4.06,,58.2,58,GIA,2079,INDIA,,,PINPOINT,NO
3863907,6545320067,HEART,1.02,J,VVS1,,EX,EX,NONE,6.07*7.14*3.97,,55.6,62,GIA,2097,HONG KONG,,,"PINPOINT, FEATHER",NO
1882112,1236829405,HEART,1.01,J,VVS1,,EX,EX,NONE,6.11*6.94*4.09,,58.9,57,GIA,1917,INDIA,,,"PINPOINT, FEATHER",NO
1303699,5533430059,HEART,1.01,D,VVS2,,EX,EX,FAINT,5.97*6.92*4.16,,60.1,57,GIA,2665,INDIA,,,"PINPOINT, FEATHER",NO
1354172,2536834391,HEART,1.01,D,VVS2,,EX,VG,NONE,6.08*6.98*3.99,,57.1,61,GIA,3241,INDIA,,,"CLOUD, NEEDLE, PINPOINT",NO
1276583,5232827873,HEART,1.01,F,VVS2,,EX,EX,NONE,5.96*6.91*4.15,,60.1,58,GIA,2939,INDIA,,,NEEDLE,NO
1389349,6233833894,HEART,1.01,F,VVS2,,EX,EX,MED,5.79*6.86*4.18,,60.9,58,GIA,2136,INDIA,,,"CLOUD, PINPOINT, NATURAL",NO
1936989,2233823659,HEART,1.01,F,VVS2,,EX,EX,FAINT,5.77*6.81*4.14,,60.8,56,GIA,2498,INDIA,,,"PINPOINT, FEATHER",NO
1483193,6237803879,HEART,1.00,F,VVS2,,EX,EX,NONE,5.73*6.81*4.2,,61.7,55,GIA,2652,INDIA,,,"FEATHER, CLOUD",NO
1610161,2235799354,HEART,1.00,F,VVS2,,EX,EX,FAINT,6.27*6.79*4,,58.9,56,GIA,2373,INDIA,,,PINPOINT,NO
1430689,2233811258,HEART,1.01,G,VVS2,,EX,EX,NONE,6.15*6.81*4.14,,60.8,58,GIA,2572,INDIA,,,FEATHER,NO
1424801,5533551068,HEART,1.01,G,VVS2,,EX,EX,NONE,6.03*7*4,,57.1,59,GIA,2493,INDIA,,,PINPOINT,NO
1917131,6531804799,HEART,1.01,G,VVS2,,EX,EX,FAINT,5.81*6.87*4.19,,60.9,59,GIA,2231,INDIA,,,"FEATHER, PINPOINT",NO
1454874,2233773880,HEART,1.06,H,VVS2,,VG,VG,NONE,6.16*7*4.2,,60,60,GIA,2292,INDIA,,,PINPOINT,NO
1724702,2547150644,HEART,1.01,H,VVS2,,EX,EX,NONE,5.91*6.93*4.12,,59.4,57,GIA,2306,INDIA,,,"PINPOINT, NEEDLE, FEATHER, CLOUD",NO
1834540,6233820970,HEART,1.08,I,VVS2,,EX,EX,FAINT,6.33*7.03*4.17,,59.3,58,GIA,2144,INDIA,,,"NEEDLE, PINPOINT",NO
1648754,2544380392,HEART,1.01,I,VVS2,,EX,EX,NONE,5.89*6.89*4.17,,60.4,58,GIA,2071,INDIA,,,FEATHER,NO
7497361,1545029467,HEART,1.01,I,VVS2,,EX,EX,NONE,5.92*6.96*4.05,,58.2,60,GIA,2147,HONG KONG,,,"NEEDLE, PINPOINT",NO
1694488,2231823702,HEART,1.01,I,VVS2,,EX,EX,NONE,5.9*6.9*4.13,,59.8,58,GIA,2152,INDIA,,,"NEEDLE, CLOUD, PINPOINT",NO
3204502,6542319964,HEART,1.01,J,VVS2,,EX,EX,NONE,5.88*6.94*4.09,,58.9,60,GIA,1926,HONG KONG,,,"PINPOINT, CLOUD",NO
1751339,2546431143,HEART,1.01,D,VS1,,EX,EX,FAINT,6.07*6.93*4.01,,57.8,61,GIA,2600,INDIA,,,"CRYSTAL, PINPOINT",NO
1205699,5232641235,HEART,1.01,E,VS1,,VG,EX,NONE,6.24*6.69*4.01,,59.9,55,GIA,2595,INDIA,,,"FEATHER, PINPOINT, CLOUD",NO
1299270,1549240480,HEART,1.02,F,VS1,,EX,VG,NONE,6.02*6.97*4.11,,59,61,GIA,2624,INDIA,,,"CLOUD, FEATHER, NEEDLE",NO
1371620,5231823612,HEART,1.02,F,VS1,,EX,EX,NONE,5.9*6.93*4.14,,59.7,58,GIA,2644,INDIA,,,"CRYSTAL, CLOUD, FEATHER, NEEDLE",NO
1402544,2231829098,HEART,1.01,G,VS1,,VG,EX,FAINT,5.99*6.94*4.16,,60,62,GIA,1869,INDIA,,,"CRYSTAL, PINPOINT, NEEDLE",NO
1537578,5232833939,HEART,1.01,G,VS1,,EX,EX,NONE,5.91*6.87*4.13,,60.1,57,GIA,2443,INDIA,,,FEATHER,NO
7397837,7526939875,HEART,1.01,G,VS1,,EX,EX,FAINT,5.86*6.85*4.07,,59.4,60,GIA,1985,HONG KONG,,,"CLOUD, FEATHER, NEEDLE",NO
1605839,6532156073,HEART,1.01,G,VS1,,EX,EX,NONE,6*6.87*4.05,,58.9,61,GIA,2321,INDIA,,,"CRYSTAL, NEEDLE, INDENTED NATURAL",NO
1343091,5231818837,HEART,1.01,G,VS1,,EX,EX,FAINT,6.23*6.83*4,,58.5,57,GIA,1967,INDIA,,,"CRYSTAL, FEATHER, NEEDLE",NO
1206075,6535150551,HEART,1.01,G,VS1,,EX,VG,NONE,6.17*6.9*4.1,,59.4,61,GIA,2321,INDIA,,,"FEATHER, NEEDLE",NO
1662174,1236818826,HEART,1.07,H,VS1,,EX,EX,NONE,6.26*7.01*4.18,,59.6,60,GIA,2326,INDIA,,,"CRYSTAL, PINPOINT, NEEDLE",NO
1145017,6545430372,HEART,1.03,H,VS1,,EX,EX,FAINT,6.14*6.92*4.06,,58.6,57,GIA,2070,INDIA,,,"CRYSTAL, NEEDLE",NO
1543345,6542380170,HEART,1.01,H,VS1,,EX,EX,NONE,6.07*6.98*4.05,,58,61,GIA,2201,INDIA,,,"CRYSTAL, CLOUD",NO
1167514,2231803883,HEART,1.01,H,VS1,,EX,EX,FAINT,5.99*7.03*4.02,,57.2,61,GIA,1993,INDIA,,,"CRYSTAL, NEEDLE, ETCH CHANNEL",NO
1530944,5231832285,HEART,1.00,H,VS1,,EX,EX,NONE,5.88*6.89*4.15,,60.2,56,GIA,2040,INDIA,,,"CRYSTAL, FEATHER, CLOUD, NEEDLE",NO
1939766,7542386746,HEART,1.00,H,VS1,,EX,EX,FAINT,5.7*6.78*4.19,,61.8,57,GIA,1752,INDIA,,,"CLOUD, NEEDLE, PINPOINT",NO
1744922,5231771949,HEART,1.01,I,VS1,,EX,VG,NONE,6.1*6.8*4.1,,60.3,58,GIA,1950,INDIA,,,"FEATHER, CLOUD, PINPOINT",NO
1473090,7538750654,HEART,1.01,E,VS2,,EX,EX,FAINT,6.14*6.63*4.11,,62,55,GIA,1863,INDIA,,,"CRYSTAL, FEATHER, CLOUD, NEEDLE, PINPOINT",NO
1141814,1236803994,HEART,1.01,E,VS2,,EX,EX,NONE,5.96*6.93*4.14,,59.7,61,GIA,2517,INDIA,,,"CRYSTAL, CLOUD, FEATHER, NEEDLE",NO
1449981,5231774003,HEART,1.06,F,VS2,,EX,EX,NONE,6.03*7.1*4.25,,59.9,58,GIA,2404,INDIA,,,"FEATHER, CRYSTAL, NEEDLE",NO
7165730,1538927581,HEART,1.02,F,VS2,,EX,EX,NONE,6.1*6.85*4.11,,60,59,GIA,2400,HONG KONG,,,"CRYSTAL, FEATHER, NEEDLE, KNOT",NO
1909644,2235804500,HEART,1.02,F,VS2,,EX,EX,FAINT,5.98*6.95*4.12,,59.3,61,GIA,2185,INDIA,,,"CLOUD, CRYSTAL, FEATHER, NEEDLE",NO
1576977,1236773570,HEART,1.02,F,VS2,,EX,EX,NONE,6.04*6.9*4.11,,59.7,59,GIA,2237,INDIA,,,"CRYSTAL, CLOUD, FEATHER, NEEDLE",NO
1322935,5231818796,HEART,1.02,F,VS2,,EX,EX,FAINT,6.29*6.98*4.05,,58,59,GIA,2167,INDIA,,,"CRYSTAL, FEATHER",NO
1901719,1236805210,HEART,1.01,F,VS2,,EX,EX,STG,5.76*6.83*4.2,,61.5,56,GIA,1558,INDIA,,,"CRYSTAL, FEATHER, NEEDLE",NO
1531081,5231803880,HEART,1.01,F,VS2,,EX,EX,NONE,6.1*7.12*3.95,,55.5,61,GIA,2319,INDIA,,,"CLOUD, CRYSTAL, KNOT, FEATHER, NEEDLE",NO
1788917,3545430380,HEART,1.02,G,VS2,,EX,EX,NONE,6.16*6.79*4.06,,59.8,58,GIA,2100,INDIA,,,"CRYSTAL, NEEDLE",NO
1611825,1232823699,HEART,1.01,G,VS2,,EX,EX,NONE,5.96*6.96*4.11,,59.1,58,GIA,2112,INDIA,,,CLOUD,NO
1533920,7543158435,HEART,1.01,G,VS2,,EX,EX,NONE,6.08*6.85*4.08,,59.6,59,GIA,2004,INDIA,,,"CRYSTAL, NEEDLE",NO
1243366,6233760698,HEART,1.01,G,VS2,,EX,EX,NONE,5.95*6.92*4.14,,59.8,62,GIA,1993,INDIA,,,"CRYSTAL, CLOUD",NO
1919511,1236827785,HEART,1.01,G,VS2,,EX,EX,NONE,6.26*6.81*4.06,,59.7,57,GIA,2204,INDIA,,,"CRYSTAL, FEATHER, NEEDLE",NO
1280884,6237829032,HEART,1.01,G,VS2,,EX,EX,NONE,6.02*6.8*4.12,,60.5,58,GIA,2096,INDIA,,,"CRYSTAL, FEATHER, NEEDLE",NO
1165334,2231820976,HEART,1.01,G,VS2,,EX,EX,NONE,5.88*6.89*4.2,,60.9,58,GIA,1928,INDIA,,,"CRYSTAL, FEATHER, CLOUD, NEEDLE",NO
1314245,7538834055,HEART,1.00,G,VS2,,EX,EX,FAINT,5.9*6.73*4.17,,62,59,GIA,1801,INDIA,,,"CRYSTAL, FEATHER, CLOUD, PINPOINT",NO
1239105,2233817776,HEART,1.00,G,VS2,,EX,EX,NONE,6.05*6.78*4.17,,61.5,61,GIA,1882,INDIA,,,"CRYSTAL, FEATHER, CLOUD, NEEDLE",NO
1558612,5232820918,HEART,1.03,H,VS2,,EX,EX,NONE,6.28*6.88*4.11,,59.8,59,GIA,2045,INDIA,,,"CLOUD, FEATHER, NEEDLE",NO
1838663,2235823412,HEART,1.01,H,VS2,,EX,EX,NONE,5.97*6.88*4.15,,60.3,58,GIA,2105,INDIA,,,"CLOUD, CRYSTAL, NEEDLE",NO
1826832,2235720584,HEART,1.01,H,VS2,,EX,EX,NONE,5.78*6.81*4.2,,61.7,58,GIA,1734,INDIA,,,"CRYSTAL, CLOUD, NEEDLE",NO
1173452,1543155820,HEART,1.00,H,VS2,,EX,EX,NONE,5.74*6.76*4.13,,61.1,61,GIA,1717,INDIA,,,"FEATHER, CLOUD, NEEDLE, PINPOINT",NO
1948953,5232775607,HEART,1.05,I,VS2,,EX,EX,NONE,6.11*7.02*4.19,,59.7,57,GIA,1888,INDIA,,,"CRYSTAL, CLOUD, NEEDLE",NO
1920602,2233827780,HEART,1.02,I,VS2,,EX,EX,NONE,6.13*6.88*4.1,,59.6,58,GIA,1885,INDIA,,,CLOUD,NO
1861270,2233818771,HEART,1.01,I,VS2,,EX,EX,NONE,5.89*6.92*4.22,,61,59,GIA,1766,INDIA,,,"CRYSTAL, NEEDLE",NO
1275400,5546430634,HEART,1.01,I,VS2,,EX,EX,NONE,5.92*6.77*4.23,,62.4,62,GIA,1653,INDIA,,,"CLOUD, FEATHER, CRYSTAL, NEEDLE",NO
1754918,2235833902,HEART,1.00,I,VS2,,EX,EX,NONE,5.94*6.89*4.03,,58.6,64,GIA,1761,INDIA,,,"FEATHER, PINPOINT",NO
7509246,1543029456,HEART,1.01,J,VS2,,EX,EX,NONE,6.46*6.98*3.89,,55.6,57,GIA,1694,HONG KONG,,,"FEATHER, PINPOINT",NO
1381775,2537444723,HEART,0.92,H,IF,,EX,EX,NONE,6.04*6.75*3.83,,56.8,61,GIA,1504,INDIA,,,MINOR DETAILS OF POLISH,NO
1943904,7498768117,HEART,0.90,J,IF,,EX,EX,FAINT,5.72*6.66*4.02,,60.3,56,GIA,1343,INDIA,,,Minor Details of Polish,NO
1346088,1535794516,HEART,0.91,G,VVS1,,EX,EX,FAINT,5.88*6.65*3.91,,58.7,58,GIA,1383,INDIA,,,PINPOINT,NO
1851917,6233832382,HEART,0.90,G,VVS1,,EX,EX,NONE,5.55*6.59*4.05,,61.4,61,GIA,1531,INDIA,,,INTERNAL GRAINING,NO
7486207,2528425519,HEART,0.90,G,VVS1,,VG,EX,FAINT,5.78*6.53*3.86,,59.2,62,GIA,1398,HONG KONG,,,PINPOINT,NO
1576483,1236824940,HEART,0.90,G,VVS1,,EX,EX,NONE,6.23*6.76*3.72,,55,61,GIA,2055,INDIA,,,FEATHER,NO
1290561,5232828015,HEART,0.90,G,VVS1,,EX,EX,NONE,5.69*6.69*3.94,,58.9,58,GIA,1660,INDIA,,,PINPOINT,NO
1748056,6531429516,HEART,0.92,I,VVS1,,EX,EX,FAINT,6.11*6.54*3.9,,59.7,57,GIA,1189,INDIA,,,PINPOINT,NO
1320063,6531751383,HEART,0.90,E,VVS2,,EX,VG,FAINT,5.73*6.67*3.97,,59.5,58,GIA,1572,INDIA,,,"PINPOINT, FEATHER, CLOUD",NO
1432510,2235801329,HEART,0.90,G,VVS2,,EX,EX,NONE,5.64*6.61*3.98,,60.2,57,GIA,1433,INDIA,,,"PINPOINT, CLOUD",NO
7797121,6525930190,HEART,0.90,I,VVS2,,EX,EX,NONE,5.55*6.57*3.99,,60.7,57,GIA,1044,HONG KONG,,,"CLOUD, PINPOINT",NO
1854437,5232794917,HEART,0.90,J,VVS2,,EX,EX,NONE,6*6.67*3.82,,57.2,62,GIA,1197,INDIA,,,"PINPOINT, INTERNAL GRAINING, SURFACE GRAINING",NO
7257078,6541233605,HEART,0.91,E,VS1,,EX,EX,FAINT,5.85*6.68*3.91,,58.5,59,GIA,1693,HONG KONG,,,"CRYSTAL, FEATHER, PINPOINT",NO
1969876,1236823446,HEART,0.90,G,VS1,,EX,VG,NONE,5.95*6.6*3.85,,58.3,58,GIA,1426,INDIA,,,"CRYSTAL, NEEDLE, PINPOINT, CLOUD",NO
1516078,2233804565,HEART,0.90,G,VS1,,EX,EX,FAINT,5.74*6.65*3.91,,58.8,58,GIA,1365,INDIA,,,"CRYSTAL, NEEDLE, PINPOINT",NO
1331041,2233775831,HEART,0.90,G,VS1,,EX,EX,NONE,6.06*6.58*3.87,,58.8,58,GIA,1365,INDIA,,,"FEATHER, PINPOINT, CLOUD",NO
1670776,2233811399,HEART,0.90,G,VS1,,EX,EX,NONE,5.78*6.7*3.99,,59.5,59,GIA,1396,INDIA,,,"CRYSTAL, CLOUD",NO
1519202,2233746233,HEART,0.90,G,VS1,,VG,EX,NONE,5.67*6.66*3.93,,58.9,58,GIA,1365,INDIA,,,"CRYSTAL, NEEDLE, PINPOINT, CLOUD",NO
1808765,1518077613,HEART,0.93,H,VS1,,EX,EX,FAINT,6.05*6.93*3.91,,56.4,59,GIA,1300,INDIA,,,"Crystal, Needle, Pinpoint",NO
7515038,3535462014,HEART,0.90,H,VS1,,EX,EX,FAINT,5.82*6.67*3.94,,59,60,GIA,1085,HONG KONG,,,"CLOUD, CRYSTAL, NEEDLE, PINPOINT",NO
1408382,7543431354,HEART,0.90,G,VS2,,EX,EX,NONE,5.6*6.64*3.99,,60.1,58,GIA,1207,INDIA,,,"CLOUD, CRYSTAL, FEATHER",NO
1607334,7532549165,HEART,0.90,H,VS2,,EX,EX,NONE,5.74*6.74*3.99,,59.2,60,GIA,1013,INDIA,,,CRYSTAL,NO
3811794,2235834422,HEART,0.92,J,VS2,,VG,VG,NONE,6*6.65*3.95,,59.5,55,GIA,1113,INDIA,,,"FEATHER, CRYSTAL, CLOUD",NO
1355318,7531212247,HEART,0.83,I,IF,,EX,EX,NONE,5.7*6.41*3.84,,59.8,61,GIA,977,INDIA,,,"SURFACE GRAINING, MINOR DETAILS OF POLISH",NO
1362933,2235828148,HEART,0.80,I,IF,,EX,VG,NONE,5.53*6.41*3.84,,59.9,60,GIA,961,INDIA,,,MINOR DETAILS OF POLISH,NO
1770672,2526462158,HEART,0.80,I,IF,,EX,EX,NONE,5.81*6.39*3.74,,58.6,56,GIA,942,INDIA,,,MINOR DETAILS OF POLISH,NO
1793376,2231775901,HEART,0.80,I,IF,,EX,EX,NONE,5.63*6.49*3.75,,57.8,59,GIA,942,INDIA,,,MINOR DETAILS OF POLISH,NO
1236548,1533624359,HEART,0.80,I,IF,,EX,EX,FAINT,5.46*6.41*3.81,,59.4,59,GIA,914,INDIA,,,MINOR DETAILS OF POLISH,NO
1362458,5231834298,HEART,0.80,G,VVS1,,EX,EX,NONE,5.4*6.32*3.89,,61.6,60,GIA,1223,INDIA,,,"PINPOINT, FEATHER",NO
1585891,1523923461,HEART,0.81,I,VVS1,,EX,EX,NONE,5.77*6.29*3.75,,59.7,60,GIA,892,INDIA,,,"NEEDLE, PINPOINT",NO
1824553,7531751398,HEART,0.80,I,VVS1,,VG,VG,NONE,5.58*6.44*3.74,,58,58,GIA,881,INDIA,,,FEATHER,NO
1580697,2517602423,HEART,0.80,I,VVS2,,VG,EX,FAINT,5.91*6.24*3.7,,59.3,55,GIA,847,INDIA,,,Feather,NO
7872299,5503993678,HEART,0.80,J,VVS2,,EX,EX,FAINT,5.89*6.31*3.72,,59,56,GIA,701,HONG KONG,,,Feather,NO
7870214,2235821063,HEART,0.80,G,VS1,,EX,VG,FAINT,5.9*6.46*3.69,,57.1,59,GIA,914,INDIA,,,"CRYSTAL, CLOUD",NO
1683583,2231821053,HEART,0.80,D,VS2,,EX,EX,FAINT,5.74*6.34*3.73,,58.8,56,GIA,1002,INDIA,,,"FEATHER, CLOUD",NO
1498722,2231745988,HEART,0.70,G,IF,,EX,EX,NONE,5.21*6.14*3.7,,60.2,57,GIA,1036,INDIA,,,MINOR DETAILS OF POLISH,NO
1946221,7538808686,HEART,0.70,G,IF,,EX,EX,NONE,5.33*5.95*3.62,,60.8,59,GIA,1085,INDIA,,,MINOR DETAILS OF POLISH,NO
1104010,5232720550,HEART,0.73,H,IF,,EX,EX,FAINT,5.71*6.17*3.67,,59.5,61,GIA,823,INDIA,,,MINOR DETAILS OF POLISH,NO
1463440,6542431001,HEART,0.76,D,VVS1,,EX,EX,NONE,5.75*6.25*3.62,,57.9,60,GIA,1512,INDIA,,,FEATHER,NO
1105416,1232805223,HEART,0.70,G,VVS2,,EX,EX,NONE,5.16*6.07*3.69,,60.8,57,GIA,929,INDIA,,,"PINPOINT, CLOUD, SURFACE GRAINING",NO
1460114,1236829290,HEART,0.70,H,VS1,,EX,EX,NONE,5.56*5.98*3.57,,59.7,59,GIA,891,INDIA,,,"FEATHER, NEEDLE",NO
64064,6545219635,EMERALD,5.01,F,VS1,,VG,VG,NONE,11.58*8.10*5.64,,69.6,71,GIA,122464,INDIA,,,"Crystal,Pinpoint",NO
1207771,2235827762,EMERALD,5.01,K,VS1,,EX,EX,FAINT,11.52*8.23*5.53,,67.1,63,GIA,47218,INDIA,,,"FEATHER, CLOUD, PINPOINT",NO
1609389,7531578634,EMERALD,5.09,S-T,VS2,,VG,VG,NONE,11.67*8.03*5.56,,69.2,61,GIA,28504,INDIA,,,"CRYSTAL, FEATHER, CLOUD, NEEDLE",NO
7382710,1232543657,EMERALD,4.03,J,IF,,EX,VG,NONE,10.9*7.73*5.14,,66.5,65,GIA,46648,HONG KONG,,,,NO
1112104,6237827757,EMERALD,4.03,H,VVS2,,EX,EX,NONE,10.64*7.6*5.05,,66.4,63,GIA,64590,INDIA,,,"NEEDLE, PINPOINT, FEATHER",NO
1605004,6532970602,EMERALD,4.09,S-T,VS2,,EX,VG,MED,10.34*7.5*5.19,,69.1,67,GIA,13743,INDIA,,,"CRYSTAL, FEATHER, CLOUD",NO
7400789,2235538619,EMERALD,3.55,I,IF,,EX,EX,NONE,10.46*7.46*4.96,,66.5,65,GIA,41092,HONG KONG,,,,NO
1544763,1236724086,EMERALD,3.01,H,VS1,,EX,EX,NONE,9.48*6.76*4.71,,69.7,68,GIA,36156,INDIA,,,FEATHER,NO
7920491,1545320552,EMERALD,3.22,J,VS1,,EX,EX,NONE,9.86*7.05*4.71,,66.9,62,GIA,24962,HONG KONG,,,"CRYSTAL, CLOUD, NEEDLE",NO
1331032,1236833893,EMERALD,3.03,J,VS2,,EX,EX,FAINT,9.78*6.97*4.59,,65.8,66,GIA,20326,INDIA,,,FEATHER,NO
1602088,7548188402,EMERALD,2.01,H,IF,,EX,EX,NONE,8.46*6.03*4.03,,66.8,65,GIA,14740,INDIA,,,,NO
1882823,6532404083,EMERALD,2.00,J,IF,,EX,EX,NONE,8.48*6*4.04,,67.3,69,GIA,8456,HONG KONG,,,,NO
1816074,2235595835,EMERALD,2.50,G,VVS1,,VG,VG,FAINT,8.72*6.36*4.44,,69.8,68,GIA,24640,INDIA,,,PINPOINT,NO
1752859,2235828956,EMERALD,2.50,I,VVS1,,EX,EX,FAINT,8.99*6.4*4.39,,68.6,66,GIA,17356,INDIA,,,"PINPOINT, FEATHER",NO
1653230,1232827821,EMERALD,2.04,D,VVS2,,EX,EX,NONE,8.46*6.04*4.02,,66.6,65,GIA,19697,INDIA,,,PINPOINT,NO
1385973,5232829071,EMERALD,2.01,I,VVS2,,EX,EX,NONE,8.36*5.94*4.1,,69,66,GIA,10386,INDIA,,,"FEATHER, PINPOINT",NO
1181249,2547432990,EMERALD,2.03,G,VS1,,EX,EX,NONE,8.41*6.02*4.15,,69,66,GIA,14737,INDIA,,,"CRYSTAL, FEATHER, PINPOINT",NO
1413339,1528091780,EMERALD,2.50,I,VS1,,VG,EX,NONE,8.97*6.36*4.43,,69.7,66,GIA,19950,INDIA,,,"Needle, Feather, Pinpoint, Natural",NO
1712304,2231823665,EMERALD,2.12,I,VS1,,VG,EX,NONE,8.61*6.14*4.07,,66.2,61,GIA,10737,INDIA,,,"CRYSTAL, FEATHER, PINPOINT",NO
1733418,2517997162,EMERALD,2.01,I,VS1,,VG,EX,FAINT,8.48*6.06*4.01,,66,68,GIA,10907,INDIA,,,"Crystal, Cloud, Pinpoint",NO
1735027,1232840285,EMERALD,2.00,I,VS1,,EX,EX,NONE,8.17*5.91*4.12,,69.6,66,GIA,9789,INDIA,,,"FEATHER, NEEDLE, PINPOINT",NO
1845881,2235840307,EMERALD,2.00,E,VS2,,EX,VG,NONE,8.56*6.12*4.09,,66.8,63,GIA,15792,INDIA,,,"CRYSTAL, CLOUD, FEATHER, NEEDLE",NO
6192,2231668387,EMERALD,2.50,F,VS2,,EX,EX,NONE,9.36*6.26*4.3,,68.7,62,GIA,28224,INDIA,,,"FEATHER, CLOUD, CRYSTAL, NEEDLE",NO
7522941,7548025330,EMERALD,2.81,G,VS2,,EX,EX,NONE,9.2*6.58*4.56,,69.4,65,GIA,31053,INDIA,,,"CLOUD, CRYSTAL, NEEDLE",NO
1241398,5231618820,EMERALD,2.51,H,VS2,,EX,EX,NONE,8.92*6.44*4.48,,69.6,61,GIA,22759,INDIA,,,"CRYSTAL, NEEDLE, NATURAL",NO
1251809,1232628650,EMERALD,2.50,H,VS2,,EX,VG,NONE,9.19*6.32*4.42,,70,70,GIA,20944,INDIA,,,"CRYSTAL, FEATHER, CLOUD, NEEDLE",NO
1633617,2235608292,EMERALD,2.02,H,VS2,,EX,EX,NONE,8.29*6.01*4.17,,69.4,63,GIA,12941,INDIA,,,"FEATHER, CLOUD, PINPOINT",NO
1362880,1236618801,EMERALD,2.00,H,VS2,,EX,EX,NONE,8.24*6.03*4.19,,69.4,66,GIA,12566,INDIA,,,"FEATHER, PINPOINT",NO
1578652,2233794724,EMERALD,2.51,I,VS2,,EX,EX,FAINT,8.91*6.42*4.44,,69.2,69,GIA,17027,INDIA,,,CRYSTAL,NO
1578749,5232751189,EMERALD,2.01,I,VS2,,EX,EX,NONE,8.22*5.92*4.13,,69.8,65,GIA,8935,INDIA,,,"CRYSTAL, NEEDLE",NO
1478453,1232832216,EMERALD,2.00,J,VS2,,EX,EX,NONE,8.05*5.9*4.14,,70.1,62,GIA,7459,INDIA,,,"FEATHER, NEEDLE, PINPOINT, INDENTED NATURAL",NO
7388035,6545233273,EMERALD,1.70,D,VVS1,,EX,EX,NONE,8.1*5.47*3.79,,69.2,64,GIA,13547,HONG KONG,,,FEATHER,NO
7377261,6522927225,EMERALD,1.72,I,VVS1,,EX,EX,NONE,8.01*5.72*3.86,,67.5,64,GIA,6646,HONG KONG,,,FEATHER,NO
1835363,6233823433,EMERALD,1.81,J,VVS1,,EX,EX,NONE,8.03*5.72*3.91,,68.4,63,GIA,6542,INDIA,,,FEATHER,NO
1270486,2231827853,EMERALD,1.70,F,VVS2,,EX,VG,MED,7.83*5.58*3.81,,68.2,64,GIA,8842,INDIA,,,"NEEDLE, PINPOINT",NO
1566593,2546380282,EMERALD,1.70,G,VVS2,,EX,VG,FAINT,7.94*5.67*3.9,,68.9,67,GIA,9387,INDIA,,,"CLOUD, PINPOINT",NO
1651187,5231827902,EMERALD,1.70,G,VVS2,,EX,EX,NONE,7.77*5.62*3.82,,68,68,GIA,10205,INDIA,,,"CLOUD, FEATHER",NO
7821779,6541233280,EMERALD,1.71,H,VVS2,,EX,EX,FAINT,7.93*5.57*3.82,,68.7,64,GIA,7706,HONG KONG,,,PINPOINT,NO
1126009,2235804457,EMERALD,1.70,H,VVS2,,EX,EX,FAINT,7.96*5.68*3.91,,68.8,65,GIA,7437,INDIA,,,"PINPOINT, CLOUD, FEATHER",NO
1837117,1539551098,EMERALD,1.81,I,VVS2,,EX,EX,NONE,7.92*5.73*3.96,,69.2,66,GIA,7385,INDIA,,,FEATHER,NO
1196344,2534747965,EMERALD,1.71,D,VS1,,EX,EX,NONE,8.34*5.78*3.73,,64.6,66,GIA,11775,INDIA,,,"CRYSTAL, FEATHER, PINPOINT",NO
1606656,2235820899,EMERALD,1.71,E,VS1,,EX,EX,NONE,7.75*5.65*3.92,,69.4,66,GIA,10735,INDIA,,,"CRYSTAL, CLOUD, NEEDLE",NO
1197289,2235832028,EMERALD,1.82,H,VS1,,EX,EX,NONE,7.96*5.68*3.92,,68.9,63,GIA,9759,INDIA,,,"CLOUD, NEEDLE, PINPOINT",NO
1464116,5232801327,EMERALD,1.70,G,VS2,,EX,EX,NONE,8*5.71*3.82,,67,67,GIA,8087,INDIA,,,"CRYSTAL, PINPOINT",NO
7871611,7536757717,EMERALD,1.71,J,VS2,,EX,EX,FAINT,7.83*5.62*3.89,,69.1,64,GIA,4521,HONG KONG,,,"CRYSTAL, CLOUD",NO
1176533,2235760695,EMERALD,1.71,K,VS2,,EX,EX,NONE,7.66*5.55*3.85,,69.4,64,GIA,3353,INDIA,,,"CRYSTAL, NEEDLE",NO
1909763,5232820936,EMERALD,1.50,I,VVS1,,EX,VG,STG,7.47*5.42*3.75,,69.3,63,GIA,3654,INDIA,,,FEATHER,NO
7436002,6532927773,EMERALD,1.50,J,VVS1,,EX,EX,NONE,7.82*5.41*3.63,,67.2,62,GIA,4232,HONG KONG,,,FEATHER,NO
7903872,2547319840,EMERALD,1.53,K,VVS1,,EX,EX,NONE,7.67*5.44*3.71,,68.1,66,GIA,3487,HONG KONG,,,"PINPOINT, FEATHER",NO
1111486,1232832085,EMERALD,1.50,E,VVS2,,EX,VG,NONE,7.62*5.44*3.7,,67.9,67,GIA,8633,INDIA,,,"NEEDLE, CLOUD, FEATHER",NO
1103525,6542430402,EMERALD,1.50,G,VVS2,,EX,VG,FAINT,8.13*5.24*3.57,,68.2,68,GIA,6938,INDIA,,,PINPOINT,NO
1460576,1232803978,EMERALD,1.50,I,VVS2,,EX,EX,FAINT,7.76*5.54*3.67,,66.3,63,GIA,4427,INDIA,,,"FEATHER, PINPOINT",NO
1956605,1232746008,EMERALD,1.50,K,VVS2,,EX,VG,FAINT,7.66*5.19*3.62,,69.8,66,GIA,2873,INDIA,,,"CLOUD, PINPOINT, FEATHER",NO
1133284,6233832076,EMERALD,1.51,G,VS1,,EX,VG,NONE,7.93*5.16*3.58,,69.4,64,GIA,7125,INDIA,,,FEATHER,NO
1492189,5232811239,EMERALD,1.50,G,VS1,,EX,EX,NONE,7.51*5.35*3.64,,68,67,GIA,6703,INDIA,,,"CRYSTAL, FEATHER, NEEDLE, PINPOINT",NO
1704616,1543380710,EMERALD,1.50,G,VS1,,EX,EX,NONE,7.68*5.49*3.62,,66,65,GIA,6968,INDIA,,,FEATHER,NO
1499686,1543430366,EMERALD,1.50,H,VS1,,EX,VG,NONE,7.43*5.38*3.71,,68.9,66,GIA,5574,INDIA,,,FEATHER,NO
1873416,1232818824,EMERALD,1.50,H,VS1,,EX,EX,NONE,7.48*5.41*3.75,,69.4,60,GIA,5481,INDIA,,,"CRYSTAL, CLOUD, NEEDLE",NO
1499294,6233833940,EMERALD,1.53,J,VS1,,EX,EX,NONE,7.79*5.35*3.63,,68,62,GIA,3770,INDIA,,,"NEEDLE, FEATHER, CLOUD",NO
1592173,1533288374,EMERALD,1.51,J,VS1,,EX,EX,NONE,7.7*5.4*3.71,,68.7,65,GIA,3553,INDIA,,,FEATHER,NO
1901061,5232745953,EMERALD,1.51,K,VS1,,EX,EX,NONE,8.22*5.26*3.63,,69,66,GIA,3025,INDIA,,,"FEATHER, PINPOINT",NO
1658622,1539559712,EMERALD,1.51,K,VS1,,EX,EX,NONE,7.47*5.4*3.76,,69.6,63,GIA,2858,INDIA,,,"CLOUD, PINPOINT",NO
1851426,2235823418,EMERALD,1.50,H,VS2,,EX,EX,NONE,7.72*5.21*3.63,,69.6,65,GIA,5558,INDIA,,,"FEATHER, PINPOINT",NO
1562696,5231834194,EMERALD,1.62,I,VS2,,EX,EX,NONE,7.76*5.53*3.8,,68.7,63,GIA,4607,INDIA,,,"CLOUD, FEATHER, NEEDLE",NO
1229891,6541161038,EMERALD,1.50,I,VS2,,EX,EX,NONE,7.75*5.5*3.65,,66.4,67,GIA,4212,INDIA,,,"CRYSTAL, FEATHER, NEEDLE, PINPOINT",NO
1248281,2233773581,EMERALD,1.53,J,VS2,,EX,EX,NONE,7.57*5.4*3.68,,68.2,65,GIA,3618,INDIA,,,"CRYSTAL, FEATHER, CLOUD",NO
1832537,5231827811,EMERALD,1.50,K,VS2,,EX,VG,STG,7.55*5.47*3.73,,68.1,68,GIA,2273,INDIA,,,FEATHER,NO
1893520,2235710121,EMERALD,1.40,I,IF,,EX,EX,NONE,7.11*5.26*3.67,,69.9,63,GIA,4311,INDIA,,,,NO
1320104,5231820866,EMERALD,1.20,D,VVS1,,EX,VG,NONE,7.44*5.06*3.29,,65,68,GIA,5532,INDIA,,,PINPOINT,NO
1270512,6233828171,EMERALD,1.30,E,VVS1,,EX,EX,STG,7.67*5.07*3.44,,67.9,65,GIA,5132,INDIA,,,"PINPOINT, FEATHER",NO
1887963,6542380256,EMERALD,1.41,G,VVS1,,EX,EX,NONE,7.39*5.28*3.6,,68.3,63,GIA,6296,INDIA,,,FEATHER,NO
1507927,6233773548,EMERALD,1.31,G,VVS1,,EX,EX,NONE,7.46*5.31*3.51,,66.1,68,GIA,5249,INDIA,,,FEATHER,NO
1259808,1543431432,EMERALD,1.30,I,VVS1,,EX,VG,FAINT,7.21*5.15*3.53,,68.6,64,GIA,3286,INDIA,,,"PINPOINT, FEATHER",NO
7010196,1549320060,EMERALD,1.30,I,VVS1,,EX,EX,NONE,7.21*5.15*3.59,,69.7,66,GIA,3543,HONG KONG,,,"PINPOINT, FEATHER",NO
1134715,5231751413,EMERALD,1.20,D,VVS2,,EX,EX,NONE,6.99*5*3.44,,68.7,65,GIA,4903,INDIA,,,"CLOUD, PINPOINT, FEATHER",NO
1636797,6542430353,EMERALD,1.30,H,VVS2,,VG,VG,NONE,7.34*5.24*3.5,,66.7,67,GIA,3874,INDIA,,,"NEEDLE, FEATHER, PINPOINT",NO
1626534,6545430570,EMERALD,1.21,H,VVS2,,EX,EX,NONE,7.29*4.99*3.38,,67.8,63,GIA,3519,INDIA,,,"CLOUD, FEATHER",NO
1779000,5232829038,EMERALD,1.49,I,VVS2,,EX,VG,NONE,7.73*5.33*3.7,,69.4,66,GIA,4458,INDIA,,,"CLOUD, NEEDLE",NO
1938688,1232708232,EMERALD,1.23,I,VVS2,,EX,EX,NONE,7.06*5.04*3.47,,68.9,66,GIA,2517,INDIA,,,FEATHER,NO
1305024,2231773567,EMERALD,1.21,H,VS1,,EX,VG,FAINT,6.97*5.05*3.41,,67.5,63,GIA,2724,INDIA,,,"CRYSTAL, FEATHER, NEEDLE",NO
7424483,5543320230,EMERALD,1.20,K,VS1,,EX,EX,FAINT,7.16*4.92*3.35,,68.1,67,GIA,1705,HONG KONG,,,"CRYSTAL, CLOUD, FEATHER, NEEDLE",NO
1421179,1232823621,EMERALD,1.20,D,VS2,,EX,EX,NONE,7.18*4.92*3.41,,69.4,65,GIA,4206,INDIA,,,"CRYSTAL, NEEDLE, PINPOINT",NO
1180224,2235834164,EMERALD,1.31,G,VS2,,EX,EX,NONE,7.4*5.08*3.49,,68.8,69,GIA,4317,INDIA,,,"FEATHER, CLOUD",NO
7466787,2548233186,EMERALD,1.20,H,VS2,,EX,EX,NONE,7.1*4.89*3.36,,68.7,62,GIA,2873,HONG KONG,,,"CLOUD, CRYSTAL, FEATHER, NEEDLE",NO
1434096,5232828961,EMERALD,1.20,J,VS2,,EX,EX,NONE,7.12*5.1*3.52,,69,62,GIA,1875,INDIA,,,"FEATHER, CRYSTAL, NEEDLE",NO
1809485,2235753295,EMERALD,1.01,E,IF,,EX,EX,FAINT,6.56*4.69*3.25,,69.2,66,GIA,3061,INDIA,,,,NO
1466416,5231773554,EMERALD,1.02,I,IF,,EX,EX,NONE,6.7*4.78*3.19,,66.7,65,GIA,1643,INDIA,,,,NO
1756244,7538788731,EMERALD,1.01,I,IF,,EX,VG,FAINT,6.83*4.87*3.21,,65.9,66,GIA,1579,INDIA,,,,NO
1846240,6531366404,EMERALD,1.05,J,IF,,VG,VG,NONE,6.7*4.77*3.31,,69.3,64,GIA,1388,INDIA,,,,NO
1789628,2235833957,EMERALD,1.03,J,IF,,EX,EX,NONE,6.62*4.73*3.23,,68.2,66,GIA,1444,INDIA,,,,NO
1839169,2544380774,EMERALD,1.05,D,VVS1,,EX,EX,NONE,6.91*4.76*3.19,,66.9,67,GIA,3722,INDIA,,,FEATHER,NO
1233691,7536271491,EMERALD,1.00,D,VVS1,,EX,VG,NONE,6.93*4.95*3.17,,63.9,67,GIA,3270,INDIA,,,"PINPOINT, FEATHER",NO
1521566,2235753293,EMERALD,1.00,E,VVS1,,EX,EX,NONE,6.96*4.6*3.09,,67.2,67,GIA,3175,INDIA,,,"CLOUD, PINPOINT, FEATHER",NO
1289671,7531833586,EMERALD,1.00,E,VVS1,,EX,EX,NONE,6.42*4.67*3.26,,69.9,65,GIA,3007,INDIA,,,"PINPOINT, FEATHER",NO
1366486,1232823619,EMERALD,1.05,H,VVS1,,EX,EX,FAINT,6.69*4.78*3.21,,67.1,67,GIA,1828,INDIA,,,"PINPOINT, FEATHER",NO
1525034,2544380490,EMERALD,1.02,H,VVS1,,EX,EX,NONE,7.23*4.65*3.13,,67.2,66,GIA,2038,INDIA,,,"PINPOINT, FEATHER",NO
1228961,1232818759,EMERALD,1.01,H,VVS1,,VG,VG,FAINT,6.67*4.73*3.24,,68.6,58,GIA,1741,INDIA,,,"PINPOINT, FEATHER",NO
1708329,1232775566,EMERALD,1.01,H,VVS1,,EX,VG,NONE,6.44*4.74*3.28,,69.3,67,GIA,1741,INDIA,,,"PINPOINT, FEATHER",NO
1847599,2235805204,EMERALD,1.01,H,VVS1,,EX,EX,NONE,6.6*4.69*3.21,,68.6,64,GIA,1794,INDIA,,,FEATHER,NO
1638200,5232829007,EMERALD,1.00,H,VVS1,,VG,VG,NONE,6.66*4.75*3.24,,68.3,67,GIA,1840,INDIA,,,FEATHER,NO
1408733,5232823655,EMERALD,1.08,I,VVS1,,EX,EX,NONE,6.77*4.84*3.33,,68.7,66,GIA,1645,INDIA,,,FEATHER,NO
1956457,2548430465,EMERALD,1.01,I,VVS1,,VG,VG,NONE,6.58*4.71*3.28,,69.6,58,GIA,1558,INDIA,,,"PINPOINT, FEATHER",NO
1790778,2235832177,EMERALD,1.01,I,VVS1,,VG,EX,NONE,6.54*4.76*3.24,,67.9,66,GIA,1558,INDIA,,,"PINPOINT, FEATHER",NO
1926703,5543158758,EMERALD,1.01,I,VVS1,,EX,EX,NONE,6.62*4.73*3.22,,68,68,GIA,1523,INDIA,,,"PINPOINT, FEATHER",NO
1579092,7546159386,EMERALD,1.00,I,VVS1,,VG,VG,NONE,6.63*4.74*3.18,,67.1,65,GIA,1508,INDIA,,,"CLOUD, PINPOINT",NO
1841413,7541155561,EMERALD,1.00,I,VVS1,,EX,VG,NONE,6.34*4.64*3.24,,69.9,64,GIA,1508,INDIA,,,FEATHER,NO
1486633,5232710046,EMERALD,1.01,J,VVS1,,EX,EX,NONE,6.54*4.71*3.26,,69.2,66,GIA,1358,INDIA,,,FEATHER,NO
1147875,2534151094,EMERALD,1.01,J,VVS1,,EX,EX,FAINT,6.58*4.69*3.26,,69.6,62,GIA,1333,INDIA,,,"PINPOINT, FEATHER",NO
1948125,2235828908,EMERALD,1.01,J,VVS1,,EX,EX,FAINT,6.62*4.71*3.22,,68.4,65,GIA,1358,INDIA,,,FEATHER,NO
1650926,6233794809,EMERALD,1.00,J,VVS1,,EX,VG,NONE,6.43*4.79*3.33,,69.5,62,GIA,1281,INDIA,,,"PINPOINT, FEATHER",NO
1369428,6535833990,EMERALD,1.00,J,VVS1,,EX,EX,NONE,6.75*4.82*3.2,,66.5,66,GIA,1387,INDIA,,,"PINPOINT, FEATHER",NO
1282297,2233820859,EMERALD,1.02,K,VVS1,,EX,VG,FAINT,6.86*4.73*3.19,,67.6,66,GIA,1237,INDIA,,,"PINPOINT, FEATHER",NO
7368214,7523582354,EMERALD,1.02,D,VVS2,,EX,EX,NONE,7.32*4.69*3.17,,67.6,67,GIA,3560,HONG KONG,,,"PINPOINT, NATURAL",NO
1915795,5231827753,EMERALD,1.01,D,VVS2,,EX,EX,FAINT,6.61*4.72*3.23,,68.5,67,GIA,2889,INDIA,,,PINPOINT,NO
7821143,6545233782,EMERALD,1.00,D,VVS2,,EX,VG,NONE,6.6*4.76*3.3,,69.4,67,GIA,2971,HONG KONG,,,"NEEDLE, PINPOINT",NO
1267852,7531155855,EMERALD,1.01,E,VVS2,,EX,EX,FAINT,6.55*4.72*3.29,,69.7,65,GIA,2342,INDIA,,,"CLOUD, PINPOINT",NO
1535288,2235832025,EMERALD,1.01,E,VVS2,,EX,EX,FAINT,6.54*4.74*3.28,,69.2,65,GIA,2388,INDIA,,,"NEEDLE, FEATHER, CLOUD",NO
1297284,2537790148,EMERALD,1.01,E,VVS2,,VG,EX,FAINT,6.76*4.83*3.24,,67.1,65,GIA,2420,INDIA,,,"FEATHER, PINPOINT",NO
1390796,2231751202,EMERALD,1.01,E,VVS2,,EX,EX,FAINT,6.53*4.73*3.29,,69.5,68,GIA,2498,INDIA,,,"FEATHER, PINPOINT",NO
1166405,2231834034,EMERALD,1.03,F,VVS2,,VG,EX,FAINT,6.71*4.79*3.22,,67.2,63,GIA,2459,INDIA,,,PINPOINT,NO
1805891,2528909794,EMERALD,1.01,F,VVS2,,EX,VG,NONE,6.46*4.67*3.25,,69.5,64,GIA,2592,INDIA,,,"CLOUD, PINPOINT",NO
1845996,2537063159,EMERALD,1.01,F,VVS2,,VG,EX,NONE,6.73*4.81*3.27,,68,66,GIA,2650,INDIA,,,"FEATHER, PINPOINT",NO
1837795,5232827843,EMERALD,1.00,F,VVS2,,EX,EX,FAINT,6.49*4.7*3.28,,69.8,63,GIA,2265,INDIA,,,"CLOUD, NEEDLE, PINPOINT",NO
1414501,6233820911,EMERALD,1.00,F,VVS2,,EX,VG,NONE,6.47*4.76*3.3,,69.3,66,GIA,2358,INDIA,,,FEATHER,NO
1242558,2231828944,EMERALD,1.00,F,VVS2,,EX,VG,NONE,6.51*4.72*3.27,,69.1,66,GIA,2480,INDIA,,,FEATHER,NO
1231892,1232823615,EMERALD,1.00,F,VVS2,,EX,VG,NONE,6.59*4.77*3.29,,68.9,62,GIA,2430,INDIA,,,"CLOUD, FEATHER",NO
1272938,2231832218,EMERALD,1.01,G,VVS2,,EX,VG,NONE,6.72*4.81*3.28,,68.3,67,GIA,2119,INDIA,,,"PINPOINT, CLOUD, FEATHER",NO
1212465,6233832093,EMERALD,1.00,H,VVS2,,EX,EX,NONE,6.64*4.75*3.25,,68.5,65,GIA,1789,INDIA,,,CLOUD,NO
1617214,2235832048,EMERALD,1.01,I,VVS2,,EX,EX,NONE,6.6*4.7*3.25,,69.1,63,GIA,1549,INDIA,,,NEEDLE,NO
1200216,2231834197,EMERALD,1.01,I,VVS2,,EX,VG,NONE,6.52*4.73*3.26,,68.9,66,GIA,1535,INDIA,,,"PINPOINT, FEATHER",NO
1292721,1236829108,EMERALD,1.01,I,VVS2,,EX,EX,FAINT,6.51*4.72*3.3,,70,67,GIA,1454,INDIA,,,"PINPOINT, CLOUD",NO
1685403,2235805236,EMERALD,1.01,J,VVS2,,EX,EX,NONE,6.51*4.72*3.24,,68.7,71,GIA,1364,INDIA,,,"CLOUD, PINPOINT",NO
1156506,1539404490,EMERALD,1.00,J,VVS2,,EX,EX,FAINT,6.31*4.75*3.32,,70,67,GIA,1230,INDIA,,,"CLOUD, PINPOINT",NO
1391414,1533178525,EMERALD,1.00,J,VVS2,,EX,EX,NONE,6.46*4.76*3.32,,69.7,64,GIA,1270,INDIA,,,"NEEDLE, PINPOINT",NO
1106100,2235827876,EMERALD,1.02,D,VS1,,EX,EX,NONE,6.54*4.74*3.25,,68.6,64,GIA,2954,INDIA,,,"FEATHER, CLOUD, NEEDLE",NO
1329982,5231741113,EMERALD,1.00,D,VS1,,VG,EX,NONE,6.58*4.76*3.27,,68.7,65,GIA,2837,INDIA,,,"CRYSTAL, FEATHER, PINPOINT",NO
1136131,5536549177,EMERALD,1.02,F,VS1,,EX,EX,NONE,6.45*4.78*3.33,,69.7,66,GIA,2544,HONG KONG,,,"CLOUD, CRYSTAL, NEEDLE",NO
1916957,6541431256,EMERALD,1.01,F,VS1,,EX,VG,NONE,6.51*4.71*3.26,,69.2,64,GIA,2447,INDIA,,,"FEATHER, PINPOINT",NO
1523657,2536804747,EMERALD,1.00,F,VS1,,VG,VG,NONE,6.57*4.69*3.25,,69.2,65,GIA,2293,INDIA,,,"CRYSTAL, CLOUD, NEEDLE",NO
1409298,2233805293,EMERALD,1.00,F,VS1,,VG,EX,NONE,6.36*4.78*3.35,,70.2,62,GIA,2241,INDIA,,,"CLOUD, CRYSTAL",NO
1637242,5232823590,EMERALD,1.00,F,VS1,,EX,EX,FAINT,6.58*4.74*3.23,,68.1,68,GIA,2098,INDIA,,,"CRYSTAL, PINPOINT",NO
1897768,2231832258,EMERALD,1.00,G,VS1,,EX,VG,FAINT,6.71*4.82*3.3,,68.4,71,GIA,1893,INDIA,,,"CRYSTAL, PINPOINT",NO
1509094,2235833936,EMERALD,1.02,H,VS1,,EX,EX,FAINT,6.64*4.73*3.21,,67.8,64,GIA,1645,INDIA,,,"NEEDLE, CLOUD",NO
1820279,5232804459,EMERALD,1.01,H,VS1,,EX,EX,FAINT,6.52*4.71*3.28,,69.6,62,GIA,1535,INDIA,,,CRYSTAL,NO
1165561,2231832033,EMERALD,1.01,H,VS1,,EX,EX,NONE,6.79*4.69*3.26,,69.4,60,GIA,1733,INDIA,,,"CRYSTAL, FEATHER, NEEDLE, PINPOINT",NO
1504093,5231818841,EMERALD,1.01,H,VS1,,EX,VG,NONE,6.47*4.69*3.28,,69.9,68,GIA,1592,INDIA,,,"CRYSTAL, CLOUD, NEEDLE",NO
1533246,2233828950,EMERALD,1.00,H,VS1,,EX,EX,NONE,6.75*4.65*3.23,,69.4,64,GIA,1628,INDIA,,,"CRYSTAL, FEATHER, NEEDLE",NO
1300634,1232828960,EMERALD,1.00,H,VS1,,VG,VG,NONE,6.56*4.75*3.3,,69.4,66,GIA,1628,INDIA,,,"CRYSTAL, FEATHER, CLOUD, PINPOINT",NO
1890566,2231832142,EMERALD,1.04,I,VS1,,EX,EX,NONE,6.7*4.79*3.3,,68.9,68,GIA,1558,INDIA,,,"FEATHER, CLOUD, NEEDLE",NO
1491907,5232827810,EMERALD,1.03,I,VS1,,EX,EX,NONE,6.71*4.63*3.2,,69.2,65,GIA,1512,INDIA,,,"CLOUD, PINPOINT",NO
1153366,5231832086,EMERALD,1.02,I,VS1,,EX,EX,NONE,6.63*4.73*3.25,,68.7,63,GIA,1497,INDIA,,,"CLOUD, FEATHER",NO
7618520,6545233499,EMERALD,1.02,I,VS1,,EX,EX,NONE,6.81*4.85*3.29,,67.8,64,GIA,1510,HONG KONG,,,"CRYSTAL, FEATHER, PINPOINT",NO
1188440,2233751440,EMERALD,1.01,I,VS1,,EX,EX,NONE,6.38*4.79*3.34,,69.8,67,GIA,1324,INDIA,,,"CLOUD, PINPOINT",NO
1930241,2235832214,EMERALD,1.01,I,VS1,,EX,EX,NONE,6.54*4.77*3.3,,69.2,65,GIA,1469,INDIA,,,"FEATHER, CLOUD, PINPOINT, NEEDLE",NO
1137766,2235834026,EMERALD,1.01,I,VS1,,VG,VG,FAINT,6.48*4.7*3.29,,70,68,GIA,1412,INDIA,,,"CRYSTAL, NEEDLE, PINPOINT",NO
1742128,5231827797,EMERALD,1.01,I,VS1,,EX,EX,FAINT,6.69*4.78*3.22,,67.5,68,GIA,1350,INDIA,,,"FEATHER, CLOUD",NO
1619839,5231818979,EMERALD,1.00,I,VS1,,VG,VG,NONE,6.42*4.68*3.25,,69.4,72,GIA,1393,INDIA,,,"FEATHER, PINPOINT",NO
1313210,2235828136,EMERALD,1.00,I,VS1,,EX,EX,NONE,6.38*4.69*3.28,,70.1,67,GIA,1332,INDIA,,,"CRYSTAL, FEATHER, NEEDLE, PINPOINT",NO
1382335,5231832152,EMERALD,1.00,I,VS1,,EX,EX,NONE,6.49*4.71*3.27,,69.4,65,GIA,1411,INDIA,,,"FEATHER, PINPOINT",NO
1751321,2233833974,EMERALD,1.00,I,VS1,,EX,EX,FAINT,6.5*4.7*3.26,,69.5,65,GIA,1367,INDIA,,,"FEATHER, PINPOINT, NEEDLE, CLOUD",NO
1132730,1236832057,EMERALD,1.06,J,VS1,,EX,EX,NONE,6.85*4.87*3.26,,66.9,66,GIA,1493,INDIA,,,"CRYSTAL, CLOUD",NO
1701615,6237832176,EMERALD,1.00,J,VS1,,EX,EX,NONE,6.52*4.73*3.28,,69.4,63,GIA,1318,INDIA,,,"FEATHER, PINPOINT",NO
1735649,1236799448,EMERALD,1.01,D,VS2,,EX,EX,FAINT,7.12*4.79*3.2,,66.8,66,GIA,2308,INDIA,,,"FEATHER, NEEDLE, PINPOINT",NO
1701621,2235833999,EMERALD,1.01,F,VS2,,EX,EX,NONE,6.51*4.71*3.28,,69.6,69,GIA,2152,INDIA,,,"CRYSTAL, CLOUD, FEATHER, NEEDLE",NO
1743149,2527936566,EMERALD,1.01,F,VS2,,EX,EX,FAINT,6.73*4.81*3.33,,69.3,66,GIA,2365,INDIA,,,"FEATHER, NEEDLE, PINPOINT",NO
1526631,2231811356,EMERALD,1.00,F,VS2,,EX,VG,NONE,6.27*4.69*3.33,,70.9,62,GIA,1971,INDIA,,,"FEATHER, CLOUD",NO
1194162,2537287896,EMERALD,1.00,F,VS2,,EX,EX,FAINT,6.94*4.61*3.21,,69.7,68,GIA,1971,INDIA,,,"FEATHER, PINPOINT",NO
1573522,2231714072,EMERALD,1.00,F,VS2,,EX,EX,NONE,6.49*4.79*3.33,,69.5,65,GIA,1856,INDIA,,,"FEATHER, CRYSTAL, NEEDLE, PINPOINT",NO
1912482,2235823598,EMERALD,1.01,G,VS2,,VG,VG,NONE,6.83*4.88*3.25,,66.7,68,GIA,1933,INDIA,,,FEATHER,NO
1295135,6532151166,EMERALD,1.01,G,VS2,,EX,EX,NONE,6.72*4.63*3.23,,69.7,67,GIA,1824,INDIA,,,"CRYSTAL, NEEDLE",NO
1349146,2231751209,EMERALD,1.01,G,VS2,,VG,EX,NONE,6.63*4.8*3.32,,69.3,64,GIA,1824,INDIA,,,"FEATHER, CRYSTAL, PINPOINT",NO
1460522,7548380795,EMERALD,1.02,H,VS2,,EX,EX,NONE,6.62*4.72*3.24,,68.7,63,GIA,1727,INDIA,,,"CRYSTAL, PINPOINT",NO
1595627,5232823686,EMERALD,1.01,H,VS2,,VG,EX,NONE,6.64*4.74*3.25,,68.6,67,GIA,1611,INDIA,,,"FEATHER, NEEDLE",NO
1867393,6545151168,EMERALD,1.01,H,VS2,,EX,VG,NONE,6.67*4.74*3.25,,68.5,64,GIA,1549,INDIA,,,"FEATHER, CRYSTAL, NEEDLE, PINPOINT",NO
1724883,2231829067,EMERALD,1.01,H,VS2,,EX,EX,FAINT,6.81*4.59*3.19,,69.6,68,GIA,1454,INDIA,,,"FEATHER, CRYSTAL, CLOUD, PINPOINT",NO
1594279,2233778613,EMERALD,1.00,H,VS2,,VG,EX,NONE,6.72*4.6*3.21,,69.9,62,GIA,1486,INDIA,,,"CRYSTAL, FEATHER, CLOUD, PINPOINT",NO
1719012,2536288783,EMERALD,1.06,I,VS2,,EX,EX,FAINT,6.91*4.75*3.29,,69.2,63,GIA,1296,INDIA,,,"CLOUD, CRYSTAL, NEEDLE",NO
1417871,1236820889,EMERALD,1.04,I,VS2,,EX,EX,FAINT,6.68*4.76*3.27,,68.7,67,GIA,1405,INDIA,,,"CRYSTAL, PINPOINT, NEEDLE",NO
1812064,2235827796,EMERALD,1.02,I,VS2,,EX,VG,FAINT,6.81*4.64*3.24,,69.8,63,GIA,1293,INDIA,,,"CRYSTAL, PINPOINT",NO
1467032,2235827882,EMERALD,1.02,I,VS2,,EX,EX,NONE,6.65*4.75*3.27,,68.8,64,GIA,1420,INDIA,,,"CLOUD, CRYSTAL, FEATHER, PINPOINT",NO
7421141,6545233506,EMERALD,1.02,I,VS2,,EX,EX,NONE,6.97*4.87*3.08,,63.3,66,GIA,1391,HONG KONG,,,"CRYSTAL, NEEDLE, FEATHER",NO
1491053,5232827807,EMERALD,1.02,I,VS2,,EX,VG,NONE,6.9*4.58*3.18,,69.3,67,GIA,1420,INDIA,,,"CLOUD, NEEDLE",NO
1811462,5546380176,EMERALD,1.02,I,VS2,,VG,VG,NONE,6.43*4.72*3.27,,69.2,66,GIA,1378,INDIA,,,"CLOUD, CRYSTAL, FEATHER, NEEDLE",NO
1608971,6237828928,EMERALD,1.01,I,VS2,,VG,VG,NONE,6.44*4.72*3.29,,69.7,58,GIA,1381,INDIA,,,"FEATHER, PINPOINT",NO
1283592,2235773560,EMERALD,1.01,I,VS2,,VG,VG,FAINT,6.86*4.62*3.17,,68.5,72,GIA,1285,INDIA,,,"CRYSTAL, PINPOINT",NO
1708952,2231823667,EMERALD,1.01,I,VS2,,VG,VG,NONE,6.63*4.74*3.25,,68.6,66,GIA,1377,INDIA,,,"FEATHER, PINPOINT",NO
1841566,2235832135,EMERALD,1.00,I,VS2,,EX,VG,NONE,6.41*4.65*3.25,,70,63,GIA,1339,INDIA,,,"CLOUD, CRYSTAL, FEATHER, NEEDLE",NO
1194403,1232828989,EMERALD,1.00,I,VS2,,EX,VG,NONE,6.31*4.7*3.31,,70.4,63,GIA,1305,INDIA,,,"FEATHER, CLOUD",NO
1371089,3545386479,EMERALD,1.00,I,VS2,,EX,VG,FAINT,6.45*4.67*3.26,,69.7,66,GIA,1268,INDIA,,,"CLOUD, CRYSTAL, FEATHER, NEEDLE",NO
1367425,5232775477,EMERALD,1.03,J,VS2,,EX,EX,NONE,6.66*4.74*3.26,,68.8,64,GIA,1347,INDIA,,,"CRYSTAL, FEATHER, NEEDLE",NO
7356843,2547233251,EMERALD,1.01,J,VS2,,EX,VG,FAINT,6.69*4.78*3.25,,67.9,64,GIA,1263,HONG KONG,,,"CRYSTAL, FEATHER, PINPOINT",NO
1425418,2231794722,EMERALD,1.01,J,VS2,,EX,EX,NONE,6.67*4.76*3.25,,68.2,68,GIA,1307,INDIA,,,"CLOUD, CRYSTAL, NEEDLE",NO
1620066,5231765098,EMERALD,1.01,J,VS2,,EX,EX,NONE,6.81*4.84*3.22,,66.5,65,GIA,1292,INDIA,,,"CLOUD, CRYSTAL, NEEDLE, INDENTED NATURAL",NO
1826802,6237731682,EMERALD,1.00,J,VS2,,EX,VG,FAINT,6.78*4.65*3.19,,68.5,64,GIA,1208,INDIA,,,"FEATHER, CRYSTAL, NEEDLE",NO
1488633,6233775633,EMERALD,1.00,J,VS2,,EX,EX,FAINT,6.6*4.78*3.3,,69.1,64,GIA,1236,INDIA,,,"CRYSTAL, FEATHER, NEEDLE",NO
1784843,1236834497,EMERALD,0.90,E,VVS1,,VG,VG,NONE,6.32*4.56*3.18,,69.9,64,GIA,1896,INDIA,,,PINPOINT,NO
1385228,1543431619,EMERALD,0.91,F,VVS1,,EX,EX,STG,6.42*4.58*3.15,,68.7,63,GIA,1272,INDIA,,,"PINPOINT, FEATHER",NO
1112038,6542380378,EMERALD,0.90,F,VVS1,,EX,VG,NONE,6.3*4.54*3.09,,68.1,66,GIA,1604,INDIA,,,FEATHER,NO
1201397,2231820959,EMERALD,0.90,H,VVS1,,EX,EX,NONE,6.29*4.5*3.13,,69.4,63,GIA,1356,INDIA,,,FEATHER,NO
1639490,5232834460,EMERALD,0.90,I,VVS1,,EX,EX,NONE,6.21*4.55*3.16,,69.5,65,GIA,1101,INDIA,,,FEATHER,NO
1839419,2231832321,EMERALD,0.91,F,VVS2,,EX,EX,NONE,6.33*4.52*3.13,,69.2,62,GIA,1713,INDIA,,,PINPOINT,NO
1277762,1232834457,EMERALD,0.90,F,VVS2,,EX,EX,NONE,6.26*4.49*3.11,,69.3,67,GIA,1630,INDIA,,,PINPOINT,NO
1790708,1232832456,EMERALD,0.99,G,VVS2,,VG,VG,MED,6.49*4.88*3.11,,63.7,67,GIA,1734,INDIA,,,"NEEDLE, CLOUD, SURFACE GRAINING",NO
1903180,7546431882,EMERALD,0.91,G,VVS2,,EX,EX,NONE,6.34*4.53*3.09,,68.4,65,GIA,1655,INDIA,,,"CLOUD, FEATHER",NO
1252359,2235829234,EMERALD,0.90,G,VVS2,,EX,VG,NONE,6.23*4.53*3.14,,69.4,64,GIA,1372,INDIA,,,"CLOUD, FEATHER",NO
1352780,2235832275,EMERALD,0.90,G,VVS2,,EX,VG,NONE,6.57*4.51*3.14,,69.7,67,GIA,1604,INDIA,,,FEATHER,NO
1832048,2235770508,EMERALD,0.91,H,VVS2,,EX,VG,NONE,6.36*4.54*3.12,,68.7,65,GIA,1263,INDIA,,,FEATHER,NO
1694120,5231775816,EMERALD,0.90,H,VVS2,,EX,EX,NONE,6.31*4.56*3.18,,69.6,66,GIA,1249,INDIA,,,"CLOUD, FEATHER",NO
1535690,2544431900,EMERALD,0.90,H,VVS2,,EX,EX,NONE,6.31*4.55*3.15,,69.2,60,GIA,1325,INDIA,,,PINPOINT,NO
1107982,1232828004,EMERALD,0.90,H,VVS2,,EX,EX,NONE,6.33*4.55*3.15,,69.3,66,GIA,1253,INDIA,,,FEATHER,NO
1317564,5232818885,EMERALD,0.90,D,VS1,,EX,VG,NONE,6.47*4.69*3.15,,67.2,66,GIA,1688,INDIA,,,"CRYSTAL, PINPOINT, CLOUD",NO
7996803,5546233593,EMERALD,0.90,E,VS1,,EX,EX,NONE,6.49*4.62*3.15,,68.3,64,GIA,1744,HONG KONG,,,"FEATHER, CLOUD",NO
1765623,2547431957,EMERALD,0.90,E,VS1,,EX,EX,FAINT,6.36*4.54*3.15,,69.3,68,GIA,1546,INDIA,,,"CRYSTAL, CLOUD, PINPOINT",NO
1791756,2233827856,EMERALD,0.90,F,VS1,,EX,EX,FAINT,6.83*4.41*3.02,,68.5,69,GIA,1451,INDIA,,,FEATHER,NO
1595457,5232777525,EMERALD,0.90,F,VS1,,EX,VG,NONE,6.29*4.46*3.09,,69.3,61,GIA,1549,INDIA,,,FEATHER,NO
1524766,5543380426,EMERALD,0.90,F,VS1,,EX,EX,FAINT,6.4*4.55*3.14,,68.9,66,GIA,1512,INDIA,,,"CRYSTAL, FEATHER, CLOUD, PINPOINT",NO
1368472,5232828118,EMERALD,0.91,G,VS1,,EX,EX,NONE,6.43*4.45*3.09,,69.4,66,GIA,1516,INDIA,,,"CRYSTAL, FEATHER, CLOUD, NEEDLE",NO
1874565,5231834314,EMERALD,0.90,G,VS1,,VG,VG,NONE,6.33*4.58*3.24,,70.6,64,GIA,1387,INDIA,,,"FEATHER, CLOUD, PINPOINT",NO
1657544,6233829281,EMERALD,0.90,G,VS1,,EX,EX,NONE,6.37*4.54*3.14,,69.1,66,GIA,1500,INDIA,,,"FEATHER, PINPOINT",NO
1392195,7542431426,EMERALD,0.90,G,VS1,,EX,EX,FAINT,6.36*4.56*3.16,,69.3,65,GIA,1270,INDIA,,,"CRYSTAL, NEEDLE",NO
1426280,5232820910,EMERALD,0.90,I,VS1,,EX,VG,NONE,6.61*4.38*3.05,,69.7,64,GIA,1025,INDIA,,,"CRYSTAL, NEEDLE, CLOUD, PINPOINT",NO
1485236,1232762906,EMERALD,0.90,E,VS2,,EX,VG,NONE,6.79*4.39*3.06,,69.7,66,GIA,1414,INDIA,,,CRYSTAL,NO
1424595,2231775821,EMERALD,0.90,E,VS2,,VG,EX,FAINT,6.67*4.5*3.1,,68.8,67,GIA,1325,INDIA,,,FEATHER,NO
1396375,1236827946,EMERALD,0.90,E,VS2,,VG,EX,FAINT,6.36*4.6*3.15,,68.4,64,GIA,1338,INDIA,,,"CRYSTAL, NEEDLE",NO
1489032,7541378905,EMERALD,0.90,E,VS2,,EX,EX,NONE,6.38*4.53*3.08,,68,68,GIA,1549,INDIA,,,"CLOUD, CRYSTAL",NO
1838071,2231827911,EMERALD,0.90,G,VS2,,EX,EX,FAINT,6.36*4.53*3.14,,69.3,65,GIA,1172,INDIA,,,CRYSTAL,NO
1550589,2546380335,EMERALD,0.90,G,VS2,,EX,VG,FAINT,6.31*4.56*3.14,,68.8,64,GIA,1287,INDIA,,,FEATHER,NO
1608599,5232811352,EMERALD,0.91,H,VS2,,EX,VG,NONE,6.42*4.55*3.13,,68.7,66,GIA,1184,INDIA,,,CRYSTAL,NO
1366925,2235818857,EMERALD,0.91,H,VS2,,EX,EX,NONE,6.31*4.54*3.14,,69.2,66,GIA,1149,INDIA,,,"CRYSTAL, FEATHER",NO
1203976,2235829267,EMERALD,0.90,H,VS2,,EX,EX,FAINT,6.42*4.58*3.15,,68.7,65,GIA,1080,INDIA,,,"CRYSTAL, FEATHER",NO
1145213,5232831838,EMERALD,0.90,H,VS2,,EX,EX,NONE,6.29*4.54*3.15,,69.4,60,GIA,1175,INDIA,,,CLOUD,NO
1458221,5232829265,EMERALD,0.90,I,VS2,,VG,VG,NONE,6.58*4.34*3.05,,70.3,66,GIA,922,INDIA,,,FEATHER,NO
1147865,2231771874,EMERALD,0.81,I,IF,,VG,VG,NONE,6.45*4.24*2.96,,69.7,63,GIA,982,INDIA,,,MINOR DETAILS OF POLISH,NO
1378347,1236821032,EMERALD,0.80,F,VVS1,,VG,VG,NONE,6.75*4.31*2.97,,68.9,73,GIA,1154,INDIA,,,"PINPOINT, FEATHER",NO
1545123,1232803963,EMERALD,0.80,G,VVS1,,VG,EX,NONE,6.05*4.39*3.05,,69.4,64,GIA,1126,INDIA,,,"PINPOINT, FEATHER",NO
1664415,2536623494,EMERALD,0.80,G,VVS1,,EX,VG,NONE,6.63*4.29*2.96,,69.1,65,GIA,1126,INDIA,,,"PINPOINT, FEATHER",NO
1429253,3535748070,EMERALD,0.80,I,VVS1,,EX,EX,FAINT,6.02*4.36*3.03,,69.5,60,GIA,772,INDIA,,,FEATHER,NO
1769168,6233831846,EMERALD,0.80,G,VVS2,,EX,EX,NONE,6.15*4.4*3.03,,68.9,63,GIA,1103,INDIA,,,"CLOUD, PINPOINT",NO
1113231,2231799405,EMERALD,0.89,H,VS1,,EX,VG,NONE,6.28*4.55*3.16,,69.5,70,GIA,1086,INDIA,,,"CRYSTAL, PINPOINT",NO
1761182,2231829224,EMERALD,0.80,H,VS1,,VG,VG,NONE,6.21*4.41*2.98,,67.5,64,GIA,1019,INDIA,,,FEATHER,NO
1332668,1548431063,EMERALD,0.80,H,VS1,,VG,VG,FAINT,6.39*4.33*2.98,,68.8,66,GIA,861,INDIA,,,"FEATHER, PINPOINT",NO
1909664,5232832560,EMERALD,0.81,I,VS1,,VG,EX,FAINT,6.24*4.45*3.03,,68,64,GIA,778,INDIA,,,"FEATHER, PINPOINT",NO
1491853,2517593248,EMERALD,0.75,I,IF,,EX,EX,NONE,6.25*4.19*2.9,,69.2,65,GIA,885,INDIA,,,Minor Details of Polish,NO
1601520,2516176952,EMERALD,0.70,I,IF,,EX,VG,NONE,6.09*4.32*2.91,,67.5,69,GIA,826,INDIA,,,Minor Details of Polish,NO
1909437,2537748564,EMERALD,0.71,E,VVS1,,VG,EX,STG,6.14*4.36*2.86,,65.7,68,GIA,827,INDIA,,,PINPOINT,NO
1251456,6233775822,EMERALD,0.72,I,VVS1,,EX,EX,NONE,6.15*4.24*2.94,,69.3,63,GIA,774,INDIA,,,PINPOINT,NO
1651976,2233831917,EMERALD,0.71,I,VVS1,,EX,EX,NONE,6.03*4.29*2.91,,67.7,68,GIA,768,INDIA,,,"FEATHER, SURFACE GRAINING",NO
1792608,2233771867,EMERALD,0.72,E,VVS2,,EX,VG,NONE,6.33*4.04*2.81,,69.5,60,GIA,901,INDIA,,,NEEDLE,NO
1352065,2231827964,EMERALD,0.70,F,VVS2,,EX,VG,NONE,5.93*4.18*2.9,,69.3,68,GIA,920,INDIA,,,PINPOINT,NO
1652212,6545431039,EMERALD,0.70,F,VVS2,,EX,VG,NONE,6.1*4.19*2.86,,68.3,69,GIA,968,INDIA,,,FEATHER,NO
1123592,2231834454,EMERALD,0.70,F,VVS2,,EX,EX,NONE,6.16*4.15*2.83,,68.2,66,GIA,988,INDIA,,,FEATHER,NO
1679462,5232829266,EMERALD,0.70,F,VVS2,,EX,EX,NONE,6.15*4.2*2.74,,65.2,67,GIA,948,INDIA,,,FEATHER,NO
1878427,5231829249,EMERALD,0.70,F,VVS2,,EX,VG,FAINT,6.25*4.01*2.78,,69.5,65,GIA,864,INDIA,,,PINPOINT,NO
1499226,5533748534,EMERALD,0.70,I,VVS2,,VG,VG,NONE,6.09*4.13*2.86,,69.3,66,GIA,622,INDIA,,,FEATHER,NO
1826846,5231775918,EMERALD,0.70,I,VVS2,,EX,VG,NONE,6*4.28*2.85,,66.6,65,GIA,701,INDIA,,,"PINPOINT, FEATHER",NO
1219705,2231829262,EMERALD,0.70,F,VS1,,EX,EX,FAINT,6.3*4.28*2.8,,65.5,69,GIA,766,INDIA,,,"FEATHER, PINPOINT",NO
1965988,2235832499,EMERALD,0.74,G,VS1,,EX,EX,NONE,6.25*4.17*2.9,,69.7,68,GIA,881,INDIA,,,"FEATHER, PINPOINT",NO
1586117,6233832462,EMERALD,0.70,H,VS1,,EX,VG,NONE,5.93*4.24*2.9,,68.5,65,GIA,694,INDIA,,,"CRYSTAL, CLOUD, FEATHER, PINPOINT",NO
1574856,2233832323,EMERALD,0.71,D,VS2,,EX,VG,FAINT,6.23*4.24*2.9,,68.4,66,GIA,827,INDIA,,,"CRYSTAL, FEATHER",NO
1107252,2235751335,EMERALD,0.70,E,VS2,,EX,VG,FAINT,5.92*4.23*2.86,,67.5,65,GIA,662,INDIA,,,"CLOUD, CRYSTAL, CAVITY, FEATHER",NO
1155154,1232834492,EMERALD,0.60,F,IF,,EX,VG,NONE,5.84*4.11*2.71,,65.8,67,GIA,672,INDIA,,,MINOR DETAILS OF POLISH,NO
1160309,2235824893,EMERALD,0.63,D,VVS1,,VG,VG,NONE,5.79*4.14*2.85,,68.8,63,GIA,796,INDIA,,,FEATHER,NO
1895906,6233818880,EMERALD,0.60,F,VVS1,,EX,VG,NONE,5.66*4.07*2.83,,69.6,66,GIA,650,INDIA,,,FEATHER,NO
1645847,2231831918,EMERALD,0.52,D,VVS1,,VG,VG,NONE,5.53*3.91*2.55,,65.1,66,GIA,570,INDIA,,,FEATHER,NO
1971996,1236832613,EMERALD,0.50,E,VVS1,,EX,EX,FAINT,5.8*3.82*2.54,,66.6,66,GIA,521,INDIA,,,"PINPOINT, FEATHER",NO
1880377,5232834424,EMERALD,0.50,E,VVS1,,EX,VG,NONE,5.67*3.75*2.56,,68.3,65,GIA,532,INDIA,,,FEATHER,NO
1614695,1236834360,EMERALD,0.50,E,VVS1,,VG,GD,NONE,5.63*3.72*2.39,,64.2,64,GIA,504,INDIA,,,FEATHER,NO
1713553,2235831920,EMERALD,0.53,F,VVS1,,VG,VG,NONE,5.79*3.9*2.5,,64,63,GIA,583,INDIA,,,FEATHER,NO
1484592,2235823496,EMERALD,0.54,E,VVS2,,EX,VG,NONE,5.72*3.9*2.48,,63.6,64,GIA,542,INDIA,,,"PINPOINT, FEATHER",NO
1346774,2231820844,EMERALD,0.50,E,VVS2,,VG,EX,NONE,5.46*3.65*2.55,,69.9,65,GIA,503,INDIA,,,FEATHER,NO
1488960,2233834495,EMERALD,0.51,F,VVS2,,EX,VG,NONE,5.83*3.68*2.5,,67.9,65,GIA,543,INDIA,,,FEATHER,NO
1326151,2235775882,EMERALD,0.58,G,VS1,,VG,VG,NONE,5.71*4.07*2.76,,67.8,63,GIA,522,INDIA,,,"CLOUD, NEEDLE",NO
1411982,6542141497,EMERALD,0.57,D,VS2,,EX,EX,NONE,6.07*3.88*2.58,,66.4,62,GIA,542,INDIA,,,"FEATHER, CRYSTAL",NO
1768238,6545141425,EMERALD,0.50,F,VS2,,VG,VG,NONE,5.84*3.67*2.5,,68,69,GIA,478,INDIA,,,FEATHER,NO
1363825,2536212478,EMERALD,0.50,F,VS2,,VG,VG,FAINT,5.58*3.7*2.55,,68.8,62,GIA,443,INDIA,,,"CRYSTAL, FEATHER",NO
1749580,5513922779,EMERALD,0.50,G,VS2,,EX,VG,NONE,5.56*3.72*2.61,,70.2,70,GIA,453,INDIA,,,Feather,NO
1131173,7538429650,EMERALD,0.41,G,IF,,VG,VG,NONE,5.11*3.62*2.48,,68.4,68,GIA,365,INDIA,,,MINOR DETAILS OF POLISH,NO
1408699,2231829191,EMERALD,0.48,D,VVS1,,GD,VG,FAINT,5.5*3.8*2.4,,63.2,67,GIA,464,INDIA,,,"PINPOINT, FEATHER",NO
1530431,5231832527,EMERALD,0.40,E,VVS1,,VG,VG,NONE,4.89*3.56*2.43,,68.4,70,GIA,370,INDIA,,,"FEATHER, SURFACE GRAINING",NO
1571297,5231832315,EMERALD,0.40,E,VVS1,,VG,VG,NONE,5.3*3.43*2.35,,68.6,64,GIA,388,INDIA,,,FEATHER,NO
1453190,2235708217,EMERALD,0.47,G,VVS1,,VG,VG,NONE,5.28*3.79*2.6,,68.7,64,GIA,398,INDIA,,,FEATHER,NO
1518474,2534122240,EMERALD,0.46,G,VVS1,,EX,VG,NONE,5.07*3.68*2.54,,69,67,GIA,389,INDIA,,,"PINPOINT, FEATHER",NO
1876143,1232794903,EMERALD,0.40,D,VVS2,,VG,VG,NONE,5.37*3.38*2.23,,66,64,GIA,358,INDIA,,,FEATHER,NO
1644952,2231824937,EMERALD,0.40,F,VVS2,,VG,VG,NONE,4.99*3.46*2.4,,69.4,64,GIA,361,INDIA,,,"PINPOINT, NEEDLE",NO
1166890,5232653362,EMERALD,0.40,F,VVS2,,VG,VG,NONE,4.98*3.53*2.41,,68.3,67,GIA,361,INDIA,,,FEATHER,NO
1493487,1519913020,EMERALD,0.46,G,VVS2,,VG,VG,NONE,5.55*3.55*2.46,,69.3,65,GIA,381,INDIA,,,"Feather, Pinpoint",NO
1295673,7513913713,EMERALD,0.46,G,VVS2,,EX,VG,NONE,5.56*3.57*2.44,,68.3,68,GIA,382,INDIA,,,Needle,NO
1956394,2231829211,EMERALD,0.40,F,VS1,,EX,VG,NONE,5.26*3.5*2.39,,68.2,68,GIA,369,INDIA,,,FEATHER,NO
1782694,7512923108,EMERALD,0.46,G,VS1,,VG,VG,NONE,5.74*3.66*2.45,,66.9,72,GIA,389,INDIA,,,"Feather, Pinpoint",NO
1540057,2517913056,EMERALD,0.46,H,VS1,,EX,VG,FAINT,5.46*3.75*2.43,,64.9,68,GIA,420,INDIA,,,"Feather, Pinpoint, Internal Graining",NO
1858695,6512527988,EMERALD,0.40,D,VS2,,EX,GD,FAINT,4.97*3.43*2.42,,70.5,61,GIA,358,INDIA,,,Feather,NO
1303756,3515913744,EMERALD,0.46,E,VS2,,EX,VG,NONE,5.7*3.66*2.45,,67,65,GIA,391,INDIA,,,Feather,NO
1232596,6542141277,EMERALD,0.40,E,VS2,,VG,GD,NONE,5.07*3.62*2.34,,64.7,65,GIA,341,INDIA,,,CRYSTAL,NO
1563811,2235794898,EMERALD,0.34,E,IF,,VG,EX,FAINT,4.85*3.44*2.28,,66.2,63,GIA,306,INDIA,,,"SURFACE GRAINING, MINOR DETAILS OF POLISH",NO
1626780,2235831889,EMERALD,0.31,E,IF,,VG,VG,NONE,4.81*3.21*2.04,,63.5,62,GIA,324,INDIA,,,MINOR DETAILS OF POLISH,NO
1622006,1236823473,EMERALD,0.30,E,IF,,VG,VG,NONE,4.48*3.27*2.21,,67.7,71,GIA,291,INDIA,,,MINOR DETAILS OF POLISH,NO
1559738,1232823441,EMERALD,0.30,F,IF,,VG,VG,NONE,4.52*3.32*2.26,,68.2,66,GIA,292,INDIA,,,MINOR DETAILS OF POLISH,NO
1719828,5513713800,EMERALD,0.30,G,IF,,VG,GD,FAINT,4.95*3.25*2.14,,65.8,69,GIA,249,INDIA,,,"Surface Graining, Minor Details of Polish",NO
1723400,5232751377,EMERALD,0.33,D,VVS1,,EX,VG,FAINT,4.94*3.29*2.24,,68.1,63,GIA,315,INDIA,,,"FEATHER, SURFACE GRAINING",NO
1185771,2231804554,EMERALD,0.30,D,VVS1,,VG,GD,NONE,4.59*3.24*2.13,,65.9,72,GIA,275,INDIA,,,FEATHER,NO
1149843,5533561198,EMERALD,0.30,D,VVS1,,VG,VG,FAINT,4.57*3.29*2.13,,64.8,71,GIA,288,INDIA,,,FEATHER,NO
1633394,2235811359,EMERALD,0.30,D,VVS1,,VG,VG,FAINT,4.48*3.29*2.12,,64.4,77,GIA,301,INDIA,,,"FEATHER, SURFACE GRAINING",NO
1598955,5232751317,EMERALD,0.32,E,VVS1,,VG,VG,FAINT,5.04*3.22*2.07,,64.2,71,GIA,292,INDIA,,,FEATHER,NO
1288157,1529938279,EMERALD,0.31,E,VVS1,,EX,VG,FAINT,4.8*3.36*2.19,,65.3,62,GIA,283,INDIA,,,"PINPOINT, FEATHER",NO
1969619,2231832541,EMERALD,0.30,E,VVS1,,EX,VG,NONE,4.53*3.22*2.2,,68.3,66,GIA,301,INDIA,,,FEATHER,NO
1191965,5231765198,EMERALD,0.30,E,VVS1,,VG,VG,NONE,4.82*3.2*2.08,,65.1,64,GIA,292,INDIA,,,"CLOUD, PINPOINT, FEATHER",NO
1750569,5231818921,EMERALD,0.30,E,VVS1,,VG,VG,NONE,4.87*3.15*2.13,,67.5,65,GIA,317,INDIA,,,"PINPOINT, MANUFACTURING REMNANTS",NO
1682198,1543380179,EMERALD,0.30,E,VVS1,,VG,GD,FAINT,4.47*3.34*2.21,,66,66,GIA,276,INDIA,,,PINPOINT,NO
1195009,7536808509,EMERALD,0.30,E,VVS1,,VG,VG,NONE,4.89*3.09*2.11,,68.1,64,GIA,292,INDIA,,,"PINPOINT, FEATHER",NO
1173411,6535808623,EMERALD,0.30,E,VVS1,,VG,FR,FAINT,4.94*3.18*2.06,,64.6,64,GIA,262,INDIA,,,FEATHER,NO
1881225,5232834420,EMERALD,0.30,E,VVS1,,EX,GD,FAINT,4.94*3.16*2.11,,66.6,66,GIA,290,INDIA,,,"PINPOINT, FEATHER",NO
1299190,6532429573,EMERALD,0.30,E,VVS1,,VG,VG,NONE,4.88*3.21*2.08,,64.8,62,GIA,284,INDIA,,,"INTERNAL GRAINING, FEATHER, SURFACE GRAINING",NO
1349141,6535561738,EMERALD,0.32,F,VVS1,,EX,VG,NONE,4.75*3.17*2.19,,69,62,GIA,309,INDIA,,,"PINPOINT, SURFACE GRAINING",NO
1194901,5231832376,EMERALD,0.31,F,VVS1,,VG,VG,NONE,4.88*3.34*2.14,,64.1,65,GIA,305,INDIA,,,PINPOINT,NO
1250181,6515602478,EMERALD,0.31,F,VVS1,,VG,VG,NONE,4.53*3.28*2.2,,67.1,62,GIA,314,INDIA,,,"Cloud, Feather",NO
1510464,2235832483,EMERALD,0.30,F,VVS1,,VG,VG,NONE,4.58*3.36*2.25,,67.1,63,GIA,299,INDIA,,,FEATHER,NO
1636554,6545431204,EMERALD,0.30,F,VVS1,,VG,VG,NONE,4.74*3.06*2.12,,69.4,62,GIA,316,INDIA,,,FEATHER,NO
1583476,2235832464,EMERALD,0.30,F,VVS1,,VG,VG,NONE,4.56*3.29*2.23,,67.9,64,GIA,301,INDIA,,,FEATHER,NO
1583759,2231775836,EMERALD,0.35,G,VVS1,,VG,VG,NONE,5.03*3.4*2.28,,66.9,69,GIA,299,INDIA,,,"PINPOINT, FEATHER",NO
1236368,6522165549,EMERALD,0.32,G,VVS1,,VG,VG,NONE,4.86*3.26*2.21,,67.8,67,GIA,278,INDIA,,,Pinpoint,NO
1374056,6237832559,EMERALD,0.32,G,VVS1,,VG,VG,NONE,4.98*3.29*2.11,,64.2,65,GIA,298,INDIA,,,FEATHER,NO
1129477,1528091955,EMERALD,0.32,G,VVS1,,EX,VG,NONE,4.94*3.28*2.15,,65.5,66,GIA,278,INDIA,,,"Pinpoint, Feather",NO
1205893,3535561764,EMERALD,0.31,G,VVS1,,EX,VG,NONE,4.63*3.27*2.23,,68.2,72,GIA,271,INDIA,,,FEATHER,NO
1195255,2235618436,EMERALD,0.32,H,VVS1,,EX,VG,FAINT,4.86*3.23*2.23,,69,63,GIA,263,INDIA,,,"PINPOINT, FEATHER, CHIP",NO
1368313,5231818779,EMERALD,0.34,D,VVS2,,VG,VG,NONE,4.8*3.47*2.32,,67,72,GIA,339,INDIA,,,"FEATHER, PINPOINT",NO
1847388,2235834425,EMERALD,0.34,D,VVS2,,EX,VG,NONE,4.78*3.46*2.32,,67.1,67,GIA,343,INDIA,,,NEEDLE,NO
1421261,3525133331,EMERALD,0.34,D,VVS2,,EX,VG,FAINT,4.86*3.46*2.3,,66.5,66,GIA,298,INDIA,,,Pinpoint,NO
1302622,6545431119,EMERALD,0.33,D,VVS2,,VG,VG,FAINT,5.19*3.22*2.15,,66.7,57,GIA,342,INDIA,,,"FEATHER, PINPOINT",NO
1500998,5232832458,EMERALD,0.31,D,VVS2,,VG,VG,NONE,4.63*3.1*2.15,,69.4,67,GIA,309,INDIA,,,"PINPOINT, CLOUD",NO
1300594,2235834493,EMERALD,0.30,D,VVS2,,EX,VG,FAINT,4.51*3.29*2.25,,68.2,65,GIA,305,INDIA,,,"PINPOINT, FEATHER",NO
1659323,5231674747,EMERALD,0.30,D,VVS2,,VG,VG,FAINT,4.57*3.22*2.21,,68.6,67,GIA,277,INDIA,,,"PINPOINT, FEATHER",NO
1840858,2536547181,EMERALD,0.37,E,VVS2,,EX,VG,FAINT,4.96*3.44*2.35,,68.4,62,GIA,313,INDIA,,,"CLOUD, NEEDLE, PINPOINT, SURFACE GRAINING",NO
1840385,2516848113,EMERALD,0.35,E,VVS2,,EX,VG,FAINT,4.86*3.48*2.31,,66.2,66,GIA,294,INDIA,,,"Feather, Pinpoint",NO
1192481,2233746250,EMERALD,0.32,E,VVS2,,VG,VG,FAINT,5.04*3.24*2.11,,65.1,66,GIA,277,INDIA,,,PINPOINT,NO
1795512,7541039433,EMERALD,0.30,E,VVS2,,VG,VG,NONE,4.8*3.1*2.02,,65.1,65,GIA,293,INDIA,,,"PINPOINT, CLOUD, SURFACE GRAINING",NO
1442760,2527133160,EMERALD,0.30,E,VVS2,,EX,VG,NONE,4.44*3.22*2.2,,68.2,66,GIA,263,INDIA,,,"Feather, Pinpoint",NO
1675859,7511472995,EMERALD,0.30,E,VVS2,,VG,VG,NONE,4.63*3.07*2.14,,69.7,67,GIA,305,INDIA,,,Feather,NO
1911250,1232805177,EMERALD,0.30,E,VVS2,,VG,VG,NONE,4.65*3.12*2.13,,68.2,70,GIA,293,INDIA,,,"CLOUD, NEEDLE, FEATHER, SURFACE GRAINING",NO
1916283,2235775814,EMERALD,0.30,E,VVS2,,VG,VG,FAINT,4.46*3.28*2.21,,67.5,66,GIA,264,INDIA,,,"NEEDLE, SURFACE GRAINING",NO
1622633,1548380456,EMERALD,0.30,E,VVS2,,VG,VG,NONE,4.49*3.35*2.26,,67.5,64,GIA,290,INDIA,,,FEATHER,NO
1381205,1236832583,EMERALD,0.30,E,VVS2,,VG,VG,NONE,4.55*3.22*2.2,,68.1,63,GIA,297,INDIA,,,"FEATHER, PINPOINT",NO
1204304,2538114486,EMERALD,0.33,F,VVS2,,VG,VG,NONE,4.8*3.19*2.22,,69.7,68,GIA,314,INDIA,,,"PINPOINT, CLOUD",NO
1637345,6237820937,EMERALD,0.31,F,VVS2,,EX,VG,NONE,4.78*3.16*2.1,,66.6,68,GIA,302,INDIA,,,PINPOINT,NO
1225803,2536114460,EMERALD,0.37,G,VVS2,,EX,VG,NONE,5.23*3.47*2.29,,65.9,64,GIA,314,INDIA,,,PINPOINT,NO
1200149,2235625524,EMERALD,0.33,G,VVS2,,VG,VG,NONE,4.81*3.4*2.29,,67.5,69,GIA,286,INDIA,,,"FEATHER, PINPOINT",NO
1655551,7546430983,EMERALD,0.38,D,VS1,,VG,VG,FAINT,5.2*3.37*2.32,,68.7,66,GIA,377,INDIA,,,CRYSTAL,NO
1878865,1513527984,EMERALD,0.37,D,VS1,,EX,VG,NONE,5.1*3.52*2.25,,64,65,GIA,352,INDIA,,,"Feather, Needle, Pinpoint",NO
1616035,6512846207,EMERALD,0.33,D,VS1,,VG,VG,FAINT,4.81*3.43*2.18,,63.5,63,GIA,317,INDIA,,,"Cloud, Needle",NO
1235273,1538632240,EMERALD,0.32,D,VS1,,VG,VG,NONE,4.95*3.11*2.13,,68.3,68,GIA,310,INDIA,,,"CRYSTAL, NEEDLE, PINPOINT",NO
1681638,6515363121,EMERALD,0.30,D,VS1,,VG,VG,NONE,4.75*3.14*2.17,,69.2,65,GIA,305,INDIA,,,Feather,NO
1122365,6511847861,EMERALD,0.37,E,VS1,,VG,VG,NONE,4.92*3.52*2.36,,66.9,64,GIA,314,INDIA,,,"Needle, Feather, Pinpoint",NO
1585939,3515845900,EMERALD,0.33,E,VS1,,VG,VG,NONE,5.03*3.23*2.13,,65.9,61,GIA,285,INDIA,,,"Crystal, Needle, Pinpoint",NO
1261511,2516766263,EMERALD,0.32,E,VS1,,VG,VG,FAINT,5*3.25*2.17,,66.7,62,GIA,278,INDIA,,,Crystal,NO
1460199,7536810167,EMERALD,0.30,E,VS1,,VG,GD,NONE,4.83*3.2*2.01,,62.8,65,GIA,264,INDIA,,,"FEATHER, PINPOINT",NO
1768678,5232818715,EMERALD,0.30,E,VS1,,VG,VG,NONE,4.82*3.22*2.12,,65.9,70,GIA,305,INDIA,,,"CRYSTAL, FEATHER",NO
1154749,1545380787,EMERALD,0.30,E,VS1,,VG,VG,NONE,4.56*3.24*2.22,,68.4,66,GIA,282,INDIA,,,"FEATHER, NEEDLE, PINPOINT",NO
1859526,6233832439,EMERALD,0.30,E,VS1,,VG,VG,NONE,4.51*3.23*2.22,,68.7,63,GIA,286,INDIA,,,FEATHER,NO
1666448,1538012256,EMERALD,0.30,E,VS1,,VG,GD,NONE,4.66*3.15*2.23,,70.8,62,GIA,264,INDIA,,,CLOUD,NO
1863909,5231821087,EMERALD,0.34,F,VS1,,VG,VG,NONE,4.85*3.47*2.24,,64.5,64,GIA,327,INDIA,,,CRYSTAL,NO
1527399,2235777522,EMERALD,0.30,F,VS1,,VG,GD,NONE,4.74*3.19*2.19,,68.7,62,GIA,279,INDIA,,,"FEATHER, PINPOINT",NO
1741727,1232775887,EMERALD,0.30,F,VS1,,VG,VG,NONE,4.65*3.37*2.15,,63.7,64,GIA,294,INDIA,,,FEATHER,NO
1618987,2547141507,EMERALD,0.31,D,VS2,,VG,VG,NONE,4.81*3.17*2.08,,65.6,70,GIA,302,INDIA,,,FEATHER,NO
1107055,2235658554,EMERALD,0.31,D,VS2,,VG,VG,NONE,4.82*3.35*2.14,,63.9,71,GIA,298,INDIA,,,"CRYSTAL, FEATHER",NO
1220200,5231794770,EMERALD,0.30,D,VS2,,EX,VG,NONE,4.7*3.41*2.14,,62.9,67,GIA,294,INDIA,,,"CRYSTAL, FEATHER",NO
1521958,2538012390,EMERALD,0.30,E,VS2,,VG,VG,NONE,4.76*3.14*2.17,,69.1,65,GIA,279,INDIA,,,"CRYSTAL, FEATHER",NO
1592111,5513766621,EMERALD,0.32,F,VS2,,VG,VG,FAINT,4.99*3.2*2.06,,64.2,64,GIA,295,INDIA,,,Cloud,NO
1441799,2527101503,EMERALD,0.29,D,VVS1,,VG,VG,NONE,4.54*3.09*2.13,,68.8,62,GIA,251,INDIA,,,Manufacturing Remnant,NO
1141176,7546032167,EMERALD,3.05,N,IF,,EX,EX,MED,8*7.89*5.32,,67.4,65,GIA,8697,INDIA,,,,NO
7055433,1232543669,EMERALD,3.03,J,VVS1,,EX,EX,NONE,8*7.88*5.35,,67.9,64,GIA,19758,INDIA,,,,NO
7505473,7518889806,EMERALD,3.02,I,VVS2,,EX,EX,NONE,8.02*7.99*5.34,,66.8,66,GIA,23677,INDIA,,,"Needle, Feather, Pinpoint",NO
1851455,6522302883,EMERALD,2.01,H,VVS1,,EX,EX,NONE,6.98*6.92*4.76,,68.8,68,GIA,10130,INDIA,,,"PINPOINT, NEEDLE",NO
7758341,7511141010,EMERALD,2.11,I,VVS1,,EX,EX,NONE,7.04*6.99*4.74,,67.8,67,GIA,8602,INDIA,,,Pinpoint,NO
1547208,7526243945,EMERALD,2.02,I,VVS1,,EX,EX,NONE,7.06*7.05*4.71,,66.7,67,GIA,8235,INDIA,,,Feather,NO
1397547,5231533289,EMERALD,2.56,J,VVS1,,EX,EX,FAINT,7.47*7.47*4.98,,66.7,65,GIA,12283,INDIA,,,Pinpoint,NO
1551926,6515598513,EMERALD,2.51,I,VS1,,EX,EX,NONE,7.32*7.30*5.07,,69.5,65,GIA,12819,INDIA,,,"Cloud, Feather, Needle, Pinpoint",NO
1860474,1515598215,EMERALD,2.01,J,VS1,,EX,EX,NONE,6.91*6.9*4.68,,67.7,63,GIA,5894,INDIA,,,"Crystal, Needle",NO
1266674,1232821085,EMERALD,2.02,E,VS2,,EX,EX,NONE,7.04*7.03*4.66,,66.3,64,GIA,11878,INDIA,,,"TWINNING WISP, FEATHER, PINPOINT",NO
1620148,6525544790,EMERALD,2.00,G,VS2,,VG,EX,NONE,6.94*6.84*4.63,,67.7,64,GIA,9901,INDIA,,,"CRYSTAL, CLOUD, FEATHER, NEEDLE",NO
1581081,2233597410,EMERALD,2.03,I,VS2,,EX,EX,NONE,6.95*6.86*4.71,,68.6,63,GIA,7571,INDIA,,,"FEATHER, CLOUD, CRYSTAL, NEEDLE",NO
7167620,2497567562,EMERALD,1.80,I,VVS1,,EX,EX,NONE,6.6*6.6*4.56,,69.1,65,GIA,5746,INDIA,,,"Pinpoint, Cloud, Feather",NO
1652746,2231834126,EMERALD,1.50,H,VVS2,,EX,EX,NONE,6.31*6.29*4.27,,67.8,65,GIA,4657,INDIA,,,CLOUD,NO
1157169,5232799437,EMERALD,1.30,F,VVS2,,EX,EX,FAINT,6*5.98*4.07,,68,67,GIA,3821,INDIA,,,PINPOINT,NO
1974802,2235811335,EMERALD,1.21,H,VVS2,,EX,EX,NONE,5.86*5.84*3.93,,67.2,66,GIA,2125,INDIA,,,"CLOUD, NEEDLE",NO
1687923,5231811383,EMERALD,1.26,I,VS1,,EX,EX,NONE,5.92*5.91*4.06,,68.7,61,GIA,1761,INDIA,,,"CRYSTAL, NEEDLE, PINPOINT",NO
1192529,2547150572,EMERALD,1.21,I,VS2,,EX,EX,NONE,5.88*5.82*3.97,,68.2,63,GIA,1630,INDIA,,,"FEATHER, CLOUD",NO
1383435,5231823424,EMERALD,1.01,I,IF,,EX,EX,NONE,5.59*5.55*3.72,,67,62,GIA,1648,INDIA,,,,NO
1450163,2231823660,EMERALD,1.03,D,VVS1,,VG,EX,NONE,5.53*5.45*3.71,,68.2,65,GIA,2507,INDIA,,,"PINPOINT, FEATHER",NO
1179891,1549434489,EMERALD,1.00,G,VVS1,,EX,EX,FAINT,5.49*5.46*3.76,,68.8,68,GIA,1771,INDIA,,,FEATHER,NO
1643519,2235829017,EMERALD,1.00,I,VVS1,,EX,EX,NONE,5.46*5.44*3.69,,67.8,65,GIA,1404,INDIA,,,"CLOUD, PINPOINT",NO
1974634,2547430350,EMERALD,1.01,G,VVS2,,EX,EX,FAINT,5.53*5.5*3.71,,67.5,67,GIA,1673,INDIA,,,"CLOUD, FEATHER, PINPOINT",NO
1564636,1232828969,EMERALD,1.01,H,VVS2,,EX,EX,NONE,5.65*5.63*3.63,,64.5,65,GIA,1580,INDIA,,,PINPOINT,NO
1812009,5232834156,EMERALD,1.00,H,VVS2,,EX,EX,NONE,5.41*5.41*3.72,,68.8,63,GIA,1646,INDIA,,,"FEATHER, PINPOINT, CLOUD",NO
1652338,1232818819,EMERALD,1.01,D,VS1,,EX,VG,FAINT,5.61*5.52*3.76,,68.2,66,GIA,1933,INDIA,,,"CLOUD, CRYSTAL, FEATHER, NEEDLE",NO
1459020,6541430277,EMERALD,1.01,D,VS1,,EX,EX,FAINT,5.57*5.48*3.74,,68.3,64,GIA,2008,INDIA,,,"CRYSTAL, NEEDLE, PINPOINT",NO
1564853,1548431108,EMERALD,1.02,F,VS1,,EX,EX,FAINT,5.47*5.46*3.77,,69,65,GIA,1623,INDIA,,,"CLOUD, NEEDLE",NO
1141141,6542430274,EMERALD,1.01,G,VS1,,EX,EX,NONE,5.56*5.5*3.75,,68.2,67,GIA,1741,INDIA,,,"FEATHER, CLOUD, PINPOINT",NO
1394667,5231833892,EMERALD,1.04,H,VS1,,VG,EX,NONE,5.56*5.52*3.78,,68.5,62,GIA,1581,INDIA,,,"CLOUD, CRYSTAL, NEEDLE",NO
1229198,5546430658,EMERALD,1.02,H,VS1,,EX,EX,FAINT,5.61*5.61*3.68,,65.6,64,GIA,1445,INDIA,,,"CRYSTAL, CLOUD, NEEDLE",NO
1559126,2544160990,EMERALD,1.10,E,VS2,,EX,EX,NONE,5.72*5.66*3.87,,68.4,63,GIA,1663,INDIA,,,"CLOUD, CRYSTAL",NO
1747889,6237749142,EMERALD,1.06,F,VS2,,EX,EX,NONE,5.71*5.69*3.78,,66.5,64,GIA,1574,INDIA,,,"CLOUD, CRYSTAL, NEEDLE",NO
1596050,6237827875,EMERALD,1.01,G,VS2,,EX,EX,NONE,5.51*5.44*3.77,,69.2,62,GIA,1493,INDIA,,,"CRYSTAL, NEEDLE, CLOUD, PINPOINT",NO
51989,6224011444,PRINCESS,1.50,I,VS1,,EX,VG,NONE,6.08*6.06*4.43,,73.1,73,GIA,5027,INDIA,,,"Feather, Cavity, Cloud, Indented Natural",NO
7255453,6532804237,PRINCESS,5.02,J,VS2,,EX,VG,NONE,9.37*9.35*6.68,,71.4,74,GIA,45766,HONG KONG,,,"FEATHER, CLOUD, PINPOINT",NO
1722435,6237717093,PRINCESS,3.03,I,VS2,,EX,EX,NONE,8.17*8.06*5.71,,70.9,73,GIA,24196,INDIA,,,"CRYSTAL, CLOUD, FEATHER",NO
1372799,2233645726,PRINCESS,2.01,I,VVS1,,EX,EX,NONE,6.79*6.72*4.94,,73.4,75,GIA,8194,INDIA,,,"PINPOINT, FEATHER",NO
1358299,2233646422,PRINCESS,2.51,G,VS1,,VG,EX,FAINT,7.37*7.35*5.42,,73.8,73,GIA,19678,INDIA,,,"CRYSTAL, FEATHER, CLOUD, PINPOINT",NO
1635926,1528252007,PRINCESS,2.02,G,VS1,,EX,EX,NONE,6.9*6.9*4.97,,72,74,GIA,12986,INDIA,,,"CRYSTAL, CLOUD, FEATHER, NEEDLE",NO
7260614,1535651098,PRINCESS,2.01,J,VS1,,EX,EX,NONE,6.77*6.76*4.92,,72.8,73,GIA,5980,HONG KONG,,,FEATHER,NO
7723311,2536860224,PRINCESS,2.72,J,VS2,,EX,EX,NONE,7.59*7.58*5.58,,73.6,75,GIA,12850,INDIA,,,"FEATHER, CRYSTAL, CLOUD",NO
1323312,6535123553,PRINCESS,1.81,G,VVS2,,EX,EX,NONE,6.75*6.66*4.65,,69.9,75,GIA,7501,INDIA,,,PINPOINT,NO
1292552,3515866214,PRINCESS,1.70,G,VS1,,EX,EX,NONE,6.45*6.36*4.7,,73.9,73,GIA,7260,INDIA,,,"Crystal, Feather, Cloud",NO
1807623,6233751176,PRINCESS,1.70,E,VS2,,EX,EX,NONE,6.56*6.48*4.65,,71.8,71,GIA,6552,INDIA,,,"CRYSTAL, CLOUD, FEATHER, NEEDLE",NO
1145966,2231801303,PRINCESS,1.74,I,VS2,,EX,EX,NONE,6.44*6.34*4.67,,73.7,72,GIA,4972,INDIA,,,"CLOUD, CRYSTAL, FEATHER, NEEDLE",NO
7552035,6531566948,PRINCESS,1.86,J,VS2,,EX,EX,NONE,6.67*6.55*4.83,,73.8,74,GIA,3900,HONG KONG,,,"CRYSTAL, FEATHER, CLOUD, NEEDLE",NO
1856165,2235818805,PRINCESS,1.51,I,IF,,EX,EX,NONE,6.12*6.11*4.47,,73.1,74,GIA,4209,INDIA,,,,NO
1453778,6545150830,PRINCESS,1.50,H,VVS1,,EX,EX,NONE,6.13*6.13*4.53,,73.9,75,GIA,4657,INDIA,,,FEATHER,NO
1718500,2231823434,PRINCESS,1.51,G,VVS2,,EX,EX,NONE,6.16*6.05*4.47,,73.8,76,GIA,5496,INDIA,,,FEATHER,NO
1236696,2231834187,PRINCESS,1.50,G,VVS2,,EX,EX,NONE,6.35*6.31*4.52,,71.7,73,GIA,5712,INDIA,,,PINPOINT,NO
1172475,2231811207,PRINCESS,1.50,G,VVS2,,VG,VG,NONE,6.22*6.18*4.56,,73.8,71,GIA,5376,INDIA,,,"FEATHER, PINPOINT",NO
1136284,2233841343,PRINCESS,1.51,H,VVS2,,VG,EX,FAINT,6.21*6.09*4.49,,73.8,70,GIA,4546,INDIA,,,"NEEDLE, PINPOINT, FEATHER",NO
1385361,2235840155,PRINCESS,1.51,G,VS1,,EX,EX,NONE,6.16*6.15*4.42,,71.8,74,GIA,4954,INDIA,,,"CLOUD, PINPOINT",NO
1244001,2231832060,PRINCESS,1.51,G,VS1,,EX,EX,NONE,6.31*6.29*4.59,,73.1,75,GIA,4876,INDIA,,,"CRYSTAL, NEEDLE, FEATHER, CLOUD",NO
1886151,2231794760,PRINCESS,1.50,I,VS1,,EX,EX,FAINT,6.37*6.25*4.6,,73.6,75,GIA,3199,INDIA,,,"CRYSTAL, CLOUD",NO
7489739,6542233233,PRINCESS,1.50,J,VS1,,EX,EX,NONE,6.41*6.3*4.6,,73.1,75,GIA,2864,HONG KONG,,,"CRYSTAL, NEEDLE",NO
1867315,5232820961,PRINCESS,1.51,E,VS2,,EX,EX,NONE,6.36*6.3*4.55,,72.2,73,GIA,4954,INDIA,,,"CRYSTAL, FEATHER, PINPOINT",NO
1135017,6542041104,PRINCESS,1.25,H,VVS2,,EX,EX,NONE,6.08*5.99*4.33,,72.3,73,GIA,2847,INDIA,,,PINPOINT,NO
1755855,6542431192,PRINCESS,1.21,J,VVS2,,EX,EX,NONE,5.68*5.65*4.16,,73.7,71,GIA,1683,INDIA,,,"NEEDLE, FEATHER, PINPOINT",NO
1656767,2235834170,PRINCESS,1.21,G,VS1,,EX,EX,FAINT,5.84*5.74*4.16,,72.4,72,GIA,2708,INDIA,,,"CRYSTAL, NEEDLE, PINPOINT",NO
1756132,5231799456,PRINCESS,1.20,G,VS1,,EX,VG,NONE,5.78*5.67*4.12,,72.7,70,GIA,2722,INDIA,,,"CRYSTAL, CLOUD, NEEDLE",NO
1978026,5231811332,PRINCESS,1.42,H,VS1,,EX,EX,FAINT,6.08*5.96*4.39,,73.6,73,GIA,3475,INDIA,,,"CLOUD, NEEDLE",NO
1620306,2235804480,PRINCESS,1.25,H,VS1,,EX,EX,NONE,5.77*5.75*4.24,,73.8,74,GIA,2769,INDIA,,,"CRYSTAL, NEEDLE, CLOUD",NO
1679427,2548041259,PRINCESS,1.21,H,VS1,,EX,EX,NONE,5.96*5.93*4.24,,71.5,74,GIA,2587,INDIA,,,FEATHER,NO
1644375,2536151447,PRINCESS,1.21,H,VS1,,EX,EX,NONE,5.72*5.7*4.2,,73.7,73,GIA,2494,INDIA,,,"FEATHER, CLOUD, PINPOINT",NO
1850882,6532834580,PRINCESS,1.20,H,VS1,,EX,EX,FAINT,5.74*5.69*4.2,,73.7,73,GIA,2349,INDIA,,,"FEATHER, CLOUD, PINPOINT",NO
1251353,2235805213,PRINCESS,1.20,H,VS1,,EX,EX,NONE,5.67*5.67*4.16,,73.5,74,GIA,2566,INDIA,,,"CRYSTAL, FEATHER, CLOUD, PINPOINT",NO
1288087,6233834157,PRINCESS,1.24,I,VS1,,VG,VG,NONE,5.76*5.72*4.22,,73.8,74,GIA,2058,INDIA,,,"FEATHER, CLOUD, PINPOINT",NO
1646855,2231760700,PRINCESS,1.21,I,VS1,,EX,EX,FAINT,5.72*5.69*4.2,,73.8,73,GIA,1797,INDIA,,,"CLOUD, CRYSTAL, FEATHER, NEEDLE",NO
1284926,5231834015,PRINCESS,1.25,G,VS2,,EX,EX,FAINT,5.96*5.93*4.26,,71.9,73,GIA,2621,INDIA,,,"CRYSTAL, FEATHER, NEEDLE",NO
1768766,2235829023,PRINCESS,1.22,G,VS2,,EX,EX,NONE,5.9*5.83*4.27,,73.3,74,GIA,2689,INDIA,,,"CLOUD, FEATHER, CRYSTAL, NEEDLE",NO
1899574,2235832182,PRINCESS,1.20,G,VS2,,EX,VG,NONE,5.9*5.87*4.29,,73,75,GIA,2677,INDIA,,,"CRYSTAL, CLOUD",NO
1322665,6531365717,PRINCESS,1.25,H,VS2,,EX,EX,NONE,5.84*5.7*4.2,,73.7,76,GIA,2352,INDIA,,,"CRYSTAL, FEATHER, NEEDLE, PINPOINT, NATURAL",NO
1504628,2235804460,PRINCESS,1.21,H,VS2,,EX,EX,NONE,5.7*5.67*4.18,,73.7,72,GIA,2476,INDIA,,,"CRYSTAL, PINPOINT",NO
1664622,2231773565,PRINCESS,1.26,I,VS2,,EX,EX,FAINT,5.79*5.76*4.26,,73.9,73,GIA,1880,INDIA,,,"FEATHER, CRYSTAL, PINPOINT",NO
1339406,2231820863,PRINCESS,1.21,I,VS2,,EX,EX,NONE,5.68*5.66*4.16,,73.5,73,GIA,1830,INDIA,,,"CLOUD, CRYSTAL, FEATHER, NEEDLE",NO
7413506,2536857806,PRINCESS,1.21,I,VS2,,EX,EX,NONE,5.92*5.81*4.17,,71.8,74,GIA,2081,HONG KONG,,,"FEATHER, CLOUD, NEEDLE",NO
1731294,6233653413,PRINCESS,1.20,I,VS2,,EX,VG,NONE,5.81*5.67*4.16,,73.3,74,GIA,1840,INDIA,,,"CLOUD, CRYSTAL, FEATHER",NO
1849151,6531496662,PRINCESS,1.03,I,FL,,EX,EX,NONE,5.45*5.33*3.92,,73.6,72,GIA,2134,INDIA,,,,NO
1263464,6237775679,PRINCESS,1.02,G,IF,,EX,EX,NONE,5.42*5.33*3.93,,73.7,73,GIA,2036,INDIA,,,,NO
1547286,1236760807,PRINCESS,1.06,H,IF,,EX,EX,NONE,5.54*5.47*3.97,,72.6,72,GIA,1994,INDIA,,,,NO
1389288,2235619086,PRINCESS,1.05,H,IF,,EX,EX,NONE,5.69*5.66*4.06,,71.6,73,GIA,2437,INDIA,,,,NO
1384893,2524437591,PRINCESS,1.05,H,IF,,EX,VG,NONE,5.47*5.43*4,,73.7,74,GIA,2437,INDIA,,,,NO
1780282,2526567550,PRINCESS,1.03,H,IF,,EX,EX,NONE,5.46*5.43*4,,73.7,75,GIA,2390,INDIA,,,,NO
1842422,5232811386,PRINCESS,1.03,H,IF,,EX,EX,NONE,5.48*5.4*3.85,,71.2,71,GIA,2003,INDIA,,,,NO
1537901,5232619084,PRINCESS,1.03,H,IF,,EX,VG,NONE,5.59*5.45*4.03,,74,75,GIA,2390,INDIA,,,,NO
1954462,2526506662,PRINCESS,1.02,H,IF,,EX,VG,NONE,5.52*5.43*4,,73.6,72,GIA,2367,INDIA,,,,NO
1748698,2233763392,PRINCESS,1.01,H,IF,,VG,EX,NONE,5.51*5.5*4.05,,73.6,74,GIA,1932,INDIA,,,,NO
1908406,6233720596,PRINCESS,1.01,H,IF,,EX,VG,NONE,5.49*5.48*4.05,,73.8,76,GIA,1900,INDIA,,,,NO
1480245,2231733488,PRINCESS,1.01,H,IF,,EX,EX,NONE,5.48*5.38*3.95,,73.5,75,GIA,1900,INDIA,,,,NO
1529042,6521283927,PRINCESS,1.01,H,IF,,VG,EX,NONE,5.62*5.56*4.06,,72.9,75,GIA,2344,INDIA,,,,NO
1607680,2235622523,PRINCESS,1.00,H,IF,,EX,VG,NONE,5.61*5.54*4,,72.3,75,GIA,1819,INDIA,,,,NO
1887125,1232620569,PRINCESS,1.00,H,IF,,EX,EX,NONE,5.54*5.43*3.94,,72.6,74,GIA,2321,INDIA,,,,NO
1534542,2536558766,PRINCESS,1.05,I,IF,,EX,VG,NONE,5.56*5.54*3.93,,70.9,72,GIA,1844,INDIA,,,,NO
1161830,2235760802,PRINCESS,1.05,I,IF,,EX,EX,NONE,5.46*5.4*3.98,,73.7,73,GIA,1844,INDIA,,,,NO
7655280,6525945181,PRINCESS,1.02,I,IF,,EX,EX,NONE,5.42*5.42*3.98,,73.4,76,GIA,1718,HONG KONG,,,,NO
1894391,1236833982,PRINCESS,1.01,D,VVS1,,EX,EX,NONE,5.48*5.46*3.92,,71.7,74,GIA,4035,INDIA,,,"PINPOINT, FEATHER",NO
1427049,2235832172,PRINCESS,1.01,F,VVS1,,EX,EX,FAINT,5.32*5.3*3.89,,73.4,73,GIA,2077,INDIA,,,"PINPOINT, FEATHER",NO
1698565,1545431222,PRINCESS,1.06,G,VVS1,,EX,EX,FAINT,5.58*5.49*3.94,,71.8,73,GIA,2061,INDIA,,,"PINPOINT, CLOUD",NO
1601143,2233660100,PRINCESS,1.06,G,VVS1,,EX,VG,NONE,5.67*5.62*3.96,,70.5,71,GIA,1987,INDIA,,,FEATHER,NO
1630516,6532150959,PRINCESS,1.05,G,VVS1,,EX,VG,NONE,5.6*5.56*3.98,,71.6,73,GIA,1969,INDIA,,,"PINPOINT, FEATHER",NO
1374520,1547431178,PRINCESS,1.02,G,VVS1,,EX,EX,FAINT,5.36*5.32*3.91,,73.6,72,GIA,2019,INDIA,,,"PINPOINT, FEATHER",NO
1760403,6535365884,PRINCESS,1.01,G,VVS1,,EX,VG,FAINT,5.55*5.44*3.99,,73.4,75,GIA,1894,INDIA,,,"PINPOINT, FEATHER",NO
1111354,5232841414,PRINCESS,1.00,G,VVS1,,EX,EX,FAINT,5.67*5.56*3.93,,70.7,75,GIA,2014,INDIA,,,"PINPOINT, FEATHER",NO
1191075,2231774000,PRINCESS,1.00,G,VVS1,,EX,EX,NONE,5.3*5.3*3.86,,72.9,73,GIA,1875,INDIA,,,"CLOUD, FEATHER",NO
1845384,2233638384,PRINCESS,1.06,H,VVS1,,EX,EX,FAINT,5.65*5.54*4.03,,72.7,74,GIA,2284,INDIA,,,PINPOINT,NO
1853851,2235620449,PRINCESS,1.06,H,VVS1,,EX,VG,NONE,5.66*5.57*4.03,,72.3,74,GIA,1790,INDIA,,,"PINPOINT, FEATHER",NO
1204816,6522785383,PRINCESS,1.03,H,VVS1,,EX,EX,NONE,5.61*5.49*4.01,,73.1,74,GIA,2220,INDIA,,,"PINPOINT, FEATHER",NO
1595746,1525437550,PRINCESS,1.03,H,VVS1,,EX,EX,NONE,5.65*5.55*4.09,,73.7,75,GIA,2220,INDIA,,,"PINPOINT, FEATHER",NO
1119355,1525911682,PRINCESS,1.02,H,VVS1,,EX,EX,NONE,5.44*5.34*3.92,,73.4,73,GIA,2198,INDIA,,,FEATHER,NO
1785574,6542158585,PRINCESS,1.02,H,VVS1,,EX,EX,NONE,5.57*5.51*3.99,,72.4,74,GIA,1782,INDIA,,,FEATHER,NO
1340774,7548189130,PRINCESS,1.02,H,VVS1,,EX,EX,NONE,5.43*5.42*3.98,,73.4,75,GIA,1752,INDIA,,,FEATHER,NO
1634979,2231720415,PRINCESS,1.02,H,VVS1,,EX,EX,NONE,5.5*5.39*4.06,,75.3,73,GIA,1663,INDIA,,,FEATHER,NO
1792419,5232794692,PRINCESS,1.02,H,VVS1,,VG,EX,NONE,5.34*5.32*3.92,,73.7,69,GIA,1752,INDIA,,,"PINPOINT, FEATHER",NO
1429269,6521476139,PRINCESS,1.02,H,VVS1,,EX,EX,NONE,5.59*5.51*3.84,,69.6,74,GIA,2198,INDIA,,,FEATHER,NO
1191727,6531558781,PRINCESS,1.01,H,VVS1,,EX,VG,NONE,5.46*5.37*3.96,,73.7,73,GIA,1765,INDIA,,,"CLOUD, FEATHER",NO
1352816,2527437567,PRINCESS,1.01,H,VVS1,,EX,VG,NONE,5.32*5.3*3.87,,73,75,GIA,2176,INDIA,,,"PINPOINT, FEATHER",NO
1496911,6532550327,PRINCESS,1.01,H,VVS1,,VG,VG,NONE,5.42*5.32*3.92,,73.7,75,GIA,1765,INDIA,,,PINPOINT,NO
1346513,7533155410,PRINCESS,1.01,H,VVS1,,EX,EX,FAINT,5.64*5.53*4.06,,73.4,75,GIA,1765,INDIA,,,"PINPOINT, FEATHER",NO
1363097,1232622507,PRINCESS,1.01,H,VVS1,,EX,EX,NONE,5.61*5.61*4.09,,72.8,75,GIA,2176,INDIA,,,FEATHER,NO
1960749,6535151463,PRINCESS,1.01,H,VVS1,,EX,EX,NONE,5.31*5.31*3.92,,73.8,73,GIA,1765,INDIA,,,FEATHER,NO
1608901,2235746067,PRINCESS,1.01,H,VVS1,,VG,VG,NONE,5.72*5.61*3.99,,71.2,75,GIA,1765,INDIA,,,"PINPOINT, FEATHER",NO
1570878,2526506979,PRINCESS,1.01,H,VVS1,,EX,VG,NONE,5.57*5.54*4.05,,73.1,76,GIA,2176,INDIA,,,FEATHER,NO
1458840,2235733789,PRINCESS,1.01,H,VVS1,,VG,EX,NONE,5.33*5.32*3.91,,73.4,75,GIA,1765,INDIA,,,"PINPOINT, CLOUD, FEATHER",NO
1814832,2527295403,PRINCESS,1.00,H,VVS1,,VG,EX,NONE,5.43*5.43*3.99,,73.6,74,GIA,2155,INDIA,,,FEATHER,NO
1522694,2231655166,PRINCESS,1.00,H,VVS1,,VG,VG,NONE,5.4*5.37*3.96,,73.7,76,GIA,1747,INDIA,,,FEATHER,NO
1140994,2536558758,PRINCESS,1.00,H,VVS1,,EX,EX,NONE,5.31*5.3*3.91,,73.8,70,GIA,1776,INDIA,,,"CLOUD, PINPOINT, FEATHER",NO
1778457,2233592104,PRINCESS,1.05,I,VVS1,,EX,EX,FAINT,5.57*5.55*3.89,,70.1,72,GIA,2169,INDIA,,,"CLOUD, PINPOINT, FEATHER",NO
1169687,2235642751,PRINCESS,1.05,I,VVS1,,EX,EX,FAINT,5.56*5.55*3.99,,71.9,73,GIA,2169,INDIA,,,"PINPOINT, FEATHER",NO
1186015,1232760713,PRINCESS,1.03,I,VVS1,,EX,VG,NONE,5.53*5.45*4.02,,73.9,74,GIA,1797,INDIA,,,FEATHER,NO
1386913,5232804021,PRINCESS,1.03,I,VVS1,,EX,EX,NONE,5.44*5.39*3.99,,73.9,70,GIA,1751,INDIA,,,"PINPOINT, FEATHER",NO
1821636,6522506836,PRINCESS,1.02,I,VVS1,,EX,EX,NONE,5.59*5.41*3.95,,72.9,72,GIA,2107,INDIA,,,PINPOINT,NO
1324824,2526271463,PRINCESS,1.01,I,VVS1,,EX,EX,NONE,5.42*5.32*3.93,,73.7,73,GIA,2086,INDIA,,,FEATHER,NO
1940495,1232691939,PRINCESS,1.01,I,VVS1,,EX,EX,FAINT,5.32*5.31*3.91,,73.7,74,GIA,1762,INDIA,,,"PINPOINT, FEATHER",NO
1746256,2235622325,PRINCESS,1.01,I,VVS1,,VG,VG,NONE,5.43*5.36*4.07,,75.8,76,GIA,2086,INDIA,,,"PINPOINT, FEATHER",NO
1478219,7528787932,PRINCESS,1.01,I,VVS1,,EX,EX,NONE,5.55*5.54*4.04,,73,74,GIA,2086,INDIA,,,"PINPOINT, FEATHER",NO
7016327,6542029505,PRINCESS,1.01,I,VVS1,,EX,EX,NONE,5.55*5.55*3.97,,71.5,72,GIA,1742,HONG KONG,,,FEATHER,NO
1114089,1525460563,PRINCESS,1.01,I,VVS1,,EX,EX,NONE,5.36*5.32*3.93,,73.8,73,GIA,2086,INDIA,,,FEATHER,NO
1516189,7526946097,PRINCESS,1.01,I,VVS1,,EX,EX,NONE,5.31*5.3*4,,75.5,73,GIA,1643,INDIA,,,"PINPOINT, FEATHER",NO
1870920,2235741195,PRINCESS,1.01,I,VVS1,,EX,EX,NONE,5.67*5.56*4.06,,73.2,74,GIA,1762,INDIA,,,"PINPOINT, FEATHER",NO
1626844,5231731488,PRINCESS,1.01,I,VVS1,,EX,EX,NONE,5.38*5.31*3.91,,73.6,70,GIA,1717,INDIA,,,"FEATHER, CAVITY",NO
1487080,2235731552,PRINCESS,1.01,I,VVS1,,EX,EX,NONE,5.45*5.32*3.92,,73.6,73,GIA,1762,INDIA,,,"PINPOINT, FEATHER",NO
1284039,1528597223,PRINCESS,1.01,I,VVS1,,EX,EX,NONE,5.56*5.49*4.03,,73.4,73,GIA,2086,INDIA,,,,NO
1726902,5523567418,PRINCESS,1.01,I,VVS1,,EX,VG,NONE,5.55*5.54*4.08,,73.7,75,GIA,2086,INDIA,,,"PINPOINT, FEATHER",NO
1258082,1539497417,PRINCESS,1.00,I,VVS1,,EX,VG,NONE,5.33*5.33*3.93,,73.8,72,GIA,1745,INDIA,,,FEATHER,NO
1870898,2235622560,PRINCESS,1.00,I,VVS1,,EX,EX,NONE,5.4*5.38*4.03,,74.8,76,GIA,2065,INDIA,,,"PINPOINT, FEATHER",NO
1422740,2235733427,PRINCESS,1.00,I,VVS1,,EX,EX,NONE,5.3*5.3*3.91,,73.9,72,GIA,1700,INDIA,,,FEATHER,NO
1704749,3535151039,PRINCESS,1.00,I,VVS1,,EX,VG,NONE,5.35*5.13*3.91,,76.1,73,GIA,1326,INDIA,,,FEATHER,NO
1974548,2231775775,PRINCESS,1.00,I,VVS1,,VG,VG,FAINT,5.32*5.31*3.91,,73.7,75,GIA,1700,INDIA,,,FEATHER,NO
1531535,2235746188,PRINCESS,1.00,I,VVS1,,VG,VG,NONE,5.34*5.17*3.92,,75.8,70,GIA,1429,INDIA,,,FEATHER,NO
7648559,3535653326,PRINCESS,1.00,I,VVS1,,EX,EX,NONE,5.4*5.3*3.89,,73.5,76,GIA,1700,HONG KONG,,,FEATHER,NO
1151342,2235829093,PRINCESS,1.06,J,VVS1,,VG,EX,NONE,5.47*5.47*4.04,,73.9,75,GIA,1489,INDIA,,,FEATHER,NO
1373367,2546158564,PRINCESS,1.02,D,VVS2,,EX,EX,NONE,5.38*5.32*3.91,,73.6,75,GIA,3777,INDIA,,,"FEATHER, CLOUD",NO
1619911,2235804487,PRINCESS,1.01,D,VVS2,,EX,VG,NONE,5.57*5.53*3.91,,70.7,74,GIA,3611,INDIA,,,"FEATHER, PINPOINT",NO
1497277,1545430249,PRINCESS,1.08,E,VVS2,,EX,EX,NONE,5.71*5.66*4.05,,71.6,72,GIA,3005,INDIA,,,"PINPOINT, FEATHER",NO
1979392,5232820921,PRINCESS,1.02,E,VVS2,,EX,EX,FAINT,5.47*5.46*4.02,,73.6,73,GIA,2168,INDIA,,,"FEATHER, PINPOINT",NO
1477902,2231832184,PRINCESS,1.01,F,VVS2,,VG,VG,FAINT,5.44*5.25*3.98,,75.7,76,GIA,1955,INDIA,,,"FEATHER, PINPOINT",NO
1571157,5232775673,PRINCESS,1.03,G,VVS2,,EX,VG,NONE,5.39*5.38*3.95,,73.5,72,GIA,1907,INDIA,,,PINPOINT,NO
1538784,2235841352,PRINCESS,1.03,G,VVS2,,VG,EX,FAINT,5.51*5.43*3.9,,71.8,72,GIA,2019,INDIA,,,"CLOUD, NEEDLE, PINPOINT",NO
1618684,6522506922,PRINCESS,1.02,G,VVS2,,EX,EX,NONE,5.38*5.38*3.95,,73.4,75,GIA,2319,INDIA,,,"NEEDLE, PINPOINT, FEATHER",NO
1583852,1232832024,PRINCESS,1.02,G,VVS2,,EX,EX,FAINT,5.33*5.32*3.93,,73.8,73,GIA,1922,INDIA,,,"CLOUD, PINPOINT, FEATHER",NO
1115756,6531749042,PRINCESS,1.01,G,VVS2,,VG,VG,NONE,5.42*5.33*3.91,,73.5,75,GIA,1837,INDIA,,,"CLOUD, FEATHER",NO
1316324,7536375041,PRINCESS,1.01,G,VVS2,,EX,EX,FAINT,5.42*5.31*3.91,,73.7,73,GIA,1771,INDIA,,,"FEATHER, PINPOINT",NO
1694604,2231805282,PRINCESS,1.01,G,VVS2,,EX,EX,FAINT,5.37*5.36*3.96,,73.7,73,GIA,1739,INDIA,,,NEEDLE,NO
1208474,2231841535,PRINCESS,1.01,G,VVS2,,EX,VG,NONE,5.46*5.33*3.94,,73.9,76,GIA,1979,INDIA,,,"PINPOINT, FEATHER",NO
1437304,2527376935,PRINCESS,1.01,G,VVS2,,EX,EX,NONE,5.49*5.48*4.03,,73.5,75,GIA,2296,INDIA,,,"PINPOINT, NEEDLE",NO
1278253,6237827866,PRINCESS,1.01,G,VVS2,,EX,VG,NONE,5.46*5.4*3.96,,73.4,73,GIA,1881,INDIA,,,FEATHER,NO
1930427,1232820902,PRINCESS,1.01,G,VVS2,,EX,EX,NONE,5.52*5.51*3.96,,71.8,73,GIA,1968,INDIA,,,FEATHER,NO
1340366,1232656988,PRINCESS,1.01,G,VVS2,,VG,VG,NONE,5.63*5.51*4.05,,73.5,75,GIA,1837,INDIA,,,"PINPOINT, FEATHER",NO
1898773,2233833965,PRINCESS,1.00,G,VVS2,,EX,VG,NONE,5.56*5.45*3.99,,73.2,73,GIA,1960,INDIA,,,"PINPOINT, FEATHER",NO
1658500,6532440759,PRINCESS,1.00,G,VVS2,,EX,VG,NONE,5.37*5.37*3.95,,73.6,71,GIA,1819,INDIA,,,"PINPOINT, FEATHER",NO
1364831,6233773715,PRINCESS,1.00,G,VVS2,,EX,EX,NONE,5.34*5.29*3.88,,73.4,73,GIA,1819,INDIA,,,FEATHER,NO
1273549,2235811305,PRINCESS,1.00,G,VVS2,,EX,EX,NONE,5.59*5.46*4.04,,74,75,GIA,1819,INDIA,,,"PINPOINT, FEATHER, CLOUD",NO
1115754,2231811206,PRINCESS,1.00,G,VVS2,,EX,EX,NONE,5.44*5.3*3.91,,73.6,70,GIA,1884,INDIA,,,FEATHER,NO
1195990,6535374211,PRINCESS,1.06,H,VVS2,,EX,VG,NONE,5.7*5.64*3.86,,68.4,72,GIA,1862,INDIA,,,"CLOUD, PINPOINT",NO
1748953,6531440922,PRINCESS,1.06,H,VVS2,,EX,EX,NONE,5.61*5.6*4.11,,73.4,74,GIA,1862,INDIA,,,PINPOINT,NO
1351744,2233657294,PRINCESS,1.06,H,VVS2,,EX,EX,NONE,5.52*5.51*4.05,,73.6,74,GIA,1862,INDIA,,,PINPOINT,NO
7724057,7526666319,PRINCESS,1.04,H,VVS2,,EX,EX,NONE,5.36*5.36*3.93,,73.4,75,GIA,1769,HONG KONG,,,PINPOINT,NO
1389130,6525596819,PRINCESS,1.03,H,VVS2,,EX,EX,NONE,5.47*5.45*4,,73.4,73,GIA,2205,INDIA,,,CLOUD,NO
1758422,2235649602,PRINCESS,1.02,H,VVS2,,EX,EX,FAINT,5.38*5.31*3.92,,73.8,76,GIA,1679,INDIA,,,"NEEDLE, CLOUD, FEATHER",NO
1757842,2537497854,PRINCESS,1.02,H,VVS2,,EX,EX,NONE,5.39*5.36*3.95,,73.6,70,GIA,1791,INDIA,,,"FEATHER, CLOUD",NO
1817845,7531497547,PRINCESS,1.02,H,VVS2,,EX,EX,FAINT,5.46*5.39*3.92,,72.6,73,GIA,1791,INDIA,,,"NEEDLE, PINPOINT, FEATHER",NO
1896752,1525596730,PRINCESS,1.02,H,VVS2,,VG,EX,NONE,5.43*5.42*3.98,,73.5,74,GIA,2183,INDIA,,,"PINPOINT, CLOUD",NO
1776706,1236641218,PRINCESS,1.02,H,VVS2,,EX,EX,FAINT,5.55*5.54*4.02,,72.6,74,GIA,2183,INDIA,,,"FEATHER, PINPOINT",NO
1315504,5231638390,PRINCESS,1.02,H,VVS2,,VG,VG,NONE,5.6*5.5*4.04,,73.5,75,GIA,2183,INDIA,,,"CLOUD, PINPOINT, FEATHER",NO
1654805,2233628268,PRINCESS,1.02,H,VVS2,,EX,VG,NONE,5.67*5.53*3.94,,71.2,74,GIA,2183,INDIA,,,"NEEDLE, FEATHER, PINPOINT",NO
1391312,5526911437,PRINCESS,1.01,H,VVS2,,EX,VG,NONE,5.58*5.49*3.98,,72.6,75,GIA,2162,INDIA,,,"FEATHER, PINPOINT",NO
1617228,2544152322,PRINCESS,1.01,H,VVS2,,EX,EX,NONE,5.32*5.31*3.91,,73.6,75,GIA,1857,INDIA,,,"FEATHER, PINPOINT, CLOUD",NO
1788832,5533211295,PRINCESS,1.01,H,VVS2,,VG,VG,FAINT,5.42*5.39*3.96,,73.4,73,GIA,1635,INDIA,,,"FEATHER, PINPOINT",NO
1841077,5231708225,PRINCESS,1.01,H,VVS2,,EX,EX,NONE,5.34*5.33*3.94,,73.9,72,GIA,1774,INDIA,,,"FEATHER, PINPOINT",NO
1607518,2235650826,PRINCESS,1.01,H,VVS2,,EX,VG,NONE,5.44*5.44*3.95,,72.6,73,GIA,1774,INDIA,,,"FEATHER, CLOUD",NO
1164502,1523506753,PRINCESS,1.01,H,VVS2,,VG,VG,NONE,5.47*5.46*4.03,,73.8,75,GIA,2162,INDIA,,,PINPOINT,NO
1271650,7548189006,PRINCESS,1.01,H,VVS2,,EX,EX,NONE,5.47*5.41*3.98,,73.7,75,GIA,1774,INDIA,,,FEATHER,NO
1171126,1528597073,PRINCESS,1.01,H,VVS2,,EX,VG,FAINT,5.44*5.4*3.98,,73.7,74,GIA,2162,INDIA,,,"CLOUD, PINPOINT",NO
1799028,2235775486,PRINCESS,1.01,H,VVS2,,EX,EX,NONE,5.47*5.46*3.9,,71.5,74,GIA,1774,INDIA,,,PINPOINT,NO
1275253,2526911936,PRINCESS,1.01,H,VVS2,,EX,EX,NONE,5.42*5.3*3.91,,73.8,72,GIA,2162,INDIA,,,PINPOINT,NO
1826751,6532156011,PRINCESS,1.01,H,VVS2,,VG,VG,NONE,5.55*5.55*4.03,,72.6,75,GIA,1774,INDIA,,,"CLOUD, NEEDLE, PINPOINT",NO
1944251,6535287883,PRINCESS,1.01,H,VVS2,,EX,VG,FAINT,5.48*5.36*3.96,,73.9,72,GIA,1774,INDIA,,,"FEATHER, PINPOINT",NO
1437910,6522428111,PRINCESS,1.01,H,VVS2,,VG,EX,NONE,5.46*5.45*4.02,,73.8,74,GIA,2162,INDIA,,,"CLOUD, PINPOINT, FEATHER",NO
1365033,2527507003,PRINCESS,1.01,H,VVS2,,VG,VG,NONE,5.48*5.39*3.96,,73.5,75,GIA,2162,INDIA,,,"FEATHER, PINPOINT",NO
1704302,7533559671,PRINCESS,1.01,H,VVS2,,EX,EX,FAINT,5.38*5.3*3.9,,73.5,66,GIA,1774,INDIA,,,PINPOINT,NO
1578005,2235773564,PRINCESS,1.01,H,VVS2,,EX,EX,NONE,5.34*5.33*3.94,,73.9,72,GIA,1801,INDIA,,,FEATHER,NO
1252220,5533374523,PRINCESS,1.01,H,VVS2,,EX,VG,NONE,5.38*5.35*3.95,,73.9,74,GIA,1718,INDIA,,,"NEEDLE, PINPOINT, FEATHER",NO
1381830,6531210989,PRINCESS,1.01,H,VVS2,,EX,VG,FAINT,5.4*5.39*3.96,,73.5,72,GIA,1774,INDIA,,,"FEATHER, PINPOINT",NO
1148505,2235760804,PRINCESS,1.01,H,VVS2,,VG,VG,NONE,5.38*5.38*3.96,,73.6,74,GIA,1774,INDIA,,,"CLOUD, FEATHER",NO
1901829,5232774001,PRINCESS,1.01,H,VVS2,,EX,EX,NONE,5.37*5.37*3.94,,73.4,73,GIA,1801,INDIA,,,FEATHER,NO
1368956,3525567505,PRINCESS,1.01,H,VVS2,,EX,EX,NONE,5.46*5.4*4.05,,75,76,GIA,2162,INDIA,,,FEATHER,NO
1159188,6233771958,PRINCESS,1.01,H,VVS2,,EX,EX,NONE,5.31*5.31*3.91,,73.7,72,GIA,1801,INDIA,,,"CLOUD, FEATHER",NO
1839554,6535151404,PRINCESS,1.01,H,VVS2,,VG,VG,FAINT,5.49*5.38*3.97,,73.7,74,GIA,1774,INDIA,,,PINPOINT,NO
1125499,1523551121,PRINCESS,1.00,H,VVS2,,EX,EX,NONE,5.38*5.38*3.96,,73.6,73,GIA,2140,INDIA,,,"PINPOINT, FEATHER",NO
1267665,1523911933,PRINCESS,1.00,H,VVS2,,EX,EX,NONE,5.65*5.58*3.97,,71.1,75,GIA,2140,INDIA,,,FEATHER,NO
1295575,5231805285,PRINCESS,1.00,H,VVS2,,EX,EX,NONE,5.5*5.47*3.86,,70.6,74,GIA,1729,INDIA,,,"NEEDLE, PINPOINT, FEATHER",NO
1950588,2235733425,PRINCESS,1.00,H,VVS2,,EX,VG,FAINT,5.33*5.32*3.93,,73.9,71,GIA,1756,INDIA,,,FEATHER,NO
1538198,3535749044,PRINCESS,1.00,H,VVS2,,EX,VG,NONE,5.26*5.26*3.9,,74.1,73,GIA,1756,INDIA,,,"PINPOINT, FEATHER",NO
1570364,5232760690,PRINCESS,1.10,I,VVS2,,EX,EX,FAINT,5.54*5.52*4.06,,73.6,76,GIA,1863,INDIA,,,"PINPOINT, FEATHER",NO
1103046,6521377059,PRINCESS,1.06,I,VVS2,,EX,EX,NONE,5.58*5.56*4.14,,74.4,72,GIA,2187,INDIA,,,"PINPOINT, FEATHER",NO
1869777,6522428040,PRINCESS,1.05,I,VVS2,,EX,EX,NONE,5.62*5.49*3.92,,71.4,73,GIA,2166,INDIA,,,"CLOUD, PINPOINT",NO
1565428,2527911705,PRINCESS,1.05,I,VVS2,,EX,VG,FAINT,5.6*5.54*4.09,,73.8,75,GIA,2166,INDIA,,,"FEATHER, PINPOINT",NO
1663463,1232710143,PRINCESS,1.02,I,VVS2,,EX,EX,NONE,5.4*5.35*3.95,,73.8,72,GIA,1706,INDIA,,,FEATHER,NO
1184194,5232832032,PRINCESS,1.02,I,VVS2,,EX,VG,MED,5.4*5.26*3.86,,73.4,72,GIA,1356,INDIA,,,"CLOUD, PINPOINT",NO
1316565,2235638820,PRINCESS,1.02,I,VVS2,,EX,EX,NONE,5.37*5.3*3.9,,73.6,72,GIA,2104,INDIA,,,"FEATHER, PINPOINT",NO
1476799,7522911654,PRINCESS,1.02,I,VVS2,,EX,EX,NONE,5.59*5.53*3.91,,70.7,74,GIA,2104,INDIA,,,"PINPOINT, NEEDLE",NO
1240453,6531440555,PRINCESS,1.01,I,VVS2,,EX,VG,NONE,5.46*5.46*3.96,,72.6,74,GIA,1710,INDIA,,,"FEATHER, CLOUD, PINPOINT",NO
1631183,2231597422,PRINCESS,1.01,I,VVS2,,VG,VG,NONE,5.46*5.35*3.92,,73.4,71,GIA,2084,INDIA,,,PINPOINT,NO
1697852,5232691920,PRINCESS,1.01,I,VVS2,,VG,VG,FAINT,5.37*5.26*3.88,,73.8,74,GIA,1447,INDIA,,,PINPOINT,NO
1256373,6237714201,PRINCESS,1.01,I,VVS2,,EX,VG,NONE,5.44*5.34*3.94,,73.8,75,GIA,1663,INDIA,,,"CLOUD, FEATHER",NO
1863129,2231714192,PRINCESS,1.01,I,VVS2,,EX,VG,NONE,5.32*5.31*3.92,,73.9,75,GIA,1713,INDIA,,,"PINPOINT, FEATHER",NO
1204081,2235660083,PRINCESS,1.01,I,VVS2,,EX,EX,NONE,5.44*5.33*3.94,,73.8,75,GIA,1615,INDIA,,,"NEEDLE, CLOUD, PINPOINT, FEATHER",NO
1233364,7536179130,PRINCESS,1.01,I,VVS2,,VG,VG,FAINT,5.32*5.29*3.92,,74,76,GIA,1425,INDIA,,,"NEEDLE, FEATHER",NO
1635700,2526284849,PRINCESS,1.01,I,VVS2,,EX,VG,NONE,5.42*5.34*3.93,,73.5,75,GIA,2084,INDIA,,,FEATHER,NO
1281920,2526911943,PRINCESS,1.01,I,VVS2,,EX,EX,FAINT,5.29*5.27*3.99,,75.7,75,GIA,1330,INDIA,,,"CLOUD, PINPOINT",NO
1689263,2536788511,PRINCESS,1.01,I,VVS2,,EX,EX,NONE,5.41*5.39*3.97,,73.7,74,GIA,1758,INDIA,,,"CRYSTAL, FEATHER, PINPOINT",NO
1825107,6541150452,PRINCESS,1.01,I,VVS2,,EX,EX,NONE,5.43*5.39*3.97,,73.6,73,GIA,1663,INDIA,,,"FEATHER, NATURAL",NO
1518163,1232753317,PRINCESS,1.01,I,VVS2,,EX,VG,FAINT,5.36*5.28*3.9,,73.8,72,GIA,1447,INDIA,,,NEEDLE,NO
7625754,6535536290,PRINCESS,1.01,I,VVS2,,EX,EX,NONE,5.57*5.46*4.03,,73.8,74,GIA,1734,HONG KONG,,,"CLOUD, FEATHER, PINPOINT",NO
1880160,6521737528,PRINCESS,1.01,I,VVS2,,EX,EX,NONE,5.45*5.21*3.95,,75.9,69,GIA,1354,INDIA,,,"PINPOINT, FEATHER, CLOUD",NO
1518476,6233597524,PRINCESS,1.00,I,VVS2,,EX,VG,NONE,5.48*5.4*3.99,,73.9,74,GIA,2063,INDIA,,,"NEEDLE, PINPOINT",NO
1690497,2233828932,PRINCESS,1.00,I,VVS2,,EX,EX,NONE,5.28*5.28*3.91,,74,75,GIA,1409,INDIA,,,FEATHER,NO
1848349,2235566695,PRINCESS,1.00,I,VVS2,,VG,VG,FAINT,5.34*5.33*3.94,,74,76,GIA,2063,INDIA,,,"Cloud, Feather, Pinpoint",NO
1159854,6532374080,PRINCESS,1.00,I,VVS2,,EX,VG,FAINT,5.35*5.26*3.87,,73.6,73,GIA,1432,INDIA,,,"NEEDLE, PINPOINT",NO
1246161,1232731637,PRINCESS,1.00,I,VVS2,,EX,VG,NONE,5.45*5.43*4.01,,73.8,79,GIA,1646,INDIA,,,FEATHER,NO
1380703,2231741093,PRINCESS,1.00,I,VVS2,,EX,VG,NONE,5.34*5.31*3.89,,73.3,73,GIA,1717,INDIA,,,"PINPOINT, FEATHER",NO
1388059,1537440778,PRINCESS,1.00,I,VVS2,,VG,VG,NONE,5.2*5.19*3.93,,75.8,73,GIA,1411,INDIA,,,PINPOINT,NO
1976286,7531441346,PRINCESS,1.00,I,VVS2,,EX,VG,NONE,5.22*5.17*3.92,,75.9,71,GIA,1388,INDIA,,,FEATHER,NO
1311373,6237746141,PRINCESS,1.00,I,VVS2,,EX,VG,NONE,5.21*5.2*3.96,,76,74,GIA,1435,INDIA,,,"NEEDLE, FEATHER, PINPOINT",NO
1455973,1232820883,PRINCESS,1.01,J,VVS2,,EX,VG,FAINT,5.51*5.41*3.98,,73.5,75,GIA,1161,INDIA,,,"CLOUD, PINPOINT",NO
1361473,5232832655,PRINCESS,1.01,J,VVS2,,EX,EX,FAINT,5.63*5.53*4.02,,72.6,73,GIA,1283,INDIA,,,"PINPOINT, NEEDLE",NO
7833317,1548319873,PRINCESS,1.01,J,VVS2,,EX,EX,NONE,5.55*5.51*4,,72.7,73,GIA,1425,HONG KONG,,,FEATHER,NO
7255659,6545030587,PRINCESS,1.00,J,VVS2,,EX,EX,NONE,5.49*5.33*3.94,,73.8,76,GIA,1331,HONG KONG,,,FEATHER,NO
7412009,2527431740,PRINCESS,1.00,J,VVS2,,EX,EX,NONE,5.31*5.28*3.89,,73.8,74,GIA,1452,HONG KONG,,,"FEATHER, PINPOINT",NO
1181667,1236760758,PRINCESS,1.00,J,VVS2,,EX,EX,FAINT,5.29*5.29*3.87,,73.2,73,GIA,1129,INDIA,,,"PINPOINT, FEATHER",NO
1672263,7543109061,PRINCESS,1.01,D,VS1,,EX,VG,NONE,5.44*5.33*3.93,,73.8,75,GIA,2539,INDIA,,,"CRYSTAL, CLOUD",NO
1391607,2235650872,PRINCESS,1.06,G,VS1,,EX,VG,NONE,5.61*5.54*4,,72.2,73,GIA,1859,INDIA,,,"CLOUD, PINPOINT",NO
1333805,2546150998,PRINCESS,1.06,G,VS1,,EX,EX,NONE,5.52*5.5*4.05,,73.7,74,GIA,1891,INDIA,,,"CRYSTAL, NEEDLE, PINPOINT",NO
1790791,5232739311,PRINCESS,1.03,G,VS1,,EX,EX,FAINT,5.41*5.4*3.98,,73.7,75,GIA,1807,INDIA,,,CLOUD,NO
1828075,2231714300,PRINCESS,1.03,G,VS1,,EX,EX,NONE,5.47*5.42*3.97,,73.2,74,GIA,1807,INDIA,,,"CLOUD, FEATHER, NEEDLE, PINPOINT",NO
1157059,6525536889,PRINCESS,1.03,G,VS1,,VG,EX,NONE,5.46*5.38*3.96,,73.6,74,GIA,2243,INDIA,,,"CRYSTAL, FEATHER, NEEDLE, CLOUD",NO
1797718,2536497680,PRINCESS,1.03,G,VS1,,EX,VG,NONE,5.69*5.59*4.04,,72.1,73,GIA,1807,INDIA,,,"CLOUD, FEATHER, NEEDLE, PINPOINT",NO
1730045,2536440136,PRINCESS,1.02,G,VS1,,EX,VG,NONE,5.54*5.44*4,,73.5,75,GIA,1789,INDIA,,,"CRYSTAL, PINPOINT",NO
1745744,6525506898,PRINCESS,1.02,G,VS1,,EX,EX,NONE,5.42*5.42*3.98,,73.5,74,GIA,2221,INDIA,,,"CRYSTAL, FEATHER, CLOUD, PINPOINT",NO
1153101,6535374097,PRINCESS,1.02,G,VS1,,EX,VG,NONE,5.53*5.5*3.99,,72.5,75,GIA,1789,INDIA,,,CRYSTAL,NO
1333121,2235811241,PRINCESS,1.02,G,VS1,,EX,EX,NONE,5.42*5.35*3.89,,72.7,73,GIA,1851,INDIA,,,"FEATHER, CLOUD, NEEDLE, PINPOINT",NO
1245907,6535155838,PRINCESS,1.02,G,VS1,,EX,EX,FAINT,5.47*5.35*3.95,,73.8,70,GIA,1789,INDIA,,,"CRYSTAL, FEATHER, NEEDLE",NO
1395811,6531365674,PRINCESS,1.02,G,VS1,,EX,VG,NONE,5.34*5.33*3.93,,73.8,72,GIA,1789,INDIA,,,"CLOUD, FEATHER, PINPOINT",NO
1770825,1236653462,PRINCESS,1.02,G,VS1,,EX,VG,NONE,5.37*5.35*3.96,,74,72,GIA,1789,INDIA,,,"CLOUD, NEEDLE",NO
1478553,1236760810,PRINCESS,1.02,G,VS1,,EX,VG,NONE,5.51*5.5*4.06,,73.9,75,GIA,1820,INDIA,,,"CRYSTAL, CLOUD, NEEDLE",NO
1934918,5231635183,PRINCESS,1.01,G,VS1,,EX,VG,NONE,5.37*5.36*3.95,,73.7,75,GIA,2199,INDIA,,,"CRYSTAL, CLOUD, NEEDLE",NO
1161430,2538440275,PRINCESS,1.01,G,VS1,,EX,EX,NONE,5.35*5.24*3.87,,73.9,71,GIA,1771,INDIA,,,"CRYSTAL, PINPOINT, NEEDLE",NO
1650896,2537374501,PRINCESS,1.01,G,VS1,,EX,EX,FAINT,5.31*5.31*3.92,,73.8,72,GIA,1771,INDIA,,,"CRYSTAL, FEATHER, CLOUD, NEEDLE, PINPOINT",NO
1648976,6233802907,PRINCESS,1.01,G,VS1,,EX,VG,NONE,5.5*5.44*3.91,,71.9,73,GIA,1802,INDIA,,,"CRYSTAL, FEATHER, PINPOINT",NO
1141387,5536365725,PRINCESS,1.01,G,VS1,,EX,VG,NONE,5.53*5.4*3.97,,73.6,74,GIA,1771,INDIA,,,"CRYSTAL, FEATHER, NEEDLE",NO
1152043,5533375098,PRINCESS,1.01,G,VS1,,EX,VG,NONE,5.46*5.45*4,,73.3,75,GIA,1771,INDIA,,,"CRYSTAL, NEEDLE",NO
1770993,1236620614,PRINCESS,1.01,G,VS1,,EX,EX,NONE,5.67*5.55*3.87,,69.8,72,GIA,2199,INDIA,,,"FEATHER, PINPOINT",NO
1408691,1236804450,PRINCESS,1.01,G,VS1,,EX,EX,NONE,5.47*5.46*4.01,,73.4,76,GIA,1833,INDIA,,,"CLOUD, CRYSTAL, FEATHER, NEEDLE",NO
1529332,5526911403,PRINCESS,1.01,G,VS1,,EX,VG,NONE,5.32*5.3*4.02,,75.8,72,GIA,2199,INDIA,,,"CRYSTAL, FEATHER, NEEDLE",NO
1687113,6525536622,PRINCESS,1.01,G,VS1,,EX,EX,NONE,5.4*5.32*3.93,,73.8,70,GIA,2199,INDIA,,,"CLOUD, CRYSTAL, FEATHER, NEEDLE",NO
1497205,2235775610,PRINCESS,1.01,G,VS1,,EX,EX,NONE,5.4*5.34*3.94,,73.7,71,GIA,1802,INDIA,,,"CLOUD, NEEDLE",NO
1354022,5232833912,PRINCESS,1.01,G,VS1,,EX,VG,FAINT,5.59*5.58*3.98,,71.4,75,GIA,1923,INDIA,,,"CRYSTAL, CLOUD, PINPOINT",NO
1219038,6522936721,PRINCESS,1.01,G,VS1,,EX,VG,NONE,5.65*5.53*4,,72.3,74,GIA,1729,INDIA,,,FEATHER,NO
1529571,1236745946,PRINCESS,1.01,G,VS1,,EX,EX,NONE,5.44*5.39*3.9,,72.4,74,GIA,1771,INDIA,,,"CRYSTAL, NEEDLE, PINPOINT",NO
1789385,5231710073,PRINCESS,1.01,G,VS1,,VG,EX,FAINT,5.35*5.28*3.87,,73.4,74,GIA,1680,INDIA,,,"CRYSTAL, CLOUD, PINPOINT",NO
1848564,7536160593,PRINCESS,1.01,G,VS1,,EX,VG,NONE,5.43*5.43*4.01,,73.7,69,GIA,1771,INDIA,,,"NEEDLE, PINPOINT",NO
1607521,5533441287,PRINCESS,1.01,G,VS1,,VG,VG,NONE,5.43*5.41*3.98,,73.5,73,GIA,1771,INDIA,,,"CRYSTAL, PINPOINT",NO
1189810,2235775611,PRINCESS,1.01,G,VS1,,EX,EX,NONE,5.45*5.44*3.9,,71.7,73,GIA,1771,INDIA,,,"FEATHER, CLOUD, PINPOINT",NO
1965605,2536563725,PRINCESS,1.01,G,VS1,,EX,VG,NONE,5.31*5.3*3.91,,73.8,73,GIA,1771,INDIA,,,"CRYSTAL, FEATHER, PINPOINT, NATURAL",NO
1828150,7548430392,PRINCESS,1.01,G,VS1,,EX,EX,NONE,5.38*5.37*3.93,,73.1,75,GIA,1892,INDIA,,,"CRYSTAL, NEEDLE, PINPOINT",NO
1681747,2526737578,PRINCESS,1.01,G,VS1,,EX,VG,FAINT,5.57*5.54*4.06,,73.2,75,GIA,2199,INDIA,,,"CRYSTAL, CLOUD, NEEDLE",NO
1814896,7533112970,PRINCESS,1.00,G,VS1,,EX,VG,NONE,5.36*5.34*3.94,,73.8,75,GIA,1754,INDIA,,,"CLOUD, PINPOINT",NO
1328794,1236834241,PRINCESS,1.00,G,VS1,,EX,EX,FAINT,5.28*5.28*3.9,,73.9,75,GIA,1762,INDIA,,,"CRYSTAL, NEEDLE",NO
1532975,6532063170,PRINCESS,1.00,G,VS1,,EX,VG,FAINT,5.56*5.53*3.96,,71.6,75,GIA,1754,INDIA,,,"CRYSTAL, FEATHER, CLOUD, NEEDLE, PINPOINT",NO
1784324,1535440607,PRINCESS,1.00,G,VS1,,VG,VG,NONE,5.58*5.5*4.04,,73.5,76,GIA,1633,INDIA,,,"CRYSTAL, CLOUD, FEATHER, NEEDLE",NO
1201792,1232775781,PRINCESS,1.00,G,VS1,,EX,VG,NONE,5.36*5.29*3.9,,73.9,73,GIA,1814,INDIA,,,"FEATHER, CLOUD",NO
1666776,2235594804,PRINCESS,1.00,G,VS1,,EX,EX,NONE,5.43*5.32*3.92,,73.8,75,GIA,1754,INDIA,,,"CLOUD, FEATHER, NEEDLE",NO
1256668,6542158398,PRINCESS,1.06,H,VS1,,EX,VG,NONE,5.55*5.5*4,,72.7,74,GIA,1884,INDIA,,,"CRYSTAL, CLOUD, FEATHER",NO
1513872,2231794754,PRINCESS,1.06,H,VS1,,EX,EX,NONE,5.55*5.54*3.95,,71.4,72,GIA,1829,INDIA,,,"CRYSTAL, FEATHER, PINPOINT",NO
1259840,2235595772,PRINCESS,1.06,H,VS1,,EX,EX,NONE,5.53*5.46*3.99,,73,73,GIA,2239,INDIA,,,"CLOUD, NEEDLE",NO
1111468,2235751438,PRINCESS,1.05,H,VS1,,EX,VG,NONE,5.49*5.44*4.02,,73.8,71,GIA,1839,INDIA,,,"CLOUD, NEEDLE",NO
1789917,2537440708,PRINCESS,1.04,H,VS1,,EX,VG,NONE,5.57*5.45*3.98,,73.1,74,GIA,1795,INDIA,,,"CRYSTAL, CLOUD, NEEDLE",NO
1377932,5231653475,PRINCESS,1.03,H,VS1,,EX,VG,NONE,5.65*5.61*4.11,,73.3,75,GIA,1778,INDIA,,,FEATHER,NO
1274859,1538558771,PRINCESS,1.03,H,VS1,,EX,EX,NONE,5.49*5.45*4.02,,73.7,75,GIA,1789,INDIA,,,"CRYSTAL, PINPOINT",NO
1328868,1523506773,PRINCESS,1.03,H,VS1,,EX,EX,NONE,5.49*5.47*4.03,,73.7,78,GIA,2070,INDIA,,,"CRYSTAL, NEEDLE",NO
1365731,1232804343,PRINCESS,1.03,H,VS1,,EX,VG,NONE,5.42*5.42*3.99,,73.6,73,GIA,1725,INDIA,,,"CRYSTAL, FEATHER",NO
1100324,1232655464,PRINCESS,1.03,H,VS1,,EX,EX,NONE,5.37*5.36*3.96,,73.9,74,GIA,1778,INDIA,,,"CRYSTAL, PINPOINT, NEEDLE",NO
1949074,2235805207,PRINCESS,1.02,H,VS1,,EX,EX,NONE,5.43*5.41*3.99,,73.8,74,GIA,1787,INDIA,,,"CRYSTAL, CLOUD, FEATHER, NEEDLE",NO
1417823,1523428191,PRINCESS,1.02,H,VS1,,EX,EX,NONE,5.64*5.62*3.93,,69.9,71,GIA,2155,INDIA,,,"CLOUD, FEATHER, NEEDLE",NO
1946409,2231714304,PRINCESS,1.02,H,VS1,,EX,EX,NONE,5.33*5.32*3.9,,73.3,74,GIA,1760,INDIA,,,"FEATHER, PINPOINT, CLOUD",NO
1448071,6532496696,PRINCESS,1.02,H,VS1,,EX,EX,NONE,5.4*5.33*3.92,,73.5,73,GIA,1760,INDIA,,,"CLOUD, FEATHER, PINPOINT",NO
1214172,2235658708,PRINCESS,1.02,H,VS1,,EX,EX,FAINT,5.43*5.4*3.99,,73.9,73,GIA,1760,INDIA,,,CRYSTAL,NO
1439491,6532123048,PRINCESS,1.02,H,VS1,,EX,EX,NONE,5.37*5.33*3.93,,73.7,72,GIA,1509,INDIA,,,"CRYSTAL, PINPOINT",NO
1176243,6531750602,PRINCESS,1.02,H,VS1,,EX,EX,NONE,5.38*5.37*3.95,,73.5,71,GIA,1772,INDIA,,,"CRYSTAL, NEEDLE, PINPOINT",NO
1113841,2527911914,PRINCESS,1.02,H,VS1,,EX,EX,NONE,5.48*5.38*4.04,,75.1,74,GIA,2155,INDIA,,,"CLOUD, NEEDLE",NO
1167146,2536496576,PRINCESS,1.02,H,VS1,,EX,EX,NONE,5.4*5.33*3.94,,73.9,73,GIA,1760,INDIA,,,"CLOUD, PINPOINT",NO
1142212,2235650932,PRINCESS,1.02,H,VS1,,EX,EX,NONE,5.5*5.4*3.99,,73.9,73,GIA,1760,INDIA,,,"CRYSTAL, PINPOINT",NO
1900718,6525778877,PRINCESS,1.02,H,VS1,,EX,EX,FAINT,5.61*5.58*3.99,,71.6,72,GIA,2155,INDIA,,,"CRYSTAL, PINPOINT",NO
1171700,6237655471,PRINCESS,1.01,H,VS1,,VG,VG,NONE,5.63*5.53*4.07,,73.6,75,GIA,1743,INDIA,,,"FEATHER, PINPOINT, CLOUD",NO
1747899,1523507472,PRINCESS,1.01,H,VS1,,VG,VG,NONE,5.54*5.49*4.04,,73.6,77,GIA,2133,INDIA,,,"FEATHER, NEEDLE, PINPOINT",NO
1438491,1232794676,PRINCESS,1.01,H,VS1,,EX,EX,NONE,5.46*5.41*3.97,,73.4,73,GIA,1821,INDIA,,,"FEATHER, PINPOINT",NO
7947656,1533464551,PRINCESS,1.01,H,VS1,,EX,VG,NONE,5.58*5.4*4.09,,75.7,78,GIA,1665,HONG KONG,,,"CRYSTAL, FEATHER, CLOUD, NEEDLE",NO
1517469,1539373833,PRINCESS,1.01,H,VS1,,EX,EX,NONE,5.38*5.37*3.95,,73.5,74,GIA,1743,INDIA,,,"FEATHER, NEEDLE, PINPOINT",NO
1190272,2235760701,PRINCESS,1.01,H,VS1,,VG,VG,NONE,5.42*5.33*3.92,,73.6,74,GIA,1781,INDIA,,,"FEATHER, CLOUD, NEEDLE, PINPOINT",NO
1361798,5231746082,PRINCESS,1.01,H,VS1,,VG,VG,NONE,5.35*5.25*3.88,,73.9,73,GIA,1717,INDIA,,,"CRYSTAL, FEATHER",NO
1382931,2231745945,PRINCESS,1.01,H,VS1,,EX,VG,NONE,5.36*5.36*3.97,,74,75,GIA,1717,INDIA,,,"CRYSTAL, FEATHER, NEEDLE",NO
1922341,2536497759,PRINCESS,1.01,H,VS1,,EX,EX,NONE,5.4*5.4*3.97,,73.6,74,GIA,1743,INDIA,,,"CRYSTAL, FEATHER, PINPOINT",NO
1302673,7523460604,PRINCESS,1.01,H,VS1,,EX,VG,NONE,5.34*5.32*3.93,,73.8,71,GIA,2133,INDIA,,,"NEEDLE, FEATHER, CLOUD",NO
1627293,2526506912,PRINCESS,1.01,H,VS1,,EX,EX,NONE,5.62*5.45*4.05,,74.3,76,GIA,2133,INDIA,,,FEATHER,NO
1964523,1232804474,PRINCESS,1.01,H,VS1,,EX,VG,NONE,5.64*5.6*4.02,,71.8,74,GIA,1743,INDIA,,,"CLOUD, FEATHER, NEEDLE, PINPOINT",NO
1559654,6532563373,PRINCESS,1.01,H,VS1,,EX,VG,NONE,5.43*5.32*3.91,,73.6,75,GIA,1743,INDIA,,,"FEATHER, CLOUD, PINPOINT",NO
1314508,2231653344,PRINCESS,1.01,H,VS1,,EX,EX,NONE,5.31*5.3*3.91,,73.7,73,GIA,1665,INDIA,,,"FEATHER, CLOUD, NEEDLE",NO
1755489,7538150955,PRINCESS,1.01,H,VS1,,EX,VG,NONE,5.52*5.47*3.97,,72.6,75,GIA,1743,INDIA,,,"CRYSTAL, FEATHER, PINPOINT",NO
1755418,1232775671,PRINCESS,1.01,H,VS1,,EX,VG,NONE,5.38*5.36*3.96,,73.8,72,GIA,1691,INDIA,,,"CLOUD, CRYSTAL, FEATHER, NEEDLE",NO
1304939,1533558714,PRINCESS,1.01,H,VS1,,EX,EX,NONE,5.33*5.3*3.91,,73.9,73,GIA,1755,INDIA,,,CLOUD,NO
1306178,2235763414,PRINCESS,1.01,H,VS1,,EX,VG,FAINT,5.4*5.37*3.97,,73.9,75,GIA,1795,INDIA,,,"CRYSTAL, FEATHER, NEEDLE",NO
1568042,6531373967,PRINCESS,1.01,H,VS1,,VG,VG,NONE,5.37*5.36*3.96,,73.8,75,GIA,1743,INDIA,,,"CRYSTAL, FEATHER, NEEDLE",NO
1322603,5231641238,PRINCESS,1.01,H,VS1,,EX,EX,NONE,5.51*5.5*4.06,,73.8,75,GIA,2133,INDIA,,,"CRYSTAL, FEATHER, NEEDLE",NO
1737709,2233760724,PRINCESS,1.01,H,VS1,,EX,EX,FAINT,5.35*5.33*3.92,,73.6,72,GIA,1769,INDIA,,,"CLOUD, CRYSTAL, NEEDLE",NO
1283314,7523597237,PRINCESS,1.01,H,VS1,,EX,EX,NONE,5.61*5.53*4.07,,73.5,75,GIA,2133,INDIA,,,"FEATHER, PINPOINT",NO
1109051,3535558797,PRINCESS,1.01,H,VS1,,EX,EX,NONE,5.58*5.48*4.03,,73.5,75,GIA,1743,INDIA,,,"FEATHER, NEEDLE, PINPOINT",NO
1441358,6522597365,PRINCESS,1.01,H,VS1,,VG,VG,NONE,5.42*5.42*3.99,,73.5,75,GIA,2133,INDIA,,,"CLOUD, CRYSTAL, FEATHER",NO
1137150,2235751417,PRINCESS,1.01,H,VS1,,EX,EX,NONE,5.36*5.35*3.95,,73.9,74,GIA,1781,INDIA,,,CLOUD,NO
1759510,2527911648,PRINCESS,1.01,H,VS1,,EX,EX,NONE,5.34*5.32*3.91,,73.6,73,GIA,2133,INDIA,,,"CRYSTAL, CLOUD, NEEDLE",NO
1736684,2536374223,PRINCESS,1.01,H,VS1,,EX,VG,NONE,5.36*5.33*3.93,,73.9,74,GIA,1743,INDIA,,,"CRYSTAL, FEATHER, CLOUD, NEEDLE",NO
1212732,5232731475,PRINCESS,1.01,H,VS1,,EX,EX,NONE,5.33*5.32*3.91,,73.4,71,GIA,1743,INDIA,,,"CLOUD, CRYSTAL, NEEDLE",NO
1530694,1232739309,PRINCESS,1.00,H,VS1,,EX,EX,NONE,5.68*5.55*3.99,,71.9,75,GIA,1737,INDIA,,,"FEATHER, CLOUD, PINPOINT",NO
1676308,6233841392,PRINCESS,1.00,H,VS1,,EX,VG,NONE,5.3*5.26*3.99,,75.7,75,GIA,1710,INDIA,,,"CRYSTAL, CLOUD, NEEDLE",NO
1114592,2233775766,PRINCESS,1.00,H,VS1,,VG,VG,NONE,5.31*5.12*3.88,,75.7,75,GIA,1430,INDIA,,,"CRYSTAL, FEATHER, NEEDLE",NO
1928701,2235765160,PRINCESS,1.00,H,VS1,,EX,EX,FAINT,5.3*5.27*3.99,,75.7,68,GIA,1404,INDIA,,,"FEATHER, NEEDLE",NO
1194558,6531156204,PRINCESS,1.00,H,VS1,,EX,EX,NONE,5.54*5.37*4.02,,74.8,75,GIA,1546,INDIA,,,"CRYSTAL, FEATHER, NEEDLE",NO
1791430,1232733474,PRINCESS,1.00,H,VS1,,EX,EX,NONE,5.53*5.43*4.02,,74.1,76,GIA,1597,INDIA,,,FEATHER,NO
1167292,1539123956,PRINCESS,1.00,H,VS1,,EX,EX,NONE,5.32*5.31*3.93,,73.9,73,GIA,1726,INDIA,,,"CLOUD, CRYSTAL, NEEDLE, PINPOINT",NO
1215859,2528911656,PRINCESS,1.00,H,VS1,,EX,VG,FAINT,5.6*5.52*4.03,,72.9,76,GIA,2112,INDIA,,,"CRYSTAL, FEATHER, CLOUD, PINPOINT",NO
1325166,2526550919,PRINCESS,1.00,H,VS1,,EX,EX,NONE,5.53*5.46*4.05,,74.2,72,GIA,2112,INDIA,,,"CLOUD, FEATHER, PINPOINT",NO
1101196,2235656888,PRINCESS,1.00,H,VS1,,EX,EX,NONE,5.44*5.31*3.99,,75.1,75,GIA,1546,INDIA,,,"CRYSTAL, CLOUD, FEATHER, PINPOINT",NO
1635466,2233773694,PRINCESS,1.00,H,VS1,,EX,EX,NONE,5.36*5.33*3.94,,74,70,GIA,1752,INDIA,,,FEATHER,NO
1510190,6535156039,PRINCESS,1.00,H,VS1,,EX,VG,FAINT,5.5*5.35*4.05,,75.8,79,GIA,1402,INDIA,,,"FEATHER, PINPOINT",NO
1773120,3525288114,PRINCESS,1.00,H,VS1,,VG,VG,NONE,5.43*5.37*3.96,,73.8,77,GIA,2112,INDIA,,,"Feather, Pinpoint",NO
1207983,2235750834,PRINCESS,1.00,H,VS1,,EX,EX,NONE,5.49*5.47*3.93,,71.8,73,GIA,1763,INDIA,,,"CLOUD, CRYSTAL, FEATHER, NEEDLE",NO
1410715,6535440139,PRINCESS,1.08,I,VS1,,EX,EX,NONE,5.64*5.6*4.08,,72.8,74,GIA,1698,INDIA,,,"CRYSTAL, NEEDLE",NO
7613987,1473172150,PRINCESS,1.08,I,VS1,,EX,EX,NONE,5.54*5.43*4.02,,74,66,GIA,2028,INDIA,,,"Crystal, Feather, Pinpoint",NO
1692351,2536375118,PRINCESS,1.06,I,VS1,,EX,VG,NONE,5.67*5.66*4.04,,71.4,75,GIA,1803,INDIA,,,"CRYSTAL, NEEDLE",NO
1611970,2235708264,PRINCESS,1.06,I,VS1,,EX,EX,NONE,5.74*5.67*4.02,,70.8,73,GIA,1806,INDIA,,,FEATHER,NO
1398754,6541158420,PRINCESS,1.05,I,VS1,,EX,EX,FAINT,5.55*5.45*4.03,,73.9,71,GIA,1697,INDIA,,,"CRYSTAL, FEATHER, CLOUD, PINPOINT",NO
1302304,5231773562,PRINCESS,1.05,I,VS1,,VG,VG,NONE,5.54*5.4*4,,74.1,71,GIA,1766,INDIA,,,"CRYSTAL, PINPOINT",NO
1737428,6532289646,PRINCESS,1.05,I,VS1,,EX,EX,FAINT,5.61*5.57*4.01,,72,73,GIA,1789,INDIA,,,"CRYSTAL, FEATHER, PINPOINT",NO
7682589,3525747908,PRINCESS,1.05,I,VS1,,EX,EX,NONE,5.57*5.55*4,,72,72,GIA,1651,HONG KONG,,,"CRYSTAL, PINPOINT",NO
1390196,6535156009,PRINCESS,1.04,I,VS1,,EX,EX,NONE,5.46*5.37*3.95,,73.6,69,GIA,1792,INDIA,,,"CLOUD, CRYSTAL, FEATHER, PINPOINT",NO
1434600,1236731479,PRINCESS,1.04,I,VS1,,EX,EX,NONE,5.38*5.35*3.92,,73.4,73,GIA,1772,INDIA,,,"CLOUD, CRYSTAL, FEATHER, NEEDLE",NO
1501025,2547158642,PRINCESS,1.03,I,VS1,,EX,VG,NONE,5.53*5.43*4,,73.6,74,GIA,1687,INDIA,,,"FEATHER, PINPOINT",NO
1272112,5232753305,PRINCESS,1.03,I,VS1,,EX,EX,NONE,5.44*5.33*3.94,,73.8,75,GIA,1806,INDIA,,,"CRYSTAL, CLOUD, FEATHER, NEEDLE",NO
1554115,5232619077,PRINCESS,1.03,I,VS1,,EX,EX,NONE,5.54*5.52*3.92,,71.1,70,GIA,1575,INDIA,,,"CRYSTAL, CLOUD, NEEDLE",NO
1589277,7532151203,PRINCESS,1.03,I,VS1,,EX,VG,FAINT,5.64*5.58*3.94,,70.5,73,GIA,1755,INDIA,,,"CLOUD, CRYSTAL, PINPOINT",NO
1750929,7536151274,PRINCESS,1.02,I,VS1,,EX,EX,NONE,5.32*5.32*3.92,,73.7,70,GIA,1757,INDIA,,,"CRYSTAL, FEATHER, PINPOINT",NO
1708210,5232638389,PRINCESS,1.02,I,VS1,,EX,VG,FAINT,5.43*5.34*3.94,,73.8,73,GIA,1916,INDIA,,,"NEEDLE, PINPOINT",NO
1928822,2231841537,PRINCESS,1.02,I,VS1,,EX,EX,NONE,5.39*5.29*3.9,,73.7,72,GIA,1714,INDIA,,,"CLOUD, PINPOINT",NO
1121283,2233751439,PRINCESS,1.02,I,VS1,,EX,VG,NONE,5.35*5.35*3.93,,73.6,74,GIA,1738,INDIA,,,"CRYSTAL, NEEDLE, FEATHER, PINPOINT",NO
1447774,2517770153,PRINCESS,1.02,I,VS1,,EX,EX,NONE,5.39*5.34*3.93,,73.5,72,GIA,1916,INDIA,,,"Crystal, Feather, Cloud, Needle",NO
1303978,5533151353,PRINCESS,1.01,I,VS1,,EX,VG,FAINT,5.38*5.31*3.92,,73.9,74,GIA,1740,INDIA,,,"CRYSTAL, NEEDLE",NO
1739984,2235720407,PRINCESS,1.01,I,VS1,,EX,EX,NONE,5.42*5.31*3.85,,72.6,71,GIA,1721,INDIA,,,"CRYSTAL, CLOUD, NEEDLE",NO
1851763,5232763395,PRINCESS,1.01,I,VS1,,EX,EX,NONE,5.46*5.34*3.95,,73.9,74,GIA,1721,INDIA,,,"CLOUD, CRYSTAL, NEEDLE, PINPOINT",NO
1767862,1236773571,PRINCESS,1.01,I,VS1,,EX,EX,FAINT,5.39*5.29*3.9,,73.7,70,GIA,1448,INDIA,,,"CLOUD, NEEDLE, PINPOINT",NO
1376045,7532439944,PRINCESS,1.01,I,VS1,,EX,VG,NONE,5.45*5.35*3.95,,73.8,74,GIA,1718,INDIA,,,"CLOUD, FEATHER, NEEDLE",NO
1431137,2233773538,PRINCESS,1.01,I,VS1,,EX,VG,NONE,5.24*5.23*3.96,,75.6,71,GIA,1426,INDIA,,,"CLOUD, CRYSTAL, FEATHER, NEEDLE",NO
1653795,6531559084,PRINCESS,1.01,I,VS1,,EX,EX,NONE,5.28*5.1*3.96,,77.6,70,GIA,1370,INDIA,,,"FEATHER, CLOUD, PINPOINT",NO
1905708,1232720601,PRINCESS,1.01,I,VS1,,EX,VG,NONE,5.26*5.21*3.95,,75.7,70,GIA,1451,INDIA,,,"CRYSTAL, FEATHER, PINPOINT, CLOUD",NO
1957424,2536441274,PRINCESS,1.01,I,VS1,,EX,EX,NONE,5.43*5.2*3.93,,75.7,75,GIA,1301,INDIA,,,"CRYSTAL, FEATHER, NEEDLE",NO
1446515,6532178780,PRINCESS,1.01,I,VS1,,EX,EX,NONE,5.41*5.36*3.96,,73.9,75,GIA,1721,INDIA,,,"FEATHER, NEEDLE, PINPOINT",NO
1393961,2235821045,PRINCESS,1.01,I,VS1,,EX,EX,NONE,5.28*5.26*3.98,,75.7,71,GIA,1426,INDIA,,,FEATHER,NO
1752217,2235638386,PRINCESS,1.01,I,VS1,,VG,VG,NONE,5.56*5.51*4.07,,73.8,74,GIA,1897,INDIA,,,"CRYSTAL, PINPOINT",NO
1437227,2527911924,PRINCESS,1.01,I,VS1,,EX,VG,NONE,5.42*5.38*3.85,,71.7,72,GIA,1897,INDIA,,,"CRYSTAL, NEEDLE",NO
1781685,2536563361,PRINCESS,1.01,I,VS1,,EX,EX,FAINT,5.35*5.32*4.02,,75.6,75,GIA,1699,INDIA,,,"CLOUD, CRYSTAL",NO
1562307,2231628502,PRINCESS,1.01,I,VS1,,VG,VG,MED,5.44*5.37*3.97,,73.9,76,GIA,1809,INDIA,,,"CRYSTAL, FEATHER, NEEDLE, PINPOINT",NO
1233019,2235820879,PRINCESS,1.01,I,VS1,,EX,EX,FAINT,5.33*5.27*3.9,,74,73,GIA,1448,INDIA,,,"CRYSTAL, FEATHER, CLOUD, NEEDLE",NO
1872300,2534441366,PRINCESS,1.01,I,VS1,,EX,VG,FAINT,5.4*5.38*4.07,,75.7,75,GIA,1652,INDIA,,,"CRYSTAL, FEATHER, NEEDLE",NO
1890823,1538374547,PRINCESS,1.01,I,VS1,,EX,VG,NONE,5.33*5.31*3.93,,74,71,GIA,1718,INDIA,,,"CLOUD, CRYSTAL, FEATHER, NEEDLE",NO
1687035,1539497784,PRINCESS,1.01,I,VS1,,EX,EX,NONE,5.36*5.36*3.95,,73.7,71,GIA,1721,INDIA,,,"CRYSTAL, NEEDLE",NO
1668830,2527586371,PRINCESS,1.01,I,VS1,,EX,VG,NONE,5.71*5.63*4.04,,71.9,74,GIA,1897,INDIA,,,"CRYSTAL, FEATHER, NEEDLE",NO
1255548,6237720428,PRINCESS,1.01,I,VS1,,EX,EX,NONE,5.32*5.3*3.91,,73.8,75,GIA,1718,INDIA,,,"CRYSTAL, NEEDLE, FEATHER",NO
1655039,6237635154,PRINCESS,1.01,I,VS1,,EX,VG,FAINT,5.68*5.55*3.89,,70.2,76,GIA,1897,INDIA,,,"CRYSTAL, FEATHER, PINPOINT, CLOUD",NO
1410074,6233746009,PRINCESS,1.01,I,VS1,,VG,VG,NONE,5.41*5.4*3.97,,73.6,75,GIA,1721,INDIA,,,"CRYSTAL, CLOUD, NEEDLE",NO
1299857,1533497258,PRINCESS,1.01,I,VS1,,EX,EX,NONE,5.26*5.25*3.96,,75.5,69,GIA,1639,INDIA,,,"CLOUD, FEATHER, PINPOINT",NO
1567517,1527536836,PRINCESS,1.01,I,VS1,,EX,EX,NONE,5.42*5.34*3.94,,73.7,74,GIA,1897,INDIA,,,"CLOUD, FEATHER, NEEDLE",NO
1858467,2235691909,PRINCESS,1.00,I,VS1,,EX,VG,NONE,5.36*5.33*3.93,,73.7,74,GIA,1704,INDIA,,,"CRYSTAL, CLOUD, PINPOINT",NO
1262451,2235733384,PRINCESS,1.00,I,VS1,,EX,EX,FAINT,5.27*5.27*3.89,,73.9,70,GIA,1434,INDIA,,,"CRYSTAL, FEATHER, NEEDLE, PINPOINT",NO
1459718,1236733424,PRINCESS,1.00,I,VS1,,VG,VG,NONE,5.35*5.34*3.95,,74,76,GIA,1704,INDIA,,,"CRYSTAL, NEEDLE, PINPOINT",NO
1579803,5232619099,PRINCESS,1.00,I,VS1,,EX,VG,FAINT,5.33*5.32*3.93,,73.8,73,GIA,1878,INDIA,,,FEATHER,NO
1124947,1232741117,PRINCESS,1.00,I,VS1,,EX,VG,NONE,5.35*5.16*3.91,,75.7,73,GIA,1412,INDIA,,,"CLOUD, NEEDLE",NO
1274519,2235636825,PRINCESS,1.00,I,VS1,,EX,EX,NONE,5.43*5.39*3.96,,73.5,70,GIA,1878,INDIA,,,"CRYSTAL, NEEDLE, PINPOINT",NO
1820218,6535151453,PRINCESS,1.00,I,VS1,,EX,VG,NONE,5.42*5.36*3.94,,73.6,75,GIA,1723,INDIA,,,"CRYSTAL, NEEDLE",NO
1969989,5231597512,PRINCESS,1.00,I,VS1,,EX,VG,NONE,5.79*5.57*4.01,,71.9,77,GIA,1878,INDIA,,,"FEATHER, PINPOINT",NO
1345117,2235710052,PRINCESS,1.00,I,VS1,,EX,EX,NONE,5.3*5.14*3.94,,76.5,72,GIA,1437,INDIA,,,"CRYSTAL, FEATHER, NEEDLE",NO
1898206,2235673590,PRINCESS,1.00,I,VS1,,VG,GD,FAINT,5.27*5.23*3.99,,76.3,80,GIA,1181,INDIA,,,"FEATHER, INDENTED NATURAL, PINPOINT",NO
1266539,6522785622,PRINCESS,1.00,I,VS1,,EX,VG,NONE,5.64*5.56*3.99,,71.8,75,GIA,1878,INDIA,,,"CRYSTAL, FEATHER, PINPOINT",NO
1714189,6531211057,PRINCESS,1.00,I,VS1,,VG,VG,NONE,5.46*5.4*3.98,,73.7,75,GIA,1704,INDIA,,,"CRYSTAL, NEEDLE, CLOUD",NO
1353266,5536749217,PRINCESS,1.00,I,VS1,,EX,EX,NONE,5.34*5.34*3.93,,73.6,72,GIA,1704,INDIA,,,FEATHER,NO
7715251,3515897435,PRINCESS,1.00,I,VS1,,EX,VG,NONE,5.41*5.41*3.98,,73.4,75,GIA,1572,HONG KONG,,,"Crystal, Pinpoint, Needle",NO
1151426,1232622450,PRINCESS,1.00,I,VS1,,EX,EX,NONE,5.49*5.41*3.99,,73.8,74,GIA,1878,INDIA,,,"CLOUD, FEATHER, PINPOINT",NO
1701423,2537155418,PRINCESS,1.00,I,VS1,,EX,EX,NONE,5.37*5.32*3.94,,74.1,70,GIA,1704,INDIA,,,"FEATHER, PINPOINT",NO
1269601,6521102158,PRINCESS,1.00,I,VS1,,EX,EX,NONE,5.4*5.33*3.92,,73.5,74,GIA,1878,INDIA,,,"Feather, Cloud",NO
7809615,6522287007,PRINCESS,1.01,J,VS1,,EX,EX,NONE,5.35*5.34*3.91,,73.2,74,GIA,1385,HONG KONG,,,CRYSTAL,NO
7077073,6522289208,PRINCESS,1.01,J,VS1,,EX,EX,NONE,5.29*5.26*3.86,,73.4,72,GIA,1385,HONG KONG,,,"CRYSTAL, FEATHER, PINPOINT",NO
1618685,2235594775,PRINCESS,1.03,E,VS2,,EX,EX,NONE,5.44*5.39*3.97,,73.6,72,GIA,1775,INDIA,,,"CLOUD, CRYSTAL, FEATHER, NEEDLE",NO
1314125,2235751183,PRINCESS,1.01,E,VS2,,VG,VG,NONE,5.33*5.3*3.91,,73.8,75,GIA,1771,INDIA,,,"CRYSTAL, NEEDLE",NO
1280685,2235827871,PRINCESS,1.01,E,VS2,,EX,EX,NONE,5.67*5.59*3.97,,71.1,73,GIA,1863,INDIA,,,"FEATHER, CRYSTAL, NEEDLE, PINPOINT, NATURAL",NO
1901470,2235649584,PRINCESS,1.01,E,VS2,,EX,VG,NONE,5.45*5.35*3.95,,73.7,75,GIA,1680,INDIA,,,"CRYSTAL, CLOUD, FEATHER",NO
1252455,5232841411,PRINCESS,1.00,E,VS2,,EX,EX,NONE,5.51*5.4*3.86,,71.4,74,GIA,1904,INDIA,,,"FEATHER, CRYSTAL, NEEDLE",NO
1113019,5232834176,PRINCESS,1.03,F,VS2,,VG,EX,NONE,5.41*5.36*3.92,,73.2,71,GIA,1961,INDIA,,,"CRYSTAL, CLOUD, PINPOINT",NO
1433889,5231586849,PRINCESS,1.03,F,VS2,,EX,EX,NONE,5.45*5.42*4,,73.7,71,GIA,1736,INDIA,,,"Cloud, Crystal",NO
1455454,5536403117,PRINCESS,1.03,F,VS2,,EX,EX,FAINT,5.45*5.44*3.91,,71.8,74,GIA,1677,INDIA,,,"CRYSTAL, NEEDLE",NO
1239084,6531184551,PRINCESS,1.01,F,VS2,,EX,VG,NONE,5.51*5.41*3.99,,73.7,74,GIA,1644,INDIA,,,"CRYSTAL, NEEDLE",NO
1364293,5232827879,PRINCESS,1.01,F,VS2,,EX,VG,NONE,5.35*5.32*3.91,,73.6,74,GIA,1893,INDIA,,,"CRYSTAL, FEATHER, NEEDLE, PINPOINT",NO
1646196,7533440373,PRINCESS,1.01,F,VS2,,EX,VG,FAINT,5.56*5.55*4.05,,73,76,GIA,1558,INDIA,,,"FEATHER, CRYSTAL, NEEDLE",NO
1142414,7528911418,PRINCESS,1.01,F,VS2,,EX,EX,FAINT,5.39*5.36*3.96,,73.7,73,GIA,1702,INDIA,,,"CRYSTAL, NEEDLE",NO
1896331,6521437590,PRINCESS,1.01,F,VS2,,EX,VG,FAINT,5.45*5.36*3.95,,73.7,76,GIA,2077,INDIA,,,"CLOUD, CRYSTAL, FEATHER, NEEDLE",NO
1886463,2537551006,PRINCESS,1.01,F,VS2,,EX,VG,FAINT,5.53*5.51*3.99,,72.4,74,GIA,1644,INDIA,,,"FEATHER, CRYSTAL, NEEDLE",NO
1393248,2235794824,PRINCESS,1.00,F,VS2,,EX,VG,NONE,5.29*5.28*3.89,,73.7,75,GIA,1685,INDIA,,,"CLOUD, CRYSTAL, FEATHER, NEEDLE",NO
1875422,1236731643,PRINCESS,1.00,F,VS2,,VG,VG,FAINT,5.66*5.59*4.04,,72.4,71,GIA,1685,INDIA,,,"FEATHER, PINPOINT",NO
1152900,2538289679,PRINCESS,1.05,G,VS2,,EX,EX,NONE,5.56*5.56*4.06,,73.1,73,GIA,1835,INDIA,,,"CLOUD, CRYSTAL, NEEDLE",NO
1349831,1232601650,PRINCESS,1.05,G,VS2,,EX,EX,NONE,5.6*5.56*4.05,,72.8,73,GIA,2258,INDIA,,,"CRYSTAL, CLOUD, FEATHER",NO
1209585,2546431004,PRINCESS,1.05,G,VS2,,EX,EX,NONE,5.51*5.4*4,,74,74,GIA,1971,INDIA,,,"CLOUD, CRYSTAL, FEATHER, NEEDLE",NO
1167650,6531749219,PRINCESS,1.04,G,VS2,,EX,VG,NONE,5.47*5.39*3.9,,72.4,72,GIA,1845,INDIA,,,"CLOUD, FEATHER, NEEDLE",NO
1687725,2233823696,PRINCESS,1.04,G,VS2,,EX,EX,NONE,5.61*5.52*4.03,,73,73,GIA,1927,INDIA,,,"FEATHER, CRYSTAL, NEEDLE, CLOUD, PINPOINT",NO
1748464,2235832125,PRINCESS,1.02,G,VS2,,EX,VG,FAINT,5.47*5.39*3.94,,73.1,74,GIA,1915,INDIA,,,"CRYSTAL, NEEDLE",NO
1562766,2537119483,PRINCESS,1.02,G,VS2,,VG,VG,NONE,5.35*5.34*3.92,,73.5,72,GIA,1727,INDIA,,,"CRYSTAL, CLOUD, NEEDLE",NO
1111329,5232657286,PRINCESS,1.02,G,VS2,,EX,VG,NONE,5.54*5.54*3.97,,71.8,72,GIA,1645,INDIA,,,"CRYSTAL, FEATHER, CLOUD, NEEDLE",NO
1263962,2231832217,PRINCESS,1.02,G,VS2,,EX,EX,NONE,5.7*5.64*4.04,,71.6,75,GIA,1887,INDIA,,,"CRYSTAL, CLOUD, FEATHER, NEEDLE",NO
1567858,2231832115,PRINCESS,1.02,G,VS2,,EX,EX,NONE,5.46*5.38*3.94,,73.3,69,GIA,1915,INDIA,,,"FEATHER, PINPOINT",NO
1751268,2235827802,PRINCESS,1.02,G,VS2,,EX,EX,FAINT,5.49*5.46*3.98,,72.9,72,GIA,1917,INDIA,,,"CRYSTAL, NEEDLE",NO
1728613,2534179411,PRINCESS,1.02,G,VS2,,EX,EX,NONE,5.48*5.38*3.94,,73.1,72,GIA,1727,INDIA,,,"CRYSTAL, PINPOINT",NO
1259152,6532179072,PRINCESS,1.02,G,VS2,,EX,VG,NONE,5.72*5.61*4.08,,72.8,74,GIA,1837,INDIA,,,"CLOUD, FEATHER, CRYSTAL",NO
1182299,5232804466,PRINCESS,1.02,G,VS2,,EX,EX,NONE,5.45*5.35*3.94,,73.6,73,GIA,1672,INDIA,,,"CLOUD, CRYSTAL, FEATHER, NEEDLE",NO
1609183,2537497874,PRINCESS,1.02,G,VS2,,EX,EX,NONE,5.44*5.33*3.92,,73.5,73,GIA,1727,INDIA,,,"CRYSTAL, CLOUD, FEATHER, PINPOINT",NO
1823719,6525911771,PRINCESS,1.01,G,VS2,,EX,VG,NONE,5.66*5.57*4,,71.8,74,GIA,1765,INDIA,,,"FEATHER, PINPOINT",NO
1524203,2231773877,PRINCESS,1.01,G,VS2,,EX,VG,FAINT,5.62*5.5*4.03,,73.4,74,GIA,1710,INDIA,,,"FEATHER, CRYSTAL, PINPOINT, CLOUD",NO
1263363,2235829034,PRINCESS,1.01,G,VS2,,EX,VG,NONE,5.43*5.43*4.01,,73.8,74,GIA,1871,INDIA,,,"CRYSTAL, FEATHER, NEEDLE",NO
1730701,5232720417,PRINCESS,1.01,G,VS2,,EX,EX,NONE,5.3*5.29*3.91,,73.8,73,GIA,1656,INDIA,,,"CRYSTAL, FEATHER, CLOUD, NEEDLE",NO
1366154,2536211080,PRINCESS,1.01,G,VS2,,VG,VG,FAINT,5.4*5.32*3.92,,73.8,74,GIA,1683,INDIA,,,"FEATHER, PINPOINT",NO
1640156,2231760691,PRINCESS,1.01,G,VS2,,VG,VG,NONE,5.39*5.39*3.97,,73.6,72,GIA,1765,INDIA,,,"CRYSTAL, FEATHER, CLOUD, NEEDLE",NO
1244426,6237720424,PRINCESS,1.01,G,VS2,,EX,EX,NONE,5.43*5.43*4.01,,73.8,75,GIA,1792,INDIA,,,"CRYSTAL, CLOUD, FEATHER",NO
1500836,7532113884,PRINCESS,1.01,G,VS2,,EX,VG,NONE,5.67*5.56*4.01,,72.1,73,GIA,1683,INDIA,,,FEATHER,NO
1412377,1232594712,PRINCESS,1.01,G,VS2,,VG,EX,NONE,5.47*5.4*3.99,,73.8,73,GIA,1602,INDIA,,,"CRYSTAL, CLOUD",NO
1837793,1523544708,PRINCESS,1.01,G,VS2,,EX,VG,NONE,5.52*5.51*4.04,,73.2,76,GIA,1656,INDIA,,,"CRYSTAL, NEEDLE",NO
1596754,1539405597,PRINCESS,1.01,G,VS2,,EX,EX,NONE,5.58*5.47*4.03,,73.6,75,GIA,1765,INDIA,,,"CLOUD, CRYSTAL, NEEDLE",NO
7409955,1525582246,PRINCESS,1.01,G,VS2,,EX,VG,NONE,5.31*5.16*3.87,,75,78,GIA,1955,HONG KONG,,,"CRYSTAL, FEATHER, NEEDLE",NO
1156901,5231658712,PRINCESS,1.01,G,VS2,,EX,EX,NONE,5.65*5.53*3.98,,71.9,73,GIA,1629,INDIA,,,"CLOUD, FEATHER, NEEDLE",NO
1875712,6532439523,PRINCESS,1.01,G,VS2,,EX,EX,NONE,5.37*5.35*3.94,,73.7,71,GIA,1819,INDIA,,,"CLOUD, FEATHER",NO
1414526,2233827820,PRINCESS,1.01,G,VS2,,EX,EX,NONE,5.38*5.33*3.94,,73.8,75,GIA,1898,INDIA,,,"CRYSTAL, CLOUD, NEEDLE, PINPOINT",NO
1810114,2534373942,PRINCESS,1.01,G,VS2,,EX,VG,NONE,5.54*5.48*4.03,,73.5,73,GIA,1765,INDIA,,,"FEATHER, CLOUD, NEEDLE",NO
1618723,1232712069,PRINCESS,1.01,G,VS2,,EX,EX,NONE,5.34*5.33*3.93,,73.7,71,GIA,1738,INDIA,,,"CRYSTAL, KNOT, CLOUD",NO
1651918,6521376667,PRINCESS,1.01,G,VS2,,EX,EX,NONE,5.62*5.52*4.07,,73.7,74,GIA,2172,INDIA,,,"FEATHER, PINPOINT",NO
1106326,1539451970,PRINCESS,1.01,G,VS2,,VG,VG,NONE,5.45*5.44*4.12,,75.7,74,GIA,1710,INDIA,,,FEATHER,NO
1772029,2231841538,PRINCESS,1.01,G,VS2,,EX,EX,FAINT,5.56*5.5*3.94,,71.7,73,GIA,1923,INDIA,,,"CLOUD, CRYSTAL, FEATHER, NEEDLE",NO
1370546,1525938024,PRINCESS,1.01,G,VS2,,EX,VG,NONE,5.59*5.45*3.99,,73.3,71,GIA,1547,INDIA,,,"CRYSTAL, FEATHER, NEEDLE",NO
1835307,6535160551,PRINCESS,1.00,G,VS2,,VG,VG,NONE,5.62*5.49*3.97,,72.3,81,GIA,1452,INDIA,,,"CLOUD, CRYSTAL, FEATHER, NEEDLE, PINPOINT",NO
1973296,2537495334,PRINCESS,1.00,G,VS2,,EX,VG,NONE,5.47*5.33*3.92,,73.7,73,GIA,1747,INDIA,,,FEATHER,NO
1623869,6532150940,PRINCESS,1.00,G,VS2,,EX,EX,NONE,5.44*5.38*3.98,,73.9,64,GIA,1693,INDIA,,,"CRYSTAL, FEATHER, NEEDLE",NO
1161590,2235691832,PRINCESS,1.00,G,VS2,,EX,EX,NONE,5.28*5.27*3.86,,73.3,74,GIA,1586,INDIA,,,"CRYSTAL, FEATHER, NEEDLE",NO
1428446,2235773696,PRINCESS,1.00,G,VS2,,VG,VG,NONE,5.44*5.33*3.93,,73.6,76,GIA,1774,INDIA,,,"CRYSTAL, CLOUD, FEATHER, NEEDLE",NO
1661860,5232794808,PRINCESS,1.00,G,VS2,,VG,VG,NONE,5.34*5.31*3.92,,73.8,75,GIA,1720,INDIA,,,"CRYSTAL, FEATHER, KNOT, CLOUD, NEEDLE",NO
1656719,1232751390,PRINCESS,1.00,G,VS2,,VG,VG,FAINT,5.52*5.42*3.91,,72.3,79,GIA,1693,INDIA,,,"FEATHER, CLOUD, PINPOINT",NO
1419082,6233733422,PRINCESS,1.00,G,VS2,,VG,VG,NONE,5.4*5.29*3.9,,73.8,74,GIA,1693,INDIA,,,"CRYSTAL, FEATHER",NO
1656141,7536266175,PRINCESS,1.00,G,VS2,,EX,EX,NONE,5.48*5.3*3.91,,73.9,72,GIA,1693,INDIA,,,"CRYSTAL, NEEDLE",NO
1624221,2235804610,PRINCESS,1.00,G,VS2,,EX,EX,NONE,5.36*5.31*3.91,,73.7,71,GIA,1693,INDIA,,,"CRYSTAL, FEATHER, PINPOINT",NO
1253165,2231631413,PRINCESS,1.00,G,VS2,,EX,EX,NONE,5.48*5.35*3.83,,71.6,74,GIA,1586,INDIA,,,"CRYSTAL, FEATHER, NEEDLE",NO
1544161,2534495271,PRINCESS,1.00,G,VS2,,EX,EX,NONE,5.32*5.31*4.02,,75.6,72,GIA,1693,INDIA,,,"FEATHER, CLOUD, CRYSTAL, NEEDLE",NO
1941972,2235741124,PRINCESS,1.00,G,VS2,,EX,VG,NONE,5.59*5.56*4.05,,72.8,74,GIA,1774,INDIA,,,"CRYSTAL, FEATHER, CLOUD, PINPOINT",NO
1149180,7532156127,PRINCESS,1.00,G,VS2,,EX,VG,NONE,5.35*5.35*3.95,,73.8,75,GIA,1693,INDIA,,,"FEATHER, CLOUD, NEEDLE",NO
1103846,6512606307,PRINCESS,1.00,G,VS2,,VG,EX,NONE,5.7*5.67*3.92,,69.2,74,GIA,2150,INDIA,,,"Feather, Cloud, Crystal",NO
1447220,1232746069,PRINCESS,1.00,G,VS2,,EX,EX,NONE,5.48*5.38*3.95,,73.4,67,GIA,1747,INDIA,,,"FEATHER, NEEDLE, CLOUD",NO
1502074,5231622444,PRINCESS,1.00,G,VS2,,VG,EX,FAINT,5.49*5.47*3.98,,72.8,68,GIA,1586,INDIA,,,"CRYSTAL, CLOUD, FEATHER, NEEDLE",NO
1675191,2231803976,PRINCESS,1.12,H,VS2,,EX,EX,FAINT,5.55*5.55*4.07,,73.5,73,GIA,1818,INDIA,,,"CLOUD, FEATHER, CRYSTAL, NEEDLE",NO
1384764,6237773893,PRINCESS,1.06,H,VS2,,EX,EX,NONE,5.45*5.42*3.98,,73.4,73,GIA,1845,INDIA,,,"CLOUD, FEATHER, NEEDLE",NO
1808516,2536113028,PRINCESS,1.05,H,VS2,,EX,VG,NONE,5.47*5.41*4,,73.8,72,GIA,1608,INDIA,,,"CRYSTAL, FEATHER, NEEDLE",NO
1111768,6525536769,PRINCESS,1.05,H,VS2,,EX,EX,NONE,5.5*5.48*4.03,,73.4,72,GIA,2124,INDIA,,,CLOUD,NO
1964365,2231746044,PRINCESS,1.05,H,VS2,,VG,EX,NONE,5.68*5.59*4.07,,72.7,73,GIA,1828,INDIA,,,"FEATHER, PINPOINT",NO
1651816,7538439661,PRINCESS,1.05,H,VS2,,EX,VG,NONE,5.66*5.61*3.99,,71.2,73,GIA,1729,INDIA,,,"FEATHER, CLOUD, CRYSTAL, NEEDLE",NO
1530634,2231619139,PRINCESS,1.04,H,VS2,,EX,VG,NONE,5.57*5.54*4.07,,73.4,72,GIA,1737,INDIA,,,"CLOUD, CRYSTAL, FEATHER, NEEDLE",NO
1581491,7531497736,PRINCESS,1.04,H,VS2,,EX,EX,MED,5.74*5.62*4.02,,71.5,74,GIA,1309,INDIA,,,"CRYSTAL, PINPOINT",NO
1589505,7541150999,PRINCESS,1.03,H,VS2,,EX,EX,NONE,5.48*5.47*3.92,,71.7,74,GIA,1744,INDIA,,,"CRYSTAL, CLOUD, FEATHER, NEEDLE",NO
1396317,7521732013,PRINCESS,1.03,H,VS2,,EX,VG,NONE,5.57*5.52*4.01,,72.7,74,GIA,1599,INDIA,,,"CRYSTAL, FEATHER, NEEDLE",NO
1726388,2235714196,PRINCESS,1.03,H,VS2,,EX,EX,FAINT,5.46*5.43*3.99,,73.5,73,GIA,1720,INDIA,,,CRYSTAL,NO
1856181,5231714193,PRINCESS,1.03,H,VS2,,EX,EX,NONE,5.47*5.36*3.95,,73.6,74,GIA,1720,INDIA,,,"CRYSTAL, CLOUD, NEEDLE",NO
1264924,6535113816,PRINCESS,1.03,H,VS2,,EX,EX,NONE,5.41*5.37*3.97,,73.9,72,GIA,1720,INDIA,,,PINPOINT,NO
1513536,2233619082,PRINCESS,1.02,H,VS2,,VG,EX,NONE,5.59*5.52*4.02,,72.8,75,GIA,2063,INDIA,,,"CRYSTAL, FEATHER, PINPOINT, CLOUD",NO
1590874,7543158634,PRINCESS,1.02,H,VS2,,VG,VG,NONE,5.37*5.34*4.01,,75.2,70,GIA,1631,INDIA,,,"FEATHER, CLOUD, NEEDLE, KNOT, PINPOINT",NO
1575716,5536114344,PRINCESS,1.02,H,VS2,,EX,EX,NONE,5.68*5.57*4.09,,73.4,75,GIA,1562,INDIA,,,"CRYSTAL, NEEDLE, PINPOINT",NO
7082094,7532857793,PRINCESS,1.02,H,VS2,,EX,EX,NONE,5.44*5.44*4,,73.6,75,GIA,1703,HONG KONG,,,"CRYSTAL, FEATHER, PINPOINT, NEEDLE",NO
1146704,7536749148,PRINCESS,1.02,H,VS2,,EX,EX,NONE,5.35*5.35*3.94,,73.8,74,GIA,1679,INDIA,,,"FEATHER, CRYSTAL, PINPOINT",NO
1693432,2235746073,PRINCESS,1.02,H,VS2,,EX,VG,NONE,5.49*5.46*4.01,,73.4,72,GIA,1793,INDIA,,,"CRYSTAL, FEATHER, CLOUD, NEEDLE",NO
1895090,2538385193,PRINCESS,1.02,H,VS2,,EX,VG,FAINT,5.36*5.34*3.92,,73.5,72,GIA,1769,INDIA,,,"CLOUD, CRYSTAL, NEEDLE",NO
1668354,2547150934,PRINCESS,1.02,H,VS2,,EX,EX,NONE,5.62*5.48*4.04,,73.7,75,GIA,1727,INDIA,,,"CRYSTAL, PINPOINT",NO
1370914,2231653406,PRINCESS,1.02,H,VS2,,EX,EX,NONE,5.59*5.48*4,,73,75,GIA,1679,INDIA,,,"CLOUD, PINPOINT",NO
1524452,5533605351,PRINCESS,1.02,H,VS2,,EX,VG,NONE,5.38*5.35*3.95,,73.8,73,GIA,1769,INDIA,,,"CLOUD, NEEDLE",NO
1622629,7548430987,PRINCESS,1.01,H,VS2,,EX,EX,NONE,5.41*5.29*3.89,,73.4,71,GIA,1447,INDIA,,,"CRYSTAL, CLOUD, FEATHER, NEEDLE",NO
1816110,2235771909,PRINCESS,1.01,H,VS2,,EX,EX,NONE,5.37*5.26*3.88,,73.9,70,GIA,1447,INDIA,,,"CLOUD, CRYSTAL, NEEDLE",NO
1296761,5536375248,PRINCESS,1.01,H,VS2,,EX,VG,NONE,5.54*5.48*4.08,,74.4,75,GIA,1615,INDIA,,,"FEATHER, PINPOINT",NO
1218373,1535693873,PRINCESS,1.01,H,VS2,,EX,VG,NONE,5.52*5.42*3.95,,72.8,72,GIA,1751,INDIA,,,"CRYSTAL, FEATHER, NEEDLE",NO
1286466,1232660085,PRINCESS,1.01,H,VS2,,EX,EX,NONE,5.43*5.43*3.97,,73.1,73,GIA,1546,INDIA,,,"CRYSTAL, FEATHER, NEEDLE",NO
1210853,6233751447,PRINCESS,1.01,H,VS2,,EX,VG,NONE,5.58*5.46*4.01,,73.5,75,GIA,1758,INDIA,,,"CRYSTAL, CLOUD, FEATHER",NO
1568446,1539441368,PRINCESS,1.01,H,VS2,,EX,EX,NONE,5.3*5.28*3.91,,73.9,71,GIA,1447,INDIA,,,"CRYSTAL, CLOUD, NEEDLE",NO
1133271,2235650917,PRINCESS,1.01,H,VS2,,VG,VG,NONE,5.34*5.34*3.95,,73.9,73,GIA,1687,INDIA,,,"FEATHER, CRYSTAL, CLOUD, NEEDLE",NO
1253159,2231628602,PRINCESS,1.01,H,VS2,,EX,EX,NONE,5.31*5.3*3.87,,73,72,GIA,1710,INDIA,,,"CRYSTAL, NEEDLE",NO
1598405,1538496852,PRINCESS,1.01,H,VS2,,EX,EX,NONE,5.44*5.42*4.12,,76,77,GIA,1568,INDIA,,,"CLOUD, CRYSTAL, NEEDLE",NO
1629336,1232635179,PRINCESS,1.01,H,VS2,,EX,EX,NONE,5.42*5.28*3.88,,73.6,76,GIA,1330,INDIA,,,"CRYSTAL, FEATHER, CLOUD, NEEDLE",NO
1313082,1525911673,PRINCESS,1.01,H,VS2,,EX,VG,NONE,5.53*5.41*3.99,,73.8,76,GIA,1663,INDIA,,,"FEATHER, NEEDLE",NO
1664495,7538749018,PRINCESS,1.01,H,VS2,,VG,VG,NONE,5.42*5.4*3.98,,73.8,75,GIA,1758,INDIA,,,"CLOUD, NEEDLE",NO
1442893,2526936786,PRINCESS,1.01,H,VS2,,EX,VG,NONE,5.47*5.37*3.96,,73.7,72,GIA,1546,INDIA,,,"CRYSTAL, FEATHER, NEEDLE",NO
1860561,5526911911,PRINCESS,1.01,H,VS2,,EX,VG,NONE,5.37*5.36*3.95,,73.6,74,GIA,2043,INDIA,,,"FEATHER, CLOUD, CRYSTAL",NO
1742518,2233720410,PRINCESS,1.01,H,VS2,,EX,VG,NONE,5.37*5.36*3.96,,73.8,74,GIA,1687,INDIA,,,"CRYSTAL, NEEDLE",NO
1247945,6522506736,PRINCESS,1.01,H,VS2,,VG,VG,NONE,5.6*5.52*4.03,,73.1,75,GIA,2043,INDIA,,,"FEATHER, CLOUD",NO
1754302,3535151332,PRINCESS,1.01,H,VS2,,EX,VG,NONE,5.53*5.43*4,,73.7,75,GIA,1687,INDIA,,,"FEATHER, CRYSTAL, PINPOINT",NO
1438289,2231720403,PRINCESS,1.01,H,VS2,,EX,EX,NONE,5.48*5.41*4,,74,76,GIA,1639,INDIA,,,"CRYSTAL, CLOUD, NEEDLE",NO
1313239,6545150607,PRINCESS,1.01,H,VS2,,EX,EX,NONE,5.39*5.32*3.92,,73.7,70,GIA,1710,INDIA,,,"CRYSTAL, CLOUD, FEATHER, NEEDLE",NO
1278916,5536440390,PRINCESS,1.01,H,VS2,,EX,VG,FAINT,5.42*5.24*3.9,,74.4,71,GIA,1330,INDIA,,,"FEATHER, CLOUD, NEEDLE",NO
1333775,6522911525,PRINCESS,1.01,H,VS2,,EX,EX,NONE,5.46*5.4*4.09,,75.8,76,GIA,2043,INDIA,,,"CRYSTAL, FEATHER, NEEDLE",NO
7118193,6521939870,PRINCESS,1.01,H,VS2,,EX,EX,NONE,5.42*5.42*3.98,,73.5,74,GIA,1710,HONG KONG,,,"CRYSTAL, CLOUD, NEEDLE",NO
1733522,6542150637,PRINCESS,1.01,H,VS2,,VG,EX,NONE,5.55*5.41*3.98,,73.6,72,GIA,1734,INDIA,,,"CRYSTAL, CLOUD, FEATHER, NEEDLE",NO
1936104,2235620443,PRINCESS,1.01,H,VS2,,EX,VG,NONE,5.38*5.36*3.93,,73.2,72,GIA,2043,INDIA,,,"CRYSTAL, FEATHER, PINPOINT, NEEDLE",NO
1192810,6233775499,PRINCESS,1.01,H,VS2,,EX,EX,NONE,5.5*5.44*3.99,,73.3,73,GIA,1663,INDIA,,,"CRYSTAL, FEATHER, NEEDLE",NO
1186143,2536113561,PRINCESS,1.01,H,VS2,,EX,EX,FAINT,5.52*5.48*4.03,,73.6,74,GIA,1546,INDIA,,,"CRYSTAL, CLOUD, FEATHER, NEEDLE",NO
1581289,2233653415,PRINCESS,1.01,H,VS2,,EX,VG,NONE,5.33*5.33*3.93,,73.8,73,GIA,1710,INDIA,,,FEATHER,NO
1115599,1539156042,PRINCESS,1.01,H,VS2,,EX,VG,NONE,5.59*5.48*4.05,,73.8,74,GIA,1663,INDIA,,,"CRYSTAL, FEATHER, NEEDLE",NO
1812881,2536373563,PRINCESS,1.01,H,VS2,,EX,VG,FAINT,5.31*5.3*4,,75.5,75,GIA,1592,INDIA,,,"CRYSTAL, PINPOINT",NO
1281600,6525081336,PRINCESS,1.00,H,VS2,,EX,EX,NONE,5.55*5.43*3.98,,73.2,78,GIA,1646,INDIA,,,"FEATHER, CRYSTAL, NEEDLE, PINPOINT",NO
1835771,7548156235,PRINCESS,1.00,H,VS2,,EX,EX,NONE,5.4*5.39*3.98,,73.8,75,GIA,1693,INDIA,,,"FEATHER, CRYSTAL, CLOUD",NO
1878834,1232591039,PRINCESS,1.00,H,VS2,,VG,VG,NONE,5.36*5.34*3.92,,73.3,72,GIA,2023,INDIA,,,"CRYSTAL, CLOUD, FEATHER, NEEDLE",NO
1196524,1236714122,PRINCESS,1.00,H,VS2,,EX,EX,MED,5.47*5.46*4.02,,73.7,75,GIA,1235,INDIA,,,"CLOUD, CRYSTAL, FEATHER, NEEDLE",NO
1336208,1533440866,PRINCESS,1.00,H,VS2,,EX,EX,NONE,5.44*5.31*3.88,,73.1,72,GIA,1646,INDIA,,,"CLOUD, CRYSTAL, FEATHER, NEEDLE",NO
1970982,6237805267,PRINCESS,1.00,H,VS2,,EX,EX,NONE,5.43*5.35*3.94,,73.7,74,GIA,1717,INDIA,,,FEATHER,NO
1185435,6532441335,PRINCESS,1.00,H,VS2,,VG,VG,NONE,5.48*5.39*3.98,,73.8,74,GIA,1646,INDIA,,,"CLOUD, FEATHER, NEEDLE, PINPOINT",NO
1245676,5231731698,PRINCESS,1.00,H,VS2,,VG,VG,NONE,5.5*5.31*4.01,,75.5,76,GIA,1599,INDIA,,,FEATHER,NO
1399986,6233773839,PRINCESS,1.00,H,VS2,,EX,VG,NONE,5.86*5.64*4.02,,71.3,76,GIA,1687,INDIA,,,"FEATHER, CAVITY, CLOUD, PINPOINT",NO
1549470,6522911929,PRINCESS,1.00,H,VS2,,EX,VG,NONE,5.51*5.45*3.82,,70.1,76,GIA,1646,INDIA,,,"FEATHER, CRYSTAL, NEEDLE",NO
1957019,6535156218,PRINCESS,1.00,H,VS2,,EX,EX,NONE,5.46*5.35*3.96,,73.9,73,GIA,1670,INDIA,,,"CRYSTAL, FEATHER, NEEDLE, PINPOINT",NO
1401985,2235818969,PRINCESS,1.00,H,VS2,,EX,EX,MED,5.3*5.26*3.87,,73.6,74,GIA,1364,INDIA,,,"KNOT, CRYSTAL, FEATHER, PINPOINT, INDENTED NATURAL",NO
1334506,5231720563,PRINCESS,1.00,H,VS2,,EX,VG,NONE,5.32*5.31*4.03,,75.8,69,GIA,1599,INDIA,,,"FEATHER, NEEDLE, PINPOINT",NO
1419553,5231622400,PRINCESS,1.07,I,VS2,,EX,EX,MED,5.55*5.55*4.07,,73.3,72,GIA,1208,INDIA,,,"CLOUD, NEEDLE",NO
1249559,7521991192,PRINCESS,1.07,I,VS2,,EX,VG,NONE,5.58*5.54*4.01,,72.4,73,GIA,1596,INDIA,,,"CRYSTAL, CLOUD, FEATHER, NEEDLE",NO
1722675,2537289614,PRINCESS,1.05,I,VS2,,EX,EX,NONE,5.63*5.5*4.05,,73.6,74,GIA,1828,INDIA,,,"CRYSTAL, PINPOINT",NO
1905398,2524911375,PRINCESS,1.04,I,VS2,,EX,EX,NONE,5.46*5.45*3.97,,72.7,69,GIA,1552,INDIA,,,"CRYSTAL, NEEDLE",NO
1430411,2547041310,PRINCESS,1.04,I,VS2,,EX,EX,NONE,5.62*5.52*4,,72.4,74,GIA,1702,INDIA,,,"CRYSTAL, CLOUD, FEATHER, NEEDLE",NO
1528658,2235720405,PRINCESS,1.04,I,VS2,,EX,EX,NONE,5.61*5.55*3.88,,69.9,74,GIA,1767,INDIA,,,"FEATHER, CRYSTAL, NEEDLE",NO
1676976,6531151318,PRINCESS,1.04,I,VS2,,EX,VG,NONE,5.68*5.61*4.02,,71.7,74,GIA,1810,INDIA,,,"CRYSTAL, FEATHER, NEEDLE",NO
1404079,6531404567,PRINCESS,1.03,I,VS2,,EX,VG,NONE,5.47*5.35*4.06,,75.8,72,GIA,1729,INDIA,,,"CLOUD, NEEDLE",NO
1621304,3535150925,PRINCESS,1.03,I,VS2,,EX,EX,NONE,5.44*5.35*3.93,,73.6,71,GIA,1750,INDIA,,,"CRYSTAL, CLOUD, NEEDLE",NO
1351262,6535123311,PRINCESS,1.03,I,VS2,,EX,EX,NONE,5.47*5.47*4.03,,73.7,72,GIA,1528,INDIA,,,"CLOUD, FEATHER, NEEDLE",NO
1578607,2235594703,PRINCESS,1.02,I,VS2,,EX,EX,NONE,5.4*5.37*3.96,,73.7,74,GIA,1522,INDIA,,,"CRYSTAL, FEATHER, NEEDLE",NO
1860060,5526221947,PRINCESS,1.02,I,VS2,,EX,VG,NONE,5.69*5.59*3.99,,71.3,75,GIA,1606,INDIA,,,"FEATHER, CLOUD",NO
7825828,2536536243,PRINCESS,1.02,I,VS2,,EX,EX,NONE,5.52*5.38*3.94,,73.3,69,GIA,1648,HONG KONG,,,"CLOUD, CRYSTAL, FEATHER, NEEDLE",NO
1624930,7536287818,PRINCESS,1.02,I,VS2,,EX,VG,FAINT,5.4*5.37*3.96,,73.7,73,GIA,1733,INDIA,,,"CLOUD, NEEDLE",NO
1439890,5231731561,PRINCESS,1.02,I,VS2,,EX,EX,NONE,5.42*5.42*3.88,,71.6,73,GIA,1733,INDIA,,,"CRYSTAL, NEEDLE",NO
7251906,6525287293,PRINCESS,1.02,I,VS2,,EX,EX,NONE,5.4*5.39*3.96,,73.5,73,GIA,1606,HONG KONG,,,"CRYSTAL, FEATHER, NEEDLE",NO
1634840,5231712077,PRINCESS,1.02,I,VS2,,EX,EX,NONE,5.43*5.31*3.87,,72.9,74,GIA,1733,INDIA,,,"CLOUD, CRYSTAL, FEATHER, NEEDLE",NO
1113404,2526911635,PRINCESS,1.02,I,VS2,,EX,EX,NONE,5.66*5.56*3.97,,71.4,74,GIA,1733,INDIA,,,"CLOUD, CRYSTAL, FEATHER, NEEDLE",NO
1397465,2235657306,PRINCESS,1.02,I,VS2,,EX,EX,NONE,5.61*5.55*3.95,,71.2,73,GIA,1733,INDIA,,,FEATHER,NO
1938901,5231775655,PRINCESS,1.02,I,VS2,,VG,EX,NONE,5.52*5.51*3.93,,71.4,73,GIA,1670,INDIA,,,"CLOUD, CRYSTAL, NEEDLE",NO
1724252,5543158343,PRINCESS,1.02,I,VS2,,EX,EX,NONE,5.41*5.41*3.99,,73.8,75,GIA,1754,INDIA,,,"CLOUD, NEEDLE, PINPOINT",NO
1170139,1529991795,PRINCESS,1.02,I,VS2,,EX,EX,NONE,5.26*5.26*3.98,,75.7,72,GIA,1268,INDIA,,,"FEATHER, CLOUD, CRYSTAL, NEEDLE",NO
1355357,2235720543,PRINCESS,1.01,I,VS2,,VG,EX,NONE,5.36*5.34*3.9,,73.1,73,GIA,1716,INDIA,,,"CRYSTAL, NEEDLE",NO
1235103,5231658711,PRINCESS,1.01,I,VS2,,EX,VG,FAINT,5.33*5.33*3.93,,73.8,74,GIA,1498,INDIA,,,"CRYSTAL, CLOUD, NEEDLE",NO
1774467,2527437921,PRINCESS,1.01,I,VS2,,EX,EX,NONE,5.61*5.53*4.15,,75,76,GIA,1883,INDIA,,,"FEATHER, CRYSTAL",NO
1299888,5231597411,PRINCESS,1.01,I,VS2,,VG,VG,NONE,5.57*5.55*4.03,,72.6,75,GIA,1883,INDIA,,,FEATHER,NO
1724373,1525567431,PRINCESS,1.01,I,VS2,,EX,EX,NONE,5.67*5.57*4.05,,72.8,73,GIA,1883,INDIA,,,"FEATHER, PINPOINT",NO
1341624,5232631417,PRINCESS,1.01,I,VS2,,VG,VG,NONE,5.57*5.5*4.06,,73.7,76,GIA,1507,INDIA,,,"CLOUD, CRYSTAL, FEATHER, NEEDLE",NO
1913044,5533113873,PRINCESS,1.01,I,VS2,,EX,EX,NONE,5.35*5.33*3.93,,73.8,72,GIA,1507,INDIA,,,"CLOUD, CRYSTAL, FEATHER, NEEDLE",NO
1929647,5536441292,PRINCESS,1.01,I,VS2,,VG,EX,NONE,5.45*5.45*4,,73.5,69,GIA,1381,INDIA,,,"CRYSTAL, FEATHER, PINPOINT",NO
1630668,3525428105,PRINCESS,1.01,I,VS2,,VG,VG,NONE,5.59*5.49*4.04,,73.5,74,GIA,1883,INDIA,,,"CRYSTAL, CLOUD, FEATHER, NEEDLE",NO
1448317,2524911697,PRINCESS,1.01,I,VS2,,EX,EX,NONE,5.51*5.28*3.9,,73.8,72,GIA,1297,INDIA,,,FEATHER,NO
1174203,2536788167,PRINCESS,1.01,I,VS2,,EX,EX,NONE,5.64*5.61*3.95,,70.5,73,GIA,1716,INDIA,,,"CLOUD, FEATHER, NEEDLE",NO
1123261,1535558813,PRINCESS,1.01,I,VS2,,VG,VG,NONE,5.62*5.49*4.03,,73.5,76,GIA,1785,INDIA,,,"CRYSTAL, FEATHER, PINPOINT",NO
1559869,2537440492,PRINCESS,1.01,I,VS2,,EX,EX,NONE,5.4*5.37*3.96,,73.7,71,GIA,1444,INDIA,,,"CRYSTAL, NEEDLE",NO
1822735,1232741167,PRINCESS,1.01,I,VS2,,EX,EX,NONE,5.37*5.33*3.94,,73.9,70,GIA,1716,INDIA,,,"CRYSTAL, CLOUD, FEATHER",NO
1451546,5232775570,PRINCESS,1.01,I,VS2,,EX,EX,NONE,5.46*5.39*3.95,,73.3,73,GIA,1674,INDIA,,,"CLOUD, CRYSTAL, NEEDLE",NO
1415568,7522428092,PRINCESS,1.01,I,VS2,,EX,EX,FAINT,5.51*5.39*3.97,,73.6,74,GIA,1507,INDIA,,,"CRYSTAL, CLOUD, NEEDLE",NO
1553450,7528936963,PRINCESS,1.01,I,VS2,,EX,EX,NONE,5.43*5.4*3.98,,73.7,74,GIA,1318,INDIA,,,"CRYSTAL, CLOUD, NEEDLE",NO
7175727,6422442565,PRINCESS,1.01,I,VS2,,VG,VG,NONE,5.38*5.36*3.93,,73.3,72,GIA,1883,INDIA,,,"Feather, Crystal, Needle",NO
1173738,5232760692,PRINCESS,1.01,I,VS2,,EX,EX,NONE,5.29*5.29*3.95,,74.7,73,GIA,1429,INDIA,,,"CRYSTAL, FEATHER",NO
1261806,7538497609,PRINCESS,1.01,I,VS2,,EX,EX,NONE,5.6*5.51*3.92,,71.2,74,GIA,1716,INDIA,,,"FEATHER, PINPOINT",NO
1356833,2233710060,PRINCESS,1.01,I,VS2,,EX,EX,NONE,5.33*5.32*3.92,,73.7,74,GIA,1716,INDIA,,,"CLOUD, CRYSTAL",NO
1270381,6522428041,PRINCESS,1.01,I,VS2,,EX,EX,NONE,5.6*5.4*4.02,,74.6,78,GIA,1883,INDIA,,,"CLOUD, FEATHER, NEEDLE",NO
1947320,5536123815,PRINCESS,1.01,I,VS2,,EX,VG,FAINT,5.34*5.3*3.92,,73.9,73,GIA,1498,INDIA,,,"CRYSTAL, FEATHER, NEEDLE, NATURAL",NO
7109819,6455267199,PRINCESS,1.01,I,VS2,,VG,VG,MED,5.35*5.22*3.94,,75.5,70,GIA,1885,INDIA,,,"Crystal, Pinpoint, Natural",NO
1850280,7538155675,PRINCESS,1.01,I,VS2,,EX,VG,FAINT,5.46*5.45*3.98,,73.1,76,GIA,1716,INDIA,,,"CRYSTAL, CLOUD, NEEDLE",NO
1650043,2544161006,PRINCESS,1.01,I,VS2,,EX,EX,NONE,5.29*5.28*3.9,,73.9,71,GIA,1450,INDIA,,,"FEATHER, CRYSTAL, NEEDLE",NO
1577357,1538211254,PRINCESS,1.01,I,VS2,,EX,EX,NONE,5.36*5.36*3.95,,73.7,72,GIA,1716,INDIA,,,"CLOUD, CRYSTAL, FEATHER, NEEDLE",NO
1835820,6525597287,PRINCESS,1.01,I,VS2,,EX,VG,NONE,5.48*5.45*4,,73.4,72,GIA,1883,INDIA,,,"CLOUD, NEEDLE",NO
1836572,2231660196,PRINCESS,1.01,I,VS2,,EX,VG,NONE,5.23*5.21*3.94,,75.6,75,GIA,1339,INDIA,,,"CLOUD, CRYSTAL, FEATHER, NEEDLE",NO
1958534,2536266205,PRINCESS,1.00,I,VS2,,VG,VG,NONE,5.41*5.41*3.99,,73.8,75,GIA,1699,INDIA,,,"CRYSTAL, CLOUD, FEATHER, NEEDLE",NO
1386651,6531403111,PRINCESS,1.00,I,VS2,,VG,VG,FAINT,5.3*5.27*3.89,,73.7,72,GIA,1347,INDIA,,,"CLOUD, CRYSTAL, NEEDLE",NO
1757708,2231775788,PRINCESS,1.00,I,VS2,,EX,EX,NONE,5.25*5.23*3.98,,76,70,GIA,1438,INDIA,,,"FEATHER, CRYSTAL, CLOUD",NO
1455381,1232818968,PRINCESS,1.00,I,VS2,,EX,VG,FAINT,5.21*5.2*3.93,,75.5,71,GIA,1415,INDIA,,,"CRYSTAL, NEEDLE",NO
1331797,6237780075,PRINCESS,1.00,I,VS2,,EX,VG,NONE,5.4*5.33*4.04,,75.8,78,GIA,1595,INDIA,,,"FEATHER, PINPOINT",NO
1658972,2536374074,PRINCESS,1.00,I,VS2,,EX,VG,NONE,5.26*5.25*3.98,,75.7,70,GIA,1264,INDIA,,,"CRYSTAL, FEATHER, NEEDLE",NO
1662486,2235818723,PRINCESS,1.00,I,VS2,,EX,EX,NONE,5.29*5.28*3.89,,73.7,71,GIA,1435,INDIA,,,"CRYSTAL, PINPOINT",NO
1926059,5533833983,PRINCESS,1.00,I,VS2,,EX,EX,NONE,5.44*5.35*3.94,,73.7,73,GIA,1767,INDIA,,,"CRYSTAL, NEEDLE",NO
1735190,5533113691,PRINCESS,1.00,I,VS2,,EX,VG,NONE,5.35*5.33*3.95,,74.1,75,GIA,1484,INDIA,,,"CRYSTAL, FEATHER, NEEDLE",NO
1436296,1538155526,PRINCESS,1.00,I,VS2,,EX,VG,FAINT,5.46*5.35*3.94,,73.7,74,GIA,1699,INDIA,,,"CRYSTAL, PINPOINT",NO
1110498,1236591129,PRINCESS,1.00,I,VS2,,EX,EX,MED,5.34*5.32*3.91,,73.6,65,GIA,2072,INDIA,,,"CRYSTAL, FEATHER, PINPOINT",NO
1615788,6532114211,PRINCESS,1.00,I,VS2,,EX,VG,NONE,5.25*5.23*3.96,,75.7,76,GIA,1326,INDIA,,,"CLOUD, CRYSTAL, FEATHER, NEEDLE",NO
1521852,7533113793,PRINCESS,1.00,I,VS2,,EX,EX,NONE,5.46*5.23*3.95,,75.6,71,GIA,1326,INDIA,,,"CRYSTAL, CLOUD, NEEDLE",NO
1509091,6522937989,PRINCESS,1.00,I,VS2,,EX,VG,NONE,5.4*5.32*4.02,,75.5,69,GIA,1602,INDIA,,,CRYSTAL,NO
1968546,6237746140,PRINCESS,1.00,I,VS2,,EX,VG,NONE,5.45*5.35*3.95,,73.9,71,GIA,1699,INDIA,,,"CRYSTAL, CLOUD, FEATHER, NEEDLE",NO
1463240,3535156217,PRINCESS,1.00,I,VS2,,EX,VG,NONE,5.5*5.43*4,,73.7,76,GIA,1740,INDIA,,,"CLOUD, NEEDLE",NO
1738178,2235739343,PRINCESS,1.00,I,VS2,,EX,EX,NONE,5.35*5.22*3.85,,73.8,74,GIA,1369,INDIA,,,"CRYSTAL, FEATHER, NEEDLE",NO
7112656,1443849907,PRINCESS,1.00,I,VS2,,EX,VG,NONE,5.36*5.31*3.91,,73.8,72,GIA,1865,INDIA,,,"Knot, Feather, Pinpoint",NO
1397645,5232720498,PRINCESS,1.00,I,VS2,,EX,EX,NONE,5.36*5.36*3.95,,73.7,74,GIA,1699,INDIA,,,"CLOUD, FEATHER",NO
1143846,6532179136,PRINCESS,1.00,I,VS2,,VG,VG,FAINT,5.35*5.34*4.06,,75.9,75,GIA,1678,INDIA,,,"CRYSTAL, NEEDLE",NO
1142269,5533493216,PRINCESS,1.00,I,VS2,,EX,VG,NONE,5.53*5.52*4.02,,72.8,73,GIA,1767,INDIA,,,"CRYSTAL, FEATHER, CLOUD, NEEDLE",NO
1611234,5232828953,PRINCESS,1.11,J,VS2,,EX,EX,FAINT,5.6*5.48*4.04,,73.8,75,GIA,1333,INDIA,,,"FEATHER, CRYSTAL, PINPOINT",NO
7854722,1525434943,PRINCESS,1.01,J,VS2,,EX,EX,NONE,5.37*5.24*3.85,,73.5,75,GIA,1303,HONG KONG,,,"CRYSTAL, FEATHER, NEEDLE",NO
1296578,7541155156,PRINCESS,0.90,F,VVS1,,EX,VG,NONE,5.18*5.15*3.79,,73.7,72,GIA,1756,INDIA,,,FEATHER,NO
1813896,2235834439,PRINCESS,0.90,I,VVS1,,EX,EX,NONE,5.37*5.34*3.85,,72,75,GIA,1022,INDIA,,,FEATHER,NO
1911786,3545380442,PRINCESS,0.90,H,VS1,,VG,EX,NONE,5.11*5.08*3.76,,74,77,GIA,1160,INDIA,,,"CRYSTAL, PINPOINT, CLOUD",NO
1665337,2231780073,PRINCESS,0.90,H,VS1,,EX,VG,NONE,5.11*5.09*3.72,,73.2,74,GIA,1081,INDIA,,,"CLOUD, PINPOINT, NEEDLE",NO
1180034,6531624253,PRINCESS,0.90,I,VS1,,EX,EX,NONE,5.17*5.15*3.78,,73.4,73,GIA,908,INDIA,,,FEATHER,NO
1827997,2235733468,PRINCESS,0.98,I,VS2,,EX,VG,NONE,5.28*5.22*3.85,,73.8,75,GIA,1038,INDIA,,,"CRYSTAL, CLOUD",NO
1572179,2235811342,PRINCESS,0.91,I,VS2,,EX,VG,NONE,5.19*5.18*3.76,,72.7,72,GIA,932,INDIA,,,"CRYSTAL, CLOUD",NO
1110364,2507796268,PRINCESS,0.81,H,IF,,EX,VG,FAINT,5.06*5.05*3.64,,72.1,74,GIA,1141,INDIA,,,Minor Details of Polish,NO
1245357,2235841415,PRINCESS,0.81,G,VVS1,,EX,EX,FAINT,5.24*5.13*3.72,,72.5,74,GIA,1111,INDIA,,,PINPOINT,NO
1476676,2235805233,PRINCESS,0.80,G,VVS1,,EX,VG,NONE,5.07*4.96*3.66,,73.7,75,GIA,1160,INDIA,,,"CAVITY, FEATHER",NO
1868703,2231794945,PRINCESS,0.81,D,VVS2,,VG,VG,NONE,5.3*5.2*3.71,,71.3,75,GIA,1397,INDIA,,,"PINPOINT, INTERNAL GRAINING",NO
3034655,1545155139,PRINCESS,0.80,H,VVS2,,VG,EX,NONE,5.16*5.03*3.51,,69.8,75,GIA,927,INDIA,,,FEATHER,NO
1851721,6525797433,PRINCESS,0.81,I,VVS2,,EX,VG,FAINT,5.09*5*3.62,,72.5,71,GIA,906,INDIA,,,"CLOUD, PINPOINT",NO
1167344,2235804544,PRINCESS,0.82,G,VS1,,EX,VG,NONE,5.04*4.94*3.64,,73.7,71,GIA,1096,INDIA,,,CRYSTAL,NO
1203895,2544188473,PRINCESS,0.80,G,VS1,,VG,VG,NONE,5.12*5.02*3.71,,73.9,71,GIA,1069,INDIA,,,"CRYSTAL, PINPOINT",NO
1519432,2527803957,PRINCESS,0.81,I,VS1,,VG,VG,FAINT,5.16*5.13*3.77,,73.5,74,GIA,669,INDIA,,,"CRYSTAL, NEEDLE, PINPOINT",NO
1664136,6237827993,PRINCESS,0.72,G,IF,,EX,EX,NONE,5.08*5.01*3.57,,71.2,73,GIA,910,INDIA,,,MINOR DETAILS OF POLISH,NO
1946866,7541430870,PRINCESS,0.70,G,VVS1,,VG,VG,FAINT,4.99*4.96*3.41,,68.7,74,GIA,809,INDIA,,,"PINPOINT, INDENTED NATURAL",NO
1295702,5231824898,PRINCESS,0.70,E,VS1,,EX,VG,NONE,4.97*4.89*3.61,,73.9,73,GIA,768,INDIA,,,CLOUD,NO
1312769,2233841440,PRINCESS,0.70,G,VS1,,EX,VG,FAINT,4.79*4.78*3.52,,73.7,73,GIA,729,INDIA,,,"CRYSTAL, PINPOINT",NO
1856617,5232779872,PRINCESS,0.71,F,VS2,,EX,VG,FAINT,4.9*4.86*3.59,,73.9,76,GIA,656,INDIA,,,"CLOUD, CRYSTAL",NO
1628237,2546142363,PRINCESS,0.71,F,VS2,,EX,VG,NONE,4.93*4.78*3.52,,73.6,75,GIA,704,INDIA,,,"CRYSTAL, FEATHER, CLOUD",NO
1708668,2231773713,PRINCESS,0.70,G,VS2,,EX,VG,NONE,4.74*4.73*3.5,,73.9,75,GIA,626,INDIA,,,CRYSTAL,NO
1882558,2231773745,PRINCESS,0.70,G,VS2,,EX,VG,FAINT,5*4.89*3.46,,70.8,76,GIA,626,INDIA,,,FEATHER,NO
1738433,5232803924,PRINCESS,0.54,F,IF,,VG,VG,NONE,4.59*4.47*3.29,,73.5,75,GIA,657,INDIA,,,MINOR DETAILS OF POLISH,NO
1322874,6237804527,PRINCESS,0.51,F,IF,,EX,VG,NONE,4.57*4.52*3.14,,69.4,76,GIA,620,INDIA,,,MINOR DETAILS OF POLISH,NO
1970599,2235823731,PRINCESS,0.51,D,VVS1,,EX,VG,FAINT,4.54*4.47*2.99,,67,75,GIA,540,INDIA,,,FEATHER,NO
1487966,2547322218,PRINCESS,0.51,F,VVS1,,EX,VG,NONE,4.56*4.53*3.21,,70.9,74,GIA,614,INDIA,,,CAVITY,NO
1665923,2235824955,PRINCESS,0.30,D,IF,,VG,GD,FAINT,3.67*3.66*2.59,,70.8,76,GIA,316,INDIA,,,MINOR DETAILS OF POLISH,NO
1734102,2547141278,PRINCESS,0.32,F,VVS1,,EX,VG,NONE,3.89*3.85*2.59,,67.1,74,GIA,314,INDIA,,,FEATHER,NO
1367424,7531808698,PRINCESS,0.30,F,VVS2,,EX,VG,NONE,3.82*3.78*2.59,,68.5,76,GIA,285,INDIA,,,"PINPOINT, SURFACE GRAINING",NO
53025,1438351385,RADIANT,1.01,J,VS2,,EX,VG,NONE,5.58*5.58*4.10,,73.5,62,GIA,1412,INDIA,,,"Crystal, Cloud, Feather, Needle",NO
53028,5436351389,RADIANT,1.20,K,VS2,,EX,EX,MED,5.87*5.83*4.37,,74.9,62,GIA,1747,INDIA,,,"Crystal, Cloud",NO
53029,6431351388,RADIANT,1.20,K,VS2,,EX,EX,NONE,5.86*5.82*4.34,,74.5,71,GIA,1852,INDIA,,,"Crystal, Cloud, Pinpoint",NO
59105,6462796291,CUSHION,1.01,J,VS1,,EX,VG,NONE,6.40*5.41*3.72,,68.7,68,GIA,1346,INDIA,,,"Feather,Pinpoint,Knot",NO
1763432,2235805270,CUSHION,5.02,H,VS1,,EX,EX,NONE,11.87*8.91*6.01,,67.4,64,GIA,92292,INDIA,,,"FEATHER, NEEDLE, PINPOINT",NO
1976849,6233823398,CUSHION,5.01,G,VS2,,EX,EX,NONE,11.47*8.83*6.14,,69.6,63,GIA,89092,INDIA,,,"CRYSTAL, NEEDLE, NATURAL",NO
1925402,1232827774,CUSHION,3.03,D,VVS2,,EX,EX,NONE,9.81*7.54*5.12,,67.9,59,GIA,54595,INDIA,,,PINPOINT,NO
1420565,5231832111,CUSHION,3.01,G,VVS2,,EX,EX,NONE,10.59*7.43*5.03,,67.7,64,GIA,46253,INDIA,,,"PINPOINT, FEATHER",NO
7328765,2547025875,CUSHION,3.01,J,VVS2,,EX,EX,NONE,9.94*7.49*5.13,,68.5,66,GIA,25714,HONG KONG,,,"FEATHER, CLOUD",NO
7532264,7536216727,CUSHION,3.01,K,VS1,,EX,EX,NONE,9.64*7.42*5.17,,69.7,63,GIA,17362,INDIA,,,"CRYSTAL, FEATHER, PINPOINT",NO
1749780,1232823608,CUSHION,3.02,I,VS2,,EX,EX,NONE,10.15*7.58*5.14,,67.8,63,GIA,31718,INDIA,,,"CRYSTAL, CLOUD, FEATHER, NEEDLE",NO
7690600,5546119038,CUSHION,2.01,E,VVS2,,EX,EX,NONE,8.4*6.46*4.49,,69.4,63,GIA,19709,HONG KONG,,,"CLOUD, FEATHER, NEEDLE",NO
7886588,1543026019,CUSHION,2.00,J,VVS2,,EX,EX,NONE,8.27*6.36*4.44,,69.8,66,GIA,7983,HONG KONG,,,"FEATHER, CLOUD, NEEDLE, PINPOINT",NO
7600424,5543026042,CUSHION,2.01,F,VS1,,EX,EX,MED,8.37*6.43*4.48,,69.7,64,GIA,15280,INDIA,,,"FEATHER, PINPOINT",NO
1907000,2235833906,CUSHION,2.01,I,VS1,,EX,EX,NONE,8.61*6.56*4.46,,67.9,64,GIA,12511,INDIA,,,FEATHER,NO
1410600,1518323869,CUSHION,2.51,J,VS1,,EX,EX,NONE,8*7.22*5.04,,69.8,64,GIA,10390,INDIA,,,"Feather, Pinpoint",NO
1173388,2235805227,CUSHION,2.00,J,VS1,,EX,EX,FAINT,8.25*6.5*4.53,,69.7,66,GIA,7158,INDIA,,,"CLOUD, PINPOINT",NO
1928907,1232821115,CUSHION,2.03,K,VS1,,EX,EX,NONE,8.5*6.53*4.56,,69.8,60,GIA,5661,INDIA,,,"FEATHER, NEEDLE",NO
7597139,6545096245,CUSHION,2.03,K,VS1,,EX,EX,NONE,8.42*6.49*4.52,,69.6,62,GIA,5866,HONG KONG,,,"FEATHER, PINPOINT",NO
7688609,2544025458,CUSHION,2.01,K,VS1,,EX,EX,NONE,8.35*6.43*4.49,,69.8,65,GIA,5538,HONG KONG,,,"CRYSTAL, FEATHER, NEEDLE",NO
3273590,5533576733,CUSHION,2.01,L,VS1,,EX,EX,NONE,8.61*6.59*4.5,,68.2,59,GIA,3862,HONG KONG,,,"CLOUD, FEATHER",NO
7467442,2537859518,CUSHION,2.01,D,VS2,,EX,EX,NONE,8.49*6.5*4.54,,69.9,64,GIA,20891,INDIA,,,"CRYSTAL, CLOUD, FEATHER",NO
1795985,6542432976,CUSHION,2.01,F,VS2,,EX,EX,NONE,8.75*6.62*4.49,,67.7,64,GIA,18437,INDIA,,,"CLOUD, CRYSTAL, FEATHER, NEEDLE",NO
1139046,2235765129,CUSHION,2.00,G,VS2,,EX,EX,NONE,8.39*6.45*4.49,,69.5,64,GIA,18054,INDIA,,,"CRYSTAL, FEATHER, CLOUD, NEEDLE",NO
1839553,2546432567,CUSHION,2.02,I,VS2,,EX,EX,NONE,8.34*6.43*4.48,,69.8,65,GIA,11504,INDIA,,,"CRYSTAL, CLOUD, FEATHER, NEEDLE",NO
1830407,2231833904,CUSHION,2.01,I,VS2,,EX,EX,NONE,7.27*7.06*4.72,,66.9,64,GIA,6889,INDIA,,,"CRYSTAL, NEEDLE",NO
1601876,1232833919,CUSHION,2.01,I,VS2,,EX,EX,NONE,8.63*6.6*4.48,,67.8,62,GIA,11954,INDIA,,,"CRYSTAL, CLOUD, FEATHER, NEEDLE",NO
1139511,1232833895,CUSHION,2.01,I,VS2,,EX,EX,NONE,8.5*6.53*4.47,,68.4,57,GIA,11853,INDIA,,,"CRYSTAL, FEATHER, NEEDLE",NO
1243737,6237852595,CUSHION,2.01,I,VS2,,EX,EX,NONE,8.44*6.5*4.54,,69.9,64,GIA,11954,INDIA,,,"CRYSTAL, FEATHER, CLOUD, NEEDLE",NO
7778628,6545320620,CUSHION,2.01,J,VS2,,EX,EX,NONE,8.39*6.43*4.61,,71.7,63,GIA,7163,HONG KONG,,,"CRYSTAL, FEATHER, NEEDLE",NO
1112296,6233833908,CUSHION,2.00,J,VS2,,VG,EX,NONE,7.09*6.95*4.85,,69.8,65,GIA,5056,INDIA,,,"CRYSTAL, FEATHER, NEEDLE",NO
1655337,6541188328,CUSHION,2.01,K,VS2,,VG,EX,STG,8.58*6.61*4.49,,67.9,62,GIA,4146,INDIA,,,"CRYSTAL, PINPOINT",NO
7370823,1545029718,CUSHION,1.70,F,VVS1,,EX,EX,NONE,8.17*6.24*4.23,,67.7,60,GIA,11714,HONG KONG,,,FEATHER,NO
1887395,5231763416,CUSHION,1.90,F,VVS2,,EX,EX,NONE,7.07*6.77*4.72,,69.7,63,GIA,12066,INDIA,,,FEATHER,NO
1313247,1232832187,CUSHION,1.80,H,VVS2,,EX,EX,NONE,6.9*6.82*4.56,,66.9,62,GIA,7536,INDIA,,,FEATHER,NO
7246376,6532927840,CUSHION,1.70,I,VVS2,,EX,EX,NONE,6.94*6.52*4.49,,68.8,65,GIA,5072,HONG KONG,,,"FEATHER, PINPOINT",NO
1249170,2231823652,CUSHION,1.71,I,VS2,,EX,EX,NONE,6.83*6.56*4.51,,68.7,64,GIA,5007,INDIA,,,FEATHER,NO
1641199,1232641232,CUSHION,1.90,K,VS2,,EX,EX,NONE,6.95*6.83*4.71,,69,61,GIA,3752,INDIA,,,"CRYSTAL, NEEDLE",NO
1937328,6542368913,CUSHION,1.71,K,VS2,,EX,EX,FAINT,8*6.15*4.28,,69.6,63,GIA,3259,INDIA,,,"CRYSTAL, FEATHER, NEEDLE",NO
1911522,2231823596,CUSHION,1.50,E,VVS1,,EX,EX,NONE,7.59*5.87*4.1,,69.8,64,GIA,9479,INDIA,,,"PINPOINT, FEATHER",NO
1237433,5232832071,CUSHION,1.52,E,VVS2,,EX,EX,NONE,7.83*6.03*4.2,,69.7,64,GIA,9380,INDIA,,,"NEEDLE, PINPOINT",NO
1126948,1236829046,CUSHION,1.51,G,VVS2,,EX,EX,NONE,7.69*5.92*4.12,,69.7,62,GIA,7780,INDIA,,,CLOUD,NO
1357705,2235832189,CUSHION,1.51,G,VVS2,,EX,EX,NONE,7.49*5.8*4.05,,69.8,65,GIA,8033,INDIA,,,"PINPOINT, FEATHER",NO
3627228,7546233245,CUSHION,1.50,G,VVS2,,EX,EX,NONE,7.72*5.9*4.09,,69.3,66,GIA,7896,HONG KONG,,,FEATHER,NO
1766337,6542431121,CUSHION,1.50,L,VVS2,,EX,EX,FAINT,7.54*5.85*4.08,,69.7,63,GIA,2207,INDIA,,,"NEEDLE, FEATHER, CLOUD, PINPOINT",NO
1237740,2235832062,CUSHION,1.51,H,VS1,,EX,EX,NONE,6.77*6.06*4.22,,69.7,65,GIA,4543,INDIA,,,"CRYSTAL, FEATHER, NEEDLE",NO
1550565,3545423792,CUSHION,1.52,D,VS2,,EX,EX,VST,7.81*6*4.18,,69.7,62,GIA,5393,INDIA,,,"FEATHER, CLOUD",NO
1623498,5231794767,CUSHION,1.50,H,VS2,,EX,EX,NONE,7.66*5.89*4.1,,69.6,62,GIA,5547,INDIA,,,"CRYSTAL, FEATHER, NEEDLE",NO
1896549,2231804495,CUSHION,1.50,I,VS2,,EX,EX,FAINT,7.62*5.87*4.06,,69.1,64,GIA,4974,INDIA,,,"CRYSTAL, CLOUD",NO
1522532,6237833935,CUSHION,1.50,K,VS2,,EX,VG,NONE,7.5*5.92*4.14,,70,60,GIA,2135,INDIA,,,"FEATHER, CRYSTAL, CLOUD, NEEDLE",NO
1411321,6237820852,CUSHION,1.50,L,VS2,,EX,EX,FAINT,6.54*6.53*4.45,,68.1,58,GIA,1714,INDIA,,,"CRYSTAL, NEEDLE",NO
1467614,2233739192,CUSHION,1.26,L,IF,,EX,EX,NONE,7.16*5.51*3.85,,69.9,63,GIA,1535,INDIA,,,,NO
1731809,1548430731,CUSHION,1.20,I,VVS1,,EX,EX,FAINT,7.24*5.53*3.75,,67.9,63,GIA,2720,INDIA,,,FEATHER,NO
1205726,2231794701,CUSHION,1.32,D,VVS2,,EX,EX,VST,7.31*5.63*3.93,,69.8,62,GIA,3933,INDIA,,,"FEATHER, NEEDLE",NO
1217533,2235773540,CUSHION,1.31,I,VVS2,,EX,EX,FAINT,7.3*5.6*3.91,,69.7,64,GIA,2896,INDIA,,,"PINPOINT, FEATHER, CLOUD",NO
1587499,5231841530,CUSHION,1.20,I,VVS2,,EX,EX,NONE,6.96*5.36*3.74,,69.8,64,GIA,2653,INDIA,,,"PINPOINT, FEATHER, INDENTED NATURAL, NATURAL",NO
1108096,1232832079,CUSHION,1.24,G,VS1,,EX,EX,NONE,7.37*5.63*3.82,,67.8,62,GIA,3900,INDIA,,,"CRYSTAL, PINPOINT",NO
1936910,2231832190,CUSHION,1.21,H,VS1,,EX,EX,NONE,7.1*5.46*3.8,,69.6,64,GIA,3273,INDIA,,,"CRYSTAL, FEATHER, NEEDLE, PINPOINT",NO
1205829,2537450709,CUSHION,1.20,S-T,VS1,,EX,VG,NONE,5.75*5.62*3.88,,69,63,GIA,1075,INDIA,,,"FEATHER, PINPOINT",NO
1589808,7541431022,CUSHION,1.30,F,VS2,,EX,EX,FAINT,7.26*5.58*3.89,,69.7,63,GIA,4010,INDIA,,,"CRYSTAL, NEEDLE",NO
1845002,1232829044,CUSHION,1.20,F,VS2,,EX,EX,NONE,6.21*5.75*3.97,,69.1,62,GIA,1988,INDIA,,,"CRYSTAL, FEATHER, CLOUD, NEEDLE",NO
1355345,2235827890,CUSHION,1.20,F,VS2,,EX,EX,NONE,6.07*6.06*4.05,,66.7,64,GIA,2022,INDIA,,,"CRYSTAL, CLOUD, FEATHER, NEEDLE",NO
1425775,2235820873,CUSHION,1.20,G,VS2,,EX,EX,NONE,5.95*5.94*4.13,,69.6,62,GIA,1839,INDIA,,,"CRYSTAL, FEATHER, NEEDLE, INDENTED NATURAL, NATURAL",NO
1455830,2235833923,CUSHION,1.21,I,VS2,,EX,EX,NONE,7.11*5.47*3.82,,69.8,63,GIA,2382,INDIA,,,"CRYSTAL, FEATHER, NEEDLE",NO
1959553,6541380161,CUSHION,1.21,K,VS2,,EX,EX,NONE,7.14*5.48*3.82,,69.7,65,GIA,1388,INDIA,,,"CRYSTAL, NEEDLE, CLOUD, INDENTED NATURAL",NO
1578401,2231841438,CUSHION,1.00,G,IF,,EX,EX,NONE,5.76*5.56*3.82,,68.8,65,GIA,1996,INDIA,,,,NO
1262024,2235832219,CUSHION,1.03,G,VVS1,,EX,VG,FAINT,5.94*5.73*3.81,,66.5,61,GIA,1717,INDIA,,,"PINPOINT, FEATHER",NO
1944484,6233832113,CUSHION,1.01,G,VVS1,,EX,EX,NONE,6.67*5.12*3.57,,69.8,62,GIA,2069,INDIA,,,"PINPOINT, FEATHER",NO
1523652,2547434854,CUSHION,1.01,H,VVS1,,EX,EX,NONE,6.54*5.16*3.6,,69.9,62,GIA,1647,INDIA,,,"FEATHER, NATURAL",NO
1495007,1232834461,CUSHION,1.00,D,VVS2,,EX,EX,NONE,5.85*5.52*3.8,,68.9,62,GIA,2383,INDIA,,,"NEEDLE, PINPOINT, FEATHER",NO
1678460,2546430290,CUSHION,1.01,E,VVS2,,EX,EX,NONE,5.94*5.45*3.75,,68.8,64,GIA,2146,INDIA,,,"CLOUD, NEEDLE, FEATHER",NO
1573093,2235841545,CUSHION,1.01,H,VVS2,,EX,EX,NONE,5.84*5.7*3.81,,66.7,62,GIA,1358,INDIA,,,"NEEDLE, CLOUD, FEATHER, PINPOINT",NO
1384641,1232833899,CUSHION,1.00,H,VVS2,,EX,EX,NONE,6.65*5.22*3.59,,68.8,66,GIA,1345,INDIA,,,"FEATHER, CLOUD",NO
1820291,6541430403,CUSHION,1.01,D,VS1,,EX,EX,NONE,5.89*5.59*3.73,,66.7,62,GIA,2084,INDIA,,,"FEATHER, PINPOINT",NO
1240651,5546434801,CUSHION,1.00,E,VS1,,EX,EX,FAINT,5.67*5.5*3.84,,69.8,61,GIA,1736,INDIA,,,"CRYSTAL, FEATHER",NO
1168388,2235832035,CUSHION,1.02,F,VS1,,EX,EX,NONE,5.94*5.67*3.77,,66.4,62,GIA,1822,INDIA,,,"FEATHER, PINPOINT",NO
1664642,2235834124,CUSHION,1.02,G,VS1,,EX,EX,NONE,5.68*5.65*3.83,,67.9,63,GIA,1727,INDIA,,,"CLOUD, NEEDLE, INDENTED NATURAL",NO
1922823,7546431242,CUSHION,1.01,G,VS1,,EX,EX,FAINT,5.8*5.62*3.79,,67.4,65,GIA,1497,INDIA,,,"CRYSTAL, NEEDLE, PINPOINT",NO
1686149,6545386599,CUSHION,1.01,G,VS1,,EX,EX,NONE,5.64*5.63*3.87,,68.8,61,GIA,1680,INDIA,,,"CLOUD, CRYSTAL, FEATHER",NO
1616136,7543430302,CUSHION,1.02,H,VS1,,EX,EX,NONE,5.79*5.64*3.77,,66.7,62,GIA,1419,INDIA,,,"CLOUD, CRYSTAL, FEATHER, NEEDLE",NO
1537075,2547431179,CUSHION,1.01,H,VS1,,EX,EX,NONE,6.64*5.11*3.55,,69.5,64,GIA,1275,INDIA,,,"CRYSTAL, FEATHER, NEEDLE",NO
1133983,2231820924,CUSHION,1.01,H,VS1,,EX,EX,NONE,5.67*5.66*3.83,,67.7,65,GIA,1275,INDIA,,,"CRYSTAL, FEATHER, NEEDLE",NO
1404386,5546430722,CUSHION,1.01,H,VS1,,EX,EX,NONE,5.98*5.44*3.75,,69,63,GIA,1275,INDIA,,,CRYSTAL,NO
1492401,5232832291,CUSHION,1.00,H,VS1,,EX,VG,NONE,5.92*5.36*3.7,,68.9,63,GIA,1236,INDIA,,,"CRYSTAL, CLOUD, FEATHER, NEEDLE",NO
1472970,7546430268,CUSHION,1.01,I,VS1,,EX,EX,NONE,5.58*5.58*3.84,,68.9,65,GIA,1109,INDIA,,,"FEATHER, NEEDLE, PINPOINT",NO
1207319,6542386435,CUSHION,1.00,I,VS1,,EX,EX,NONE,5.64*5.63*3.86,,68.6,64,GIA,1098,INDIA,,,"CRYSTAL, CLOUD, FEATHER, PINPOINT, NATURAL",NO
1331489,2235805294,CUSHION,1.00,I,VS1,,EX,EX,FAINT,6*5.43*3.74,,68.9,65,GIA,1070,INDIA,,,"CRYSTAL, FEATHER, NEEDLE",NO
1361347,6542185840,CUSHION,1.00,I,VS1,,EX,EX,NONE,5.7*5.57*3.83,,68.8,61,GIA,1098,INDIA,,,"CLOUD, FEATHER, NEEDLE, NATURAL",NO
1131245,1549159360,CUSHION,1.00,I,VS1,,EX,EX,NONE,5.64*5.57*3.82,,68.6,61,GIA,1101,INDIA,,,"CLOUD, FEATHER",NO
1769004,2231827954,CUSHION,1.00,K,VS1,,EX,EX,NONE,6.56*5.05*3.52,,69.7,65,GIA,833,INDIA,,,FEATHER,NO
1480905,6233828046,CUSHION,1.00,F,VS2,,EX,EX,FAINT,5.76*5.5*3.81,,69.2,64,GIA,1457,INDIA,,,"CRYSTAL, CLOUD",NO
1710873,6233829076,CUSHION,1.16,G,VS2,,EX,VG,STG,7.06*5.41*3.78,,70,61,GIA,1317,INDIA,,,"CRYSTAL, CLOUD, NEEDLE",NO
1427743,6237841360,CUSHION,1.01,G,VS2,,EX,EX,NONE,5.73*5.73*3.77,,65.9,65,GIA,1493,INDIA,,,CRYSTAL,NO
1714770,1232827766,CUSHION,1.01,G,VS2,,EX,EX,NONE,5.87*5.61*3.73,,66.4,62,GIA,1303,INDIA,,,"CRYSTAL, CLOUD, NEEDLE, INDENTED NATURAL",NO
1710095,1549431203,CUSHION,1.01,G,VS2,,EX,EX,FAINT,5.85*5.47*3.77,,68.9,64,GIA,1412,INDIA,,,"FEATHER, NEEDLE",NO
1699823,1236832123,CUSHION,1.01,G,VS2,,EX,EX,NONE,6.01*5.46*3.77,,68.9,65,GIA,1466,INDIA,,,"CRYSTAL, CLOUD, FEATHER, NEEDLE",NO
1338480,7546380415,CUSHION,1.01,H,VS2,,EX,EX,NONE,6.92*5.31*3.55,,66.9,64,GIA,1259,INDIA,,,"CRYSTAL, FEATHER, NEEDLE",NO
1238922,2233794698,CUSHION,1.01,H,VS2,,EX,EX,FAINT,6.02*5.49*3.77,,68.7,60,GIA,1116,INDIA,,,"CRYSTAL, CLOUD, NEEDLE",NO
1758393,5543184376,CUSHION,1.05,I,VS2,,EX,EX,NONE,6.08*5.56*3.8,,68.3,65,GIA,1154,INDIA,,,"CRYSTAL, CLOUD, NEEDLE",NO
1514613,2546379880,CUSHION,1.04,K,VS2,,VG,GD,MED,6.93*5.58*3.82,,68.5,54,GIA,843,INDIA,,,"FEATHER, PINPOINT, NATURAL",NO
1666065,6512466756,CUSHION,0.90,I,IF,,EX,EX,NONE,6.75*5.01*3.42,,68.3,59,GIA,1075,INDIA,,,Minor Details of Polish,NO
1311381,1236820901,CUSHION,0.90,G,VVS1,,EX,EX,NONE,6.6*4.96*3.47,,69.8,59,GIA,1457,INDIA,,,"PINPOINT, FEATHER",NO
1595681,6237828160,CUSHION,0.90,F,VS1,,EX,EX,FAINT,6.61*4.92*3.43,,69.8,66,GIA,1159,INDIA,,,"CRYSTAL, PINPOINT",NO
1168346,3505819292,CUSHION,0.70,D,VVS1,,EX,VG,STG,6.63*4.5*3.09,,68.8,65,GIA,775,INDIA,,,Feather,NO
1477064,2235775942,CUSHION,0.70,H,VS1,,EX,EX,NONE,6.15*4.7*3.18,,67.5,64,GIA,626,INDIA,,,FEATHER,NO
7492111,6237478383,CUSHION,7.02,Y-Z,VS1,,EX,EX,FAINT,10.83*9.88*6.9,,69.9,60,GIA,32550,INDIA,,,"Crystal, Feather, Pinpoint",NO
7317522,2546210956,CUSHION,7.55,W-X,VS2,,EX,VG,NONE,10.55*10.55*7.27,,68.9,59,GIA,40166,HONG KONG,,,"CRYSTAL, FEATHER, CLOUD",NO
7398104,5526325204,CUSHION,5.58,U-V,VVS2,,EX,EX,NONE,9.8*9.43*6.49,,68.8,62,GIA,19686,HONG KONG,,,"FEATHER, PINPOINT",NO
1639803,6532483203,CUSHION,4.01,U-V,VS1,,EX,EX,MED,8.5*8.44*5.9,,69.9,64,GIA,9656,INDIA,,,NEEDLE,NO
1665593,3545034762,CUSHION,3.03,U-V,VVS1,,EX,EX,NONE,7.77*7.71*5.3,,68.7,59,GIA,6448,INDIA,,,"CLOUD, FEATHER",NO
7431686,7538626900,CUSHION,3.41,Y-Z,VVS1,,EX,VG,NONE,8.11*8.05*5.52,,68.6,62,GIA,10694,HONG KONG,,,FEATHER,NO
2126536,1547177162,CUSHION,3.03,H,VS1,,EX,EX,NONE,10.34*7.38*5.09,,69,65,GIA,41690,INDIA,,,"CRYSTAL, FEATHER, PINPOINT",NO
1787401,6532638720,CUSHION,3.01,U-V,VS2,,EX,VG,NONE,8.66*7.38*5.13,,69.5,59,GIA,5394,INDIA,,,"FEATHER, CRYSTAL, NEEDLE",NO
1724323,2547159406,CUSHION,3.22,W-X,VS2,,EX,EX,STG,8.08*7.99*5.36,,67,61,GIA,6455,INDIA,,,"CRYSTAL, PINPOINT",NO
7718510,5533917489,CUSHION,2.41,U-V,IF,,EX,EX,NONE,7.21*7.19*4.96,,69,61,GIA,3374,INDIA,,,,NO
7048548,7533688080,CUSHION,2.01,Y-Z,VVS2,,VG,VG,NONE,6.76*6.71*4.68,,69.8,61,GIA,3332,INDIA,,,"FEATHER, INDENTED NATURAL, EXTRA FACET",NO
7199566,7533804360,CUSHION,2.80,U-V,VS1,,EX,VG,NONE,8.41*7.13*4.95,,69.4,62,GIA,4516,HONG KONG,,,"CRYSTAL, PINPOINT, CLOUD",NO
1816838,1529859727,CUSHION,2.02,U-V,VS1,,EX,GD,STG,7.2*6.95*4.66,,67,52,GIA,2104,INDIA,,,"FEATHER, CAVITY, EXTRA FACET",NO
1445943,1535109006,CUSHION,2.04,W-X,VS1,,EX,VG,MED,7.41*6.49*4.53,,69.8,60,GIA,2787,INDIA,,,"CRYSTAL, CLOUD, FEATHER, NEEDLE, EXTRA FACET",NO
1206453,7538638478,CUSHION,2.51,Y-Z,VS1,,EX,VG,FAINT,7.28*7.26*5.07,,69.8,64,GIA,4076,INDIA,,,"CRYSTAL, FEATHER, PINPOINT",NO
7071833,2547151367,CUSHION,2.00,Y-Z,VS1,,EX,EX,FAINT,6.94*6.56*4.59,,69.9,61,GIA,3338,INDIA,,,"FEATHER, CLOUD, PINPOINT",NO
7811722,6532804192,CUSHION,2.05,W-X,VS2,,EX,VG,FAINT,7.02*6.7*4.66,,69.6,59,GIA,3444,HONG KONG,,,"CRYSTAL, NEEDLE, FEATHER, CLOUD",NO
1419790,5232509075,CUSHION,2.04,Y-Z,VS2,,VG,VG,FAINT,6.9*6.77*4.66,,68.9,60,GIA,3039,INDIA,,,"Crystal, Feather, Cloud, Needle, Natural",NO
1643257,7548034727,CUSHION,2.02,Y-Z,VS2,,EX,VG,NONE,6.82*6.8*4.75,,69.9,62,GIA,3235,INDIA,,,"FEATHER, CRYSTAL, CLOUD, NEEDLE, INDENTED NATURAL",NO
7043542,6545151364,CUSHION,2.00,Y-Z,VS2,,VG,VG,MED,6.79*6.69*4.67,,69.9,61,GIA,3024,INDIA,,,"CRYSTAL, FEATHER, CLOUD, NEEDLE",NO
1297019,2235480153,CUSHION,2.00,Y-Z,VS2,,VG,VG,NONE,6.99*6.68*4.67,,69.9,63,GIA,3091,INDIA,,,"Cloud, Crystal, Needle",NO
1450709,2534851836,CUSHION,1.55,U-V,VVS1,,EX,VG,STG,6.23*6.21*4.27,,68.8,62,GIA,1389,INDIA,,,"CLOUD, FEATHER",NO
1657088,6531532350,CUSHION,1.50,W-X,VVS1,,VG,VG,NONE,6.89*5.86*4.08,,69.7,58,GIA,1915,INDIA,,,"PINPOINT, FEATHER",NO
7349595,2235813396,CUSHION,1.50,W-X,VVS2,,EX,VG,STG,6.13*6.11*4.25,,69.4,59,GIA,1613,INDIA,,,PINPOINT,NO
1574384,6535532150,CUSHION,1.31,U-V,IF,,VG,VG,NONE,5.99*5.82*4.03,,69.2,61,GIA,1203,INDIA,,,,NO
1956311,1538273430,CUSHION,1.34,Y-Z,IF,,EX,EX,NONE,6.74*5.59*3.85,,68.8,60,GIA,1606,INDIA,,,,NO
1657744,2536572604,CUSHION,1.21,W-X,VVS1,,VG,VG,NONE,6.47*5.39*3.78,,70.1,60,GIA,1369,INDIA,,,"NEEDLE, CLOUD, PINPOINT, FEATHER",NO
1595214,6535852025,CUSHION,1.30,U-V,VVS2,,VG,EX,FAINT,6.66*5.53*3.85,,69.6,58,GIA,1325,INDIA,,,"PINPOINT, FEATHER",NO
1871972,7532155263,CUSHION,1.26,W-X,VVS2,,EX,EX,FAINT,5.82*5.79*3.94,,68.1,61,GIA,1284,INDIA,,,"NEEDLE, FEATHER",NO
1289149,2537350936,CUSHION,1.31,Y-Z,VVS2,,EX,VG,NONE,6.84*5.46*3.75,,68.8,64,GIA,1570,INDIA,,,CLOUD,NO
1192114,6531705851,CUSHION,1.21,W-X,VS2,,EX,EX,FAINT,6.4*5.4*3.78,,70,59,GIA,1165,INDIA,,,"CRYSTAL, NEEDLE",NO
7725454,2235813449,CUSHION,1.30,Y-Z,VS2,,VG,VG,MED,5.89*5.88*4.04,,68.6,62,GIA,1310,INDIA,,,"CRYSTAL, CLOUD, FEATHER",NO
1594498,1533639570,CUSHION,1.22,Y-Z,VS2,,EX,VG,MED,6.65*5.33*3.71,,69.6,62,GIA,1366,INDIA,,,"CRYSTAL, FEATHER, PINPOINT",NO
1912938,7532572364,CUSHION,1.01,U-V,VVS2,,EX,EX,NONE,5.36*5.35*3.72,,69.5,64,GIA,871,INDIA,,,"FEATHER, PINPOINT",NO
1261205,3535852110,CUSHION,1.01,U-V,VVS2,,EX,VG,FAINT,6.13*5.1*3.53,,69.3,60,GIA,1018,INDIA,,,"CLOUD, PINPOINT, FEATHER, CAVITY",NO
1293859,6532450569,CUSHION,1.15,Y-Z,VVS2,,VG,VG,NONE,6.41*5.34*3.64,,68.2,62,GIA,1275,INDIA,,,FEATHER,NO
1720627,5543150946,CUSHION,1.01,Y-Z,VVS2,,EX,VG,MED,6.14*5.07*3.55,,69.9,61,GIA,1176,INDIA,,,"PINPOINT, INDENTED NATURAL",NO
1742304,5231813428,CUSHION,1.01,Y-Z,VVS2,,VG,VG,FAINT,6.45*5.38*3.3,,61.4,64,GIA,1176,INDIA,,,FEATHER,NO
1153485,6531350866,CUSHION,1.00,Y-Z,VVS2,,EX,GD,NONE,6.03*5.11*3.57,,70,61,GIA,1176,INDIA,,,"PINPOINT, FEATHER",NO
1817895,2538572514,CUSHION,1.01,U-V,VS1,,EX,EX,NONE,6.41*5.02*3.51,,69.9,61,GIA,939,INDIA,,,"FEATHER, CLOUD",NO
1897993,6531532309,CUSHION,1.05,Y-Z,VS1,,EX,VG,NONE,6.33*5.05*3.53,,69.8,60,GIA,1364,INDIA,,,"CRYSTAL, FEATHER, CLOUD",NO
1446169,6532705921,CUSHION,1.10,W-X,VS2,,EX,EX,MED,6.32*5.26*3.62,,68.8,58,GIA,1195,INDIA,,,CRYSTAL,NO
1510438,1539572576,CUSHION,1.02,W-X,VS2,,EX,VG,FAINT,6.2*5.06*3.52,,69.6,60,GIA,1222,INDIA,,,"CRYSTAL, PINPOINT",NO
1817146,7531532187,CUSHION,1.01,W-X,VS2,,EX,VG,NONE,6.2*4.98*3.48,,69.9,61,GIA,1052,INDIA,,,"CRYSTAL, NEEDLE",NO
1908344,6532851961,CUSHION,1.02,Y-Z,VS2,,VG,VG,FAINT,6.28*5.09*3.48,,68.3,60,GIA,1051,INDIA,,,"CRYSTAL, FEATHER, NEEDLE",NO
1333620,1537851979,CUSHION,1.01,Y-Z,VS2,,VG,EX,NONE,6.06*5.06*3.5,,69.2,58,GIA,1029,INDIA,,,"CRYSTAL, CLOUD, NEEDLE",NO
